CODIGO_MESA,DESCRIPCION,CODIGO_PAIS,NOMBRE_PAIS,CODIGO_DEPARTAMENTO,NOMBRE_DEPARTAMENTO,CODIGO_PROVINCIA,NOMBRE_PROVINCIA,CODIGO_SECCION,NOMBRE_MUNICIPIO,CODIGO_LOCALIDAD,NOMBRE_LOCALIDAD,CODIGO_RECINTO,NOMBRE_RECINTO,NUMERO_MESA,INSCRITOS_HABILITADOS,CID,FPV,MAS-IPSP,MDA,MTS,P.S.T.,PAN-BOL,PASO,VIDA,VOTO_VALIDO,VOTO_BLANCO,VOTO_NULO,VOTO_EMITIDO,VOTO_VALIDO_SISTEMA,VOTO_EMITIDO_SISTEMA
9000062,GOBERNADOR(A),32,Bolivia,9,Pando,1,Nicolás Suárez,1,Cobija,2773,Cobija,5,U. E.  America,1,220,39,0,64,0,74,0,0,5,2,184,1,4,189,184,189
9000142,GOBERNADOR(A),32,Bolivia,9,Pando,1,Nicolás Suárez,1,Cobija,2773,Cobija,8,U.E. Mariano Baptista,6,69,7,0,22,0,22,0,0,0,2,53,1,2,56,53,56
9000162,GOBERNADOR(A),32,Bolivia,9,Pando,1,Nicolás Suárez,1,Cobija,2773,Cobija,23,U. E. Vaca Diez (Intermedio),2,220,16,0,68,0,48,2,0,4,3,141,2,2,145,141,145
9000172,GOBERNADOR(A),32,Bolivia,9,Pando,1,Nicolás Suárez,1,Cobija,2773,Cobija,23,U. E. Vaca Diez (Intermedio),3,220,13,0,68,0,52,1,0,2,5,141,1,7,149,141,149
9000182,GOBERNADOR(A),32,Bolivia,9,Pando,1,Nicolás Suárez,1,Cobija,2773,Cobija,23,U. E. Vaca Diez (Intermedio),4,220,29,0,44,0,63,1,0,3,1,141,1,1,143,141,143
9000192,GOBERNADOR(A),32,Bolivia,9,Pando,1,Nicolás Suárez,1,Cobija,2773,Cobija,23,U. E. Vaca Diez (Intermedio),5,147,17,0,50,0,33,0,0,3,1,104,0,4,108,104,108
9000212,GOBERNADOR(A),32,Bolivia,9,Pando,1,Nicolás Suárez,1,Cobija,2773,Cobija,25028,U. E. Cobija,2,220,18,0,67,0,68,1,0,3,6,163,4,9,176,163,176
9000302,GOBERNADOR(A),32,Bolivia,9,Pando,1,Nicolás Suárez,1,Cobija,2773,Cobija,25028,U. E. Cobija,11,220,13,0,76,0,68,0,0,3,1,161,2,3,166,161,166
9000312,GOBERNADOR(A),32,Bolivia,9,Pando,1,Nicolás Suárez,1,Cobija,2773,Cobija,25028,U. E. Cobija,12,220,25,0,55,0,72,2,0,2,3,159,5,5,169,159,169
9000322,GOBERNADOR(A),32,Bolivia,9,Pando,1,Nicolás Suárez,1,Cobija,2773,Cobija,25028,U. E. Cobija,13,220,25,0,66,0,68,2,0,4,2,167,2,4,173,167,173
9000362,GOBERNADOR(A),32,Bolivia,9,Pando,1,Nicolás Suárez,1,Cobija,2773,Cobija,25034,U. E. Juana Azurduy De Padilla,2,220,19,0,49,0,87,2,0,9,6,172,5,7,184,172,184
9000372,GOBERNADOR(A),32,Bolivia,9,Pando,1,Nicolás Suárez,1,Cobija,2773,Cobija,25034,U. E. Juana Azurduy De Padilla,3,220,27,0,56,0,76,0,0,6,4,169,1,3,173,169,173
9000382,GOBERNADOR(A),32,Bolivia,9,Pando,1,Nicolás Suárez,1,Cobija,2773,Cobija,25034,U. E. Juana Azurduy De Padilla,4,91,11,0,31,0,28,1,0,2,0,73,3,0,76,73,76
9000432,GOBERNADOR(A),32,Bolivia,9,Pando,1,Nicolás Suárez,1,Cobija,2773,Cobija,11,U. E. 11 de Octubre,5,220,15,0,74,0,80,1,0,1,3,174,6,3,183,174,183
9000462,GOBERNADOR(A),32,Bolivia,9,Pando,1,Nicolás Suárez,1,Cobija,2773,Cobija,11,U. E. 11 de Octubre,8,220,20,0,63,0,64,3,0,0,5,155,3,7,165,155,165
9000472,GOBERNADOR(A),32,Bolivia,9,Pando,1,Nicolás Suárez,1,Cobija,2773,Cobija,11,U. E. 11 de Octubre,9,220,22,0,66,0,78,0,0,2,2,170,5,6,181,170,181
9000492,GOBERNADOR(A),32,Bolivia,9,Pando,1,Nicolás Suárez,1,Cobija,2773,Cobija,11,U. E. 11 de Octubre,11,220,16,0,70,0,88,1,0,3,2,180,5,2,187,180,187
9000562,GOBERNADOR(A),32,Bolivia,9,Pando,1,Nicolás Suárez,1,Cobija,2773,Cobija,25029,U. E. Mariscal Sucre,6,220,11,0,70,0,70,2,0,1,2,156,6,6,168,156,168
9000612,GOBERNADOR(A),32,Bolivia,9,Pando,1,Nicolás Suárez,1,Cobija,2773,Cobija,25029,U. E. Mariscal Sucre,11,220,15,0,69,0,73,7,0,5,1,170,6,4,180,170,180
9000642,GOBERNADOR(A),32,Bolivia,9,Pando,1,Nicolás Suárez,1,Cobija,2773,Cobija,25031,U. E. Rogelia Menacho De Balcazar,2,220,16,0,79,0,85,2,0,0,2,184,3,6,193,184,193
9000652,GOBERNADOR(A),32,Bolivia,9,Pando,1,Nicolás Suárez,1,Cobija,2773,Cobija,25031,U. E. Rogelia Menacho De Balcazar,3,220,22,0,67,0,77,2,0,4,2,174,6,4,184,174,184
9000782,GOBERNADOR(A),32,Bolivia,9,Pando,1,Nicolás Suárez,1,Cobija,2773,Cobija,25032,U. E. José Manuel Pando,8,220,11,0,77,0,70,1,0,8,7,174,5,6,185,174,185
9000842,GOBERNADOR(A),32,Bolivia,9,Pando,1,Nicolás Suárez,1,Cobija,2773,Cobija,25032,U. E. José Manuel Pando,14,215,13,0,71,0,85,0,0,4,5,178,6,4,188,178,188
9000922,GOBERNADOR(A),32,Bolivia,9,Pando,1,Nicolás Suárez,1,Cobija,2773,Cobija,25035,U.E. Defensores Del Acre,8,220,22,0,57,0,83,1,0,4,2,169,4,8,181,169,181
9000942,GOBERNADOR(A),32,Bolivia,9,Pando,1,Nicolás Suárez,1,Cobija,2773,Cobija,25035,U.E. Defensores Del Acre,10,220,26,0,72,0,74,0,0,1,4,177,8,1,186,177,186
9000952,GOBERNADOR(A),32,Bolivia,9,Pando,1,Nicolás Suárez,1,Cobija,2773,Cobija,25035,U.E. Defensores Del Acre,11,220,17,0,58,0,91,1,0,4,1,172,10,6,188,172,188
9000972,GOBERNADOR(A),32,Bolivia,9,Pando,1,Nicolás Suárez,1,Cobija,2773,Cobija,12,U.E. German Busch,1,220,23,0,53,0,82,1,0,6,3,168,12,3,183,168,183
9000992,GOBERNADOR(A),32,Bolivia,9,Pando,1,Nicolás Suárez,1,Cobija,2773,Cobija,12,U.E. German Busch,3,220,26,0,62,0,60,2,0,4,5,159,8,5,172,159,172
9001022,GOBERNADOR(A),32,Bolivia,9,Pando,1,Nicolás Suárez,1,Cobija,2773,Cobija,13,(Cárcel) Cárcel Pública (Villa Busch),1,220,6,0,112,0,35,1,0,4,0,158,10,3,171,158,171
9001032,GOBERNADOR(A),32,Bolivia,9,Pando,1,Nicolás Suárez,1,Cobija,2773,Cobija,13,(Cárcel) Cárcel Pública (Villa Busch),2,105,2,0,60,0,12,0,0,2,1,77,5,2,84,77,84
9001052,GOBERNADOR(A),32,Bolivia,9,Pando,1,Nicolás Suárez,1,Cobija,2773,Cobija,14,U.E. De Bella Vista,2,220,18,0,79,0,72,2,0,2,2,175,6,2,183,175,183
9001072,GOBERNADOR(A),32,Bolivia,9,Pando,1,Nicolás Suárez,1,Cobija,2773,Cobija,14,U.E. De Bella Vista,4,220,11,0,84,0,75,1,0,3,3,177,10,2,189,177,189
9001102,GOBERNADOR(A),32,Bolivia,9,Pando,1,Nicolás Suárez,1,Cobija,2773,Cobija,26074,U. E. Abaroa,1,55,8,0,18,0,23,0,0,4,0,53,1,1,55,53,55
9001112,GOBERNADOR(A),32,Bolivia,9,Pando,1,Nicolás Suárez,1,Cobija,2773,Cobija,26076,U. E. Juan Evo Morales Ayma,1,220,22,0,81,0,72,1,0,3,6,185,5,10,200,185,200
9001122,GOBERNADOR(A),32,Bolivia,9,Pando,1,Nicolás Suárez,1,Cobija,2773,Cobija,26076,U. E. Juan Evo Morales Ayma,2,97,7,0,34,0,38,0,0,1,1,81,2,4,87,81,87
9001142,GOBERNADOR(A),32,Bolivia,9,Pando,1,Nicolás Suárez,1,Cobija,2773,Cobija,26077,U. E. Marcelo Quiroga Santa Cruz,2,145,6,0,45,0,57,5,0,4,3,120,4,5,129,120,129
9001152,GOBERNADOR(A),32,Bolivia,9,Pando,1,Nicolás Suárez,1,Cobija,2773,Cobija,26078,U. E. Alfredo Ovando Candia,1,220,8,0,37,0,41,1,0,2,2,91,2,3,96,91,96
9001162,GOBERNADOR(A),32,Bolivia,9,Pando,1,Nicolás Suárez,1,Cobija,2773,Cobija,26078,U. E. Alfredo Ovando Candia,2,220,11,0,30,0,42,2,0,0,4,89,3,2,94,89,94
9001172,GOBERNADOR(A),32,Bolivia,9,Pando,1,Nicolás Suárez,1,Cobija,2773,Cobija,26078,U. E. Alfredo Ovando Candia,3,164,6,0,20,0,36,0,0,0,1,63,1,1,65,63,65
9001202,GOBERNADOR(A),32,Bolivia,9,Pando,1,Nicolás Suárez,1,Cobija,2773,Cobija,25036,U. E. Vaca Diez (Medio),2,220,22,0,62,0,63,3,0,2,5,157,6,8,171,157,171
9001212,GOBERNADOR(A),32,Bolivia,9,Pando,1,Nicolás Suárez,1,Cobija,2773,Cobija,25036,U. E. Vaca Diez (Medio),3,220,14,0,64,0,85,0,0,4,4,171,4,5,180,171,180
9001242,GOBERNADOR(A),32,Bolivia,9,Pando,1,Nicolás Suárez,1,Cobija,2773,Cobija,25036,U. E. Vaca Diez (Medio),6,220,17,0,70,0,70,2,0,2,3,164,8,2,174,164,174
9001252,GOBERNADOR(A),32,Bolivia,9,Pando,1,Nicolás Suárez,1,Cobija,2773,Cobija,25036,U. E. Vaca Diez (Medio),7,220,22,0,52,0,88,1,0,7,6,176,6,1,183,176,183
9001292,GOBERNADOR(A),32,Bolivia,9,Pando,1,Nicolás Suárez,1,Cobija,2773,Cobija,25036,U. E. Vaca Diez (Medio),11,80,5,0,20,0,29,1,0,1,0,56,3,5,64,56,64
9001302,GOBERNADOR(A),32,Bolivia,9,Pando,1,Nicolás Suárez,1,Cobija,2773,Cobija,25037,Kínder Víctor León Arueta,1,220,31,0,60,0,73,2,0,4,3,173,2,3,178,173,178
9001312,GOBERNADOR(A),32,Bolivia,9,Pando,1,Nicolás Suárez,1,Cobija,2773,Cobija,25037,Kínder Víctor León Arueta,2,39,3,0,16,0,11,0,0,0,1,31,2,1,34,31,34
9001322,GOBERNADOR(A),32,Bolivia,9,Pando,1,Nicolás Suárez,1,Cobija,2773,Cobija,25042,U.E. Villa Cruz,1,121,10,0,29,0,41,0,0,0,0,80,4,2,86,80,86
9001332,GOBERNADOR(A),32,Bolivia,9,Pando,1,Nicolás Suárez,1,Cobija,2773,Cobija,32002,INCOS Pando (Temporal),1,220,21,0,64,0,83,0,0,5,4,177,8,2,187,177,187
9001342,GOBERNADOR(A),32,Bolivia,9,Pando,1,Nicolás Suárez,1,Cobija,2773,Cobija,32002,INCOS Pando (Temporal),2,220,13,0,61,0,88,1,0,2,2,167,4,7,178,167,178
9001352,GOBERNADOR(A),32,Bolivia,9,Pando,1,Nicolás Suárez,1,Cobija,2773,Cobija,32002,INCOS Pando (Temporal),3,220,23,0,55,0,78,1,0,2,7,166,1,7,174,166,174
9001372,GOBERNADOR(A),32,Bolivia,9,Pando,1,Nicolás Suárez,1,Cobija,2773,Cobija,32002,INCOS Pando (Temporal),5,220,25,0,68,0,71,0,0,2,5,171,3,6,180,171,180
9001382,GOBERNADOR(A),32,Bolivia,9,Pando,1,Nicolás Suárez,1,Cobija,2773,Cobija,32002,INCOS Pando (Temporal),6,220,19,0,56,0,91,1,0,3,1,171,3,11,185,171,185
9001392,GOBERNADOR(A),32,Bolivia,9,Pando,1,Nicolás Suárez,1,Cobija,2773,Cobija,32002,INCOS Pando (Temporal),7,220,20,0,69,0,74,2,0,6,5,176,6,5,187,176,187
9001442,GOBERNADOR(A),32,Bolivia,9,Pando,1,Nicolás Suárez,1,Cobija,2773,Cobija,25033,U. E. Sofia Calpiñeiro,4,220,20,0,70,0,65,1,0,1,4,161,7,3,171,161,171
9001512,GOBERNADOR(A),32,Bolivia,9,Pando,1,Nicolás Suárez,1,Cobija,2773,Cobija,25938,U.E. Héroes de la Distancia,5,215,22,0,61,0,67,0,0,2,4,156,5,6,167,156,167
9001532,GOBERNADOR(A),32,Bolivia,9,Pando,1,Nicolás Suárez,1,Cobija,2773,Cobija,25040,U. E. Manuela Rojas,2,220,18,0,68,0,88,4,0,3,1,182,10,1,193,182,193
9001572,GOBERNADOR(A),32,Bolivia,9,Pando,1,Nicolás Suárez,1,Cobija,2773,Cobija,25040,U. E. Manuela Rojas,6,220,14,0,63,0,89,1,0,0,1,168,11,4,183,168,183
9001592,GOBERNADOR(A),32,Bolivia,9,Pando,1,Nicolás Suárez,1,Cobija,2773,Cobija,25040,U. E. Manuela Rojas,8,220,29,0,66,0,73,1,0,2,3,174,6,7,187,174,187
9001602,GOBERNADOR(A),32,Bolivia,9,Pando,1,Nicolás Suárez,1,Cobija,2773,Cobija,25040,U. E. Manuela Rojas,9,220,17,0,55,0,83,2,0,4,3,164,14,9,187,164,187
9001652,GOBERNADOR(A),32,Bolivia,9,Pando,1,Nicolás Suárez,1,Cobija,2773,Cobija,25040,U. E. Manuela Rojas,14,168,22,0,31,0,71,1,0,5,3,133,4,3,140,133,140
9001782,GOBERNADOR(A),32,Bolivia,9,Pando,1,Nicolás Suárez,1,Cobija,2773,Cobija,25041,U. E. Simon Bolivar,13,143,15,0,30,0,59,1,0,5,2,112,14,4,130,112,130
9000062,ASAMBLEISTA TERRITORIO,32,Bolivia,9,Pando,1,Nicolás Suárez,1,Cobija,2773,Cobija,5,U. E.  America,1,220,56,0,61,0,42,0,0,3,1,163,23,3,189,163,189
9000142,ASAMBLEISTA TERRITORIO,32,Bolivia,9,Pando,1,Nicolás Suárez,1,Cobija,2773,Cobija,8,U.E. Mariano Baptista,6,69,11,0,20,0,11,0,0,0,3,45,5,6,56,45,56
9000162,ASAMBLEISTA TERRITORIO,32,Bolivia,9,Pando,1,Nicolás Suárez,1,Cobija,2773,Cobija,23,U. E. Vaca Diez (Intermedio),2,220,29,0,57,0,17,2,0,1,6,112,17,16,145,112,145
9000172,ASAMBLEISTA TERRITORIO,32,Bolivia,9,Pando,1,Nicolás Suárez,1,Cobija,2773,Cobija,23,U. E. Vaca Diez (Intermedio),3,220,28,0,55,0,26,0,0,2,10,121,18,10,149,121,149
9000182,ASAMBLEISTA TERRITORIO,32,Bolivia,9,Pando,1,Nicolás Suárez,1,Cobija,2773,Cobija,23,U. E. Vaca Diez (Intermedio),4,220,45,0,40,0,34,0,0,2,1,122,20,1,143,122,143
9000192,ASAMBLEISTA TERRITORIO,32,Bolivia,9,Pando,1,Nicolás Suárez,1,Cobija,2773,Cobija,23,U. E. Vaca Diez (Intermedio),5,147,28,0,42,0,16,0,0,2,3,91,13,4,108,91,108
9000212,ASAMBLEISTA TERRITORIO,32,Bolivia,9,Pando,1,Nicolás Suárez,1,Cobija,2773,Cobija,25028,U. E. Cobija,2,220,36,0,53,0,33,1,0,2,12,137,25,14,176,137,176
9000302,ASAMBLEISTA TERRITORIO,32,Bolivia,9,Pando,1,Nicolás Suárez,1,Cobija,2773,Cobija,25028,U. E. Cobija,11,220,24,0,67,0,36,1,0,1,3,132,29,5,166,132,166
9000312,ASAMBLEISTA TERRITORIO,32,Bolivia,9,Pando,1,Nicolás Suárez,1,Cobija,2773,Cobija,25028,U. E. Cobija,12,220,42,0,41,0,41,3,0,3,9,139,27,3,169,139,169
9000322,ASAMBLEISTA TERRITORIO,32,Bolivia,9,Pando,1,Nicolás Suárez,1,Cobija,2773,Cobija,25028,U. E. Cobija,13,220,47,0,53,0,39,3,0,2,5,149,20,4,173,149,173
9000362,ASAMBLEISTA TERRITORIO,32,Bolivia,9,Pando,1,Nicolás Suárez,1,Cobija,2773,Cobija,25034,U. E. Juana Azurduy De Padilla,2,220,42,0,48,0,43,0,0,7,4,144,22,18,184,144,184
9000372,ASAMBLEISTA TERRITORIO,32,Bolivia,9,Pando,1,Nicolás Suárez,1,Cobija,2773,Cobija,25034,U. E. Juana Azurduy De Padilla,3,220,57,0,46,0,28,0,0,1,5,137,23,13,173,137,173
9000382,ASAMBLEISTA TERRITORIO,32,Bolivia,9,Pando,1,Nicolás Suárez,1,Cobija,2773,Cobija,25034,U. E. Juana Azurduy De Padilla,4,91,24,0,24,0,15,1,0,1,2,67,9,0,76,67,76
9000432,ASAMBLEISTA TERRITORIO,32,Bolivia,9,Pando,1,Nicolás Suárez,1,Cobija,2773,Cobija,11,U. E. 11 de Octubre,5,220,30,0,57,0,33,1,0,2,8,131,37,15,183,131,183
9000462,ASAMBLEISTA TERRITORIO,32,Bolivia,9,Pando,1,Nicolás Suárez,1,Cobija,2773,Cobija,11,U. E. 11 de Octubre,8,220,31,0,51,0,45,3,0,1,6,137,21,7,165,137,165
9000472,ASAMBLEISTA TERRITORIO,32,Bolivia,9,Pando,1,Nicolás Suárez,1,Cobija,2773,Cobija,11,U. E. 11 de Octubre,9,220,42,0,53,0,42,0,0,2,5,144,36,1,181,144,181
9000492,ASAMBLEISTA TERRITORIO,32,Bolivia,9,Pando,1,Nicolás Suárez,1,Cobija,2773,Cobija,11,U. E. 11 de Octubre,11,220,39,0,63,0,43,0,0,2,3,150,33,4,187,150,187
9000562,ASAMBLEISTA TERRITORIO,32,Bolivia,9,Pando,1,Nicolás Suárez,1,Cobija,2773,Cobija,25029,U. E. Mariscal Sucre,6,220,26,0,53,0,46,1,0,2,5,133,25,10,168,133,168
9000612,ASAMBLEISTA TERRITORIO,32,Bolivia,9,Pando,1,Nicolás Suárez,1,Cobija,2773,Cobija,25029,U. E. Mariscal Sucre,11,220,25,0,60,0,46,4,0,1,3,139,33,8,180,139,180
9000642,ASAMBLEISTA TERRITORIO,32,Bolivia,9,Pando,1,Nicolás Suárez,1,Cobija,2773,Cobija,25031,U. E. Rogelia Menacho De Balcazar,2,220,24,0,70,0,25,2,0,0,7,128,35,30,193,128,193
9000652,ASAMBLEISTA TERRITORIO,32,Bolivia,9,Pando,1,Nicolás Suárez,1,Cobija,2773,Cobija,25031,U. E. Rogelia Menacho De Balcazar,3,220,30,0,64,0,21,2,0,0,7,124,34,26,184,124,184
9000782,ASAMBLEISTA TERRITORIO,32,Bolivia,9,Pando,1,Nicolás Suárez,1,Cobija,2773,Cobija,25032,U. E. José Manuel Pando,8,220,18,0,62,0,38,0,0,5,9,132,40,13,185,132,185
9000842,ASAMBLEISTA TERRITORIO,32,Bolivia,9,Pando,1,Nicolás Suárez,1,Cobija,2773,Cobija,25032,U. E. José Manuel Pando,14,215,25,0,60,0,49,0,0,3,12,149,37,2,188,149,188
9000922,ASAMBLEISTA TERRITORIO,32,Bolivia,9,Pando,1,Nicolás Suárez,1,Cobija,2773,Cobija,25035,U.E. Defensores Del Acre,8,220,30,0,49,0,52,1,0,2,8,142,33,6,181,142,181
9000942,ASAMBLEISTA TERRITORIO,32,Bolivia,9,Pando,1,Nicolás Suárez,1,Cobija,2773,Cobija,25035,U.E. Defensores Del Acre,10,220,43,0,60,0,42,0,0,0,6,151,34,1,186,151,186
9000952,ASAMBLEISTA TERRITORIO,32,Bolivia,9,Pando,1,Nicolás Suárez,1,Cobija,2773,Cobija,25035,U.E. Defensores Del Acre,11,220,40,0,52,0,50,1,0,3,4,150,33,5,188,150,188
9000972,ASAMBLEISTA TERRITORIO,32,Bolivia,9,Pando,1,Nicolás Suárez,1,Cobija,2773,Cobija,12,U.E. German Busch,1,220,35,0,43,0,46,1,0,3,4,132,46,5,183,132,183
9000992,ASAMBLEISTA TERRITORIO,32,Bolivia,9,Pando,1,Nicolás Suárez,1,Cobija,2773,Cobija,12,U.E. German Busch,3,220,28,0,51,0,41,1,0,3,4,128,40,4,172,128,172
9001022,ASAMBLEISTA TERRITORIO,32,Bolivia,9,Pando,1,Nicolás Suárez,1,Cobija,2773,Cobija,13,(Cárcel) Cárcel Pública (Villa Busch),1,220,2,0,100,0,26,1,0,2,3,134,35,2,171,134,171
9001032,ASAMBLEISTA TERRITORIO,32,Bolivia,9,Pando,1,Nicolás Suárez,1,Cobija,2773,Cobija,13,(Cárcel) Cárcel Pública (Villa Busch),2,105,1,0,51,0,9,0,0,0,2,63,21,0,84,63,84
9001052,ASAMBLEISTA TERRITORIO,32,Bolivia,9,Pando,1,Nicolás Suárez,1,Cobija,2773,Cobija,14,U.E. De Bella Vista,2,220,29,0,66,0,32,1,0,2,5,135,45,3,183,135,183
9001072,ASAMBLEISTA TERRITORIO,32,Bolivia,9,Pando,1,Nicolás Suárez,1,Cobija,2773,Cobija,14,U.E. De Bella Vista,4,220,20,0,75,0,50,0,0,3,4,152,35,1,188,152,188
9001102,ASAMBLEISTA TERRITORIO,32,Bolivia,9,Pando,1,Nicolás Suárez,1,Cobija,2773,Cobija,26074,U. E. Abaroa,1,55,9,0,17,0,14,0,0,2,1,43,9,3,55,43,55
9001112,ASAMBLEISTA TERRITORIO,32,Bolivia,9,Pando,1,Nicolás Suárez,1,Cobija,2773,Cobija,26076,U. E. Juan Evo Morales Ayma,1,220,33,0,77,0,30,1,0,3,8,152,29,19,200,152,200
9001122,ASAMBLEISTA TERRITORIO,32,Bolivia,9,Pando,1,Nicolás Suárez,1,Cobija,2773,Cobija,26076,U. E. Juan Evo Morales Ayma,2,97,13,0,30,0,20,0,0,0,4,67,13,7,87,67,87
9001142,ASAMBLEISTA TERRITORIO,32,Bolivia,9,Pando,1,Nicolás Suárez,1,Cobija,2773,Cobija,26077,U. E. Marcelo Quiroga Santa Cruz,2,145,14,0,35,0,42,4,0,1,3,99,25,5,129,99,129
9001152,ASAMBLEISTA TERRITORIO,32,Bolivia,9,Pando,1,Nicolás Suárez,1,Cobija,2773,Cobija,26078,U. E. Alfredo Ovando Candia,1,220,11,0,29,0,11,2,0,0,3,56,15,25,96,56,96
9001162,ASAMBLEISTA TERRITORIO,32,Bolivia,9,Pando,1,Nicolás Suárez,1,Cobija,2773,Cobija,26078,U. E. Alfredo Ovando Candia,2,220,19,0,24,0,23,1,0,1,5,73,15,6,94,73,94
9001172,ASAMBLEISTA TERRITORIO,32,Bolivia,9,Pando,1,Nicolás Suárez,1,Cobija,2773,Cobija,26078,U. E. Alfredo Ovando Candia,3,164,13,0,20,0,20,0,0,0,0,53,11,1,65,53,65
9001202,ASAMBLEISTA TERRITORIO,32,Bolivia,9,Pando,1,Nicolás Suárez,1,Cobija,2773,Cobija,25036,U. E. Vaca Diez (Medio),2,220,39,0,49,0,44,1,0,1,6,140,25,6,171,140,171
9001212,ASAMBLEISTA TERRITORIO,32,Bolivia,9,Pando,1,Nicolás Suárez,1,Cobija,2773,Cobija,25036,U. E. Vaca Diez (Medio),3,220,42,0,52,0,45,0,0,5,8,152,23,5,180,152,180
9001242,ASAMBLEISTA TERRITORIO,32,Bolivia,9,Pando,1,Nicolás Suárez,1,Cobija,2773,Cobija,25036,U. E. Vaca Diez (Medio),6,220,38,0,54,0,31,2,0,3,9,137,36,11,184,137,184
9001252,ASAMBLEISTA TERRITORIO,32,Bolivia,9,Pando,1,Nicolás Suárez,1,Cobija,2773,Cobija,25036,U. E. Vaca Diez (Medio),7,220,54,0,40,0,46,1,0,3,9,153,29,1,183,153,183
9001292,ASAMBLEISTA TERRITORIO,32,Bolivia,9,Pando,1,Nicolás Suárez,1,Cobija,2773,Cobija,25036,U. E. Vaca Diez (Medio),11,80,14,0,16,0,12,0,0,0,2,44,12,8,64,44,64
9001302,ASAMBLEISTA TERRITORIO,32,Bolivia,9,Pando,1,Nicolás Suárez,1,Cobija,2773,Cobija,25037,Kínder Víctor León Arueta,1,220,65,0,40,0,27,3,0,3,9,147,23,8,178,147,178
9001312,ASAMBLEISTA TERRITORIO,32,Bolivia,9,Pando,1,Nicolás Suárez,1,Cobija,2773,Cobija,25037,Kínder Víctor León Arueta,2,39,9,0,11,0,6,0,0,0,3,29,3,2,34,29,34
9001322,ASAMBLEISTA TERRITORIO,32,Bolivia,9,Pando,1,Nicolás Suárez,1,Cobija,2773,Cobija,25042,U.E. Villa Cruz,1,121,17,0,29,0,21,0,0,0,1,68,12,6,86,68,86
9001332,ASAMBLEISTA TERRITORIO,32,Bolivia,9,Pando,1,Nicolás Suárez,1,Cobija,2773,Cobija,32002,INCOS Pando (Temporal),1,220,46,0,43,0,40,0,0,1,9,139,43,5,187,139,187
9001342,ASAMBLEISTA TERRITORIO,32,Bolivia,9,Pando,1,Nicolás Suárez,1,Cobija,2773,Cobija,32002,INCOS Pando (Temporal),2,220,46,0,49,0,43,2,0,1,9,150,24,4,178,150,178
9001352,ASAMBLEISTA TERRITORIO,32,Bolivia,9,Pando,1,Nicolás Suárez,1,Cobija,2773,Cobija,32002,INCOS Pando (Temporal),3,220,49,0,45,0,22,0,0,2,8,126,28,20,174,126,174
9001372,ASAMBLEISTA TERRITORIO,32,Bolivia,9,Pando,1,Nicolás Suárez,1,Cobija,2773,Cobija,32002,INCOS Pando (Temporal),5,220,53,0,61,0,17,0,0,4,7,142,22,16,180,142,180
9001382,ASAMBLEISTA TERRITORIO,32,Bolivia,9,Pando,1,Nicolás Suárez,1,Cobija,2773,Cobija,32002,INCOS Pando (Temporal),6,220,38,0,45,0,26,1,0,0,2,112,36,37,185,112,185
9001392,ASAMBLEISTA TERRITORIO,32,Bolivia,9,Pando,1,Nicolás Suárez,1,Cobija,2773,Cobija,32002,INCOS Pando (Temporal),7,220,42,0,61,0,42,3,0,4,7,159,24,4,187,159,187
9001442,ASAMBLEISTA TERRITORIO,32,Bolivia,9,Pando,1,Nicolás Suárez,1,Cobija,2773,Cobija,25033,U. E. Sofia Calpiñeiro,4,220,36,0,54,0,36,1,0,2,5,134,33,4,171,134,171
9001512,ASAMBLEISTA TERRITORIO,32,Bolivia,9,Pando,1,Nicolás Suárez,1,Cobija,2773,Cobija,25938,U.E. Héroes de la Distancia,5,215,39,0,48,0,37,0,0,3,11,138,24,6,168,138,168
9001532,ASAMBLEISTA TERRITORIO,32,Bolivia,9,Pando,1,Nicolás Suárez,1,Cobija,2773,Cobija,25040,U. E. Manuela Rojas,2,220,30,0,58,0,58,3,0,4,3,156,34,3,193,156,193
9001572,ASAMBLEISTA TERRITORIO,32,Bolivia,9,Pando,1,Nicolás Suárez,1,Cobija,2773,Cobija,25040,U. E. Manuela Rojas,6,220,25,0,57,0,35,0,0,0,8,125,32,26,183,125,183
9001592,ASAMBLEISTA TERRITORIO,32,Bolivia,9,Pando,1,Nicolás Suárez,1,Cobija,2773,Cobija,25040,U. E. Manuela Rojas,8,220,38,0,62,0,42,0,0,2,5,149,32,6,187,149,187
9001602,ASAMBLEISTA TERRITORIO,32,Bolivia,9,Pando,1,Nicolás Suárez,1,Cobija,2773,Cobija,25040,U. E. Manuela Rojas,9,220,37,0,48,0,48,2,0,3,9,147,34,6,187,147,187
9001652,ASAMBLEISTA TERRITORIO,32,Bolivia,9,Pando,1,Nicolás Suárez,1,Cobija,2773,Cobija,25040,U. E. Manuela Rojas,14,168,31,0,31,0,43,0,0,2,4,111,24,5,140,111,140
9001782,ASAMBLEISTA TERRITORIO,32,Bolivia,9,Pando,1,Nicolás Suárez,1,Cobija,2773,Cobija,25041,U. E. Simon Bolivar,13,143,25,0,40,0,37,1,0,4,7,114,12,4,130,114,130
9000062,ASAMBLEISTA POBLACION,32,Bolivia,9,Pando,1,Nicolás Suárez,1,Cobija,2773,Cobija,5,U. E.  America,1,220,49,0,54,0,45,0,0,2,1,151,36,2,189,151,189
9000142,ASAMBLEISTA POBLACION,32,Bolivia,9,Pando,1,Nicolás Suárez,1,Cobija,2773,Cobija,8,U.E. Mariano Baptista,6,69,8,0,18,0,15,0,0,1,0,42,13,1,56,42,56
9000162,ASAMBLEISTA POBLACION,32,Bolivia,9,Pando,1,Nicolás Suárez,1,Cobija,2773,Cobija,23,U. E. Vaca Diez (Intermedio),2,220,20,0,53,0,28,2,0,4,3,110,33,2,145,110,145
9000172,ASAMBLEISTA POBLACION,32,Bolivia,9,Pando,1,Nicolás Suárez,1,Cobija,2773,Cobija,23,U. E. Vaca Diez (Intermedio),3,220,18,0,49,0,34,0,0,1,10,112,32,5,149,112,149
9000182,ASAMBLEISTA POBLACION,32,Bolivia,9,Pando,1,Nicolás Suárez,1,Cobija,2773,Cobija,23,U. E. Vaca Diez (Intermedio),4,220,34,0,31,0,42,0,0,3,1,111,30,2,143,111,143
9000192,ASAMBLEISTA POBLACION,32,Bolivia,9,Pando,1,Nicolás Suárez,1,Cobija,2773,Cobija,23,U. E. Vaca Diez (Intermedio),5,147,20,0,41,0,24,0,0,3,0,88,16,4,108,88,108
9000212,ASAMBLEISTA POBLACION,32,Bolivia,9,Pando,1,Nicolás Suárez,1,Cobija,2773,Cobija,25028,U. E. Cobija,2,220,24,0,52,0,42,0,0,6,9,133,35,8,176,133,176
9000302,ASAMBLEISTA POBLACION,32,Bolivia,9,Pando,1,Nicolás Suárez,1,Cobija,2773,Cobija,25028,U. E. Cobija,11,220,15,0,52,0,33,4,0,1,4,109,52,5,166,109,166
9000312,ASAMBLEISTA POBLACION,32,Bolivia,9,Pando,1,Nicolás Suárez,1,Cobija,2773,Cobija,25028,U. E. Cobija,12,220,29,0,37,0,40,2,0,6,7,121,45,3,169,121,169
9000322,ASAMBLEISTA POBLACION,32,Bolivia,9,Pando,1,Nicolás Suárez,1,Cobija,2773,Cobija,25028,U. E. Cobija,13,220,28,0,51,0,36,2,0,4,8,129,40,4,173,129,173
9000362,ASAMBLEISTA POBLACION,32,Bolivia,9,Pando,1,Nicolás Suárez,1,Cobija,2773,Cobija,25034,U. E. Juana Azurduy De Padilla,2,220,27,0,43,0,58,0,0,6,8,142,36,6,184,142,184
9000372,ASAMBLEISTA POBLACION,32,Bolivia,9,Pando,1,Nicolás Suárez,1,Cobija,2773,Cobija,25034,U. E. Juana Azurduy De Padilla,3,220,39,0,35,0,41,0,0,6,7,128,43,2,173,128,173
9000382,ASAMBLEISTA POBLACION,32,Bolivia,9,Pando,1,Nicolás Suárez,1,Cobija,2773,Cobija,25034,U. E. Juana Azurduy De Padilla,4,91,16,0,23,0,18,0,0,2,1,60,16,0,76,60,76
9000432,ASAMBLEISTA POBLACION,32,Bolivia,9,Pando,1,Nicolás Suárez,1,Cobija,2773,Cobija,11,U. E. 11 de Octubre,5,220,22,0,50,0,44,1,0,3,5,125,54,4,183,125,183
9000462,ASAMBLEISTA POBLACION,32,Bolivia,9,Pando,1,Nicolás Suárez,1,Cobija,2773,Cobija,11,U. E. 11 de Octubre,8,220,25,0,46,0,42,2,0,1,7,123,36,6,165,123,165
9000472,ASAMBLEISTA POBLACION,32,Bolivia,9,Pando,1,Nicolás Suárez,1,Cobija,2773,Cobija,11,U. E. 11 de Octubre,9,220,25,0,48,0,46,1,0,4,4,128,52,1,181,128,181
9000492,ASAMBLEISTA POBLACION,32,Bolivia,9,Pando,1,Nicolás Suárez,1,Cobija,2773,Cobija,11,U. E. 11 de Octubre,11,220,23,0,52,0,43,1,0,3,4,126,57,4,187,126,187
9000562,ASAMBLEISTA POBLACION,32,Bolivia,9,Pando,1,Nicolás Suárez,1,Cobija,2773,Cobija,25029,U. E. Mariscal Sucre,6,220,16,0,50,0,48,3,0,2,5,124,42,2,168,124,168
9000612,ASAMBLEISTA POBLACION,32,Bolivia,9,Pando,1,Nicolás Suárez,1,Cobija,2773,Cobija,25029,U. E. Mariscal Sucre,11,220,14,0,53,0,49,4,0,5,2,127,49,4,180,127,180
9000642,ASAMBLEISTA POBLACION,32,Bolivia,9,Pando,1,Nicolás Suárez,1,Cobija,2773,Cobija,25031,U. E. Rogelia Menacho De Balcazar,2,220,17,0,54,0,54,3,0,2,3,133,58,2,193,133,193
9000652,ASAMBLEISTA POBLACION,32,Bolivia,9,Pando,1,Nicolás Suárez,1,Cobija,2773,Cobija,25031,U. E. Rogelia Menacho De Balcazar,3,220,23,0,49,0,43,1,0,7,5,128,53,3,184,128,184
9000782,ASAMBLEISTA POBLACION,32,Bolivia,9,Pando,1,Nicolás Suárez,1,Cobija,2773,Cobija,25032,U. E. José Manuel Pando,8,220,13,0,53,0,40,0,0,6,9,121,56,8,185,121,185
9000842,ASAMBLEISTA POBLACION,32,Bolivia,9,Pando,1,Nicolás Suárez,1,Cobija,2773,Cobija,25032,U. E. José Manuel Pando,14,215,17,0,51,0,53,0,0,4,9,134,52,2,188,134,188
9000922,ASAMBLEISTA POBLACION,32,Bolivia,9,Pando,1,Nicolás Suárez,1,Cobija,2773,Cobija,25035,U.E. Defensores Del Acre,8,220,23,0,46,0,47,1,0,3,5,125,52,4,181,125,181
9000942,ASAMBLEISTA POBLACION,32,Bolivia,9,Pando,1,Nicolás Suárez,1,Cobija,2773,Cobija,25035,U.E. Defensores Del Acre,10,220,30,0,53,0,39,0,0,2,4,128,57,1,186,128,186
9000952,ASAMBLEISTA POBLACION,32,Bolivia,9,Pando,1,Nicolás Suárez,1,Cobija,2773,Cobija,25035,U.E. Defensores Del Acre,11,220,20,0,41,0,53,1,0,4,3,122,61,5,188,122,188
9000972,ASAMBLEISTA POBLACION,32,Bolivia,9,Pando,1,Nicolás Suárez,1,Cobija,2773,Cobija,12,U.E. German Busch,1,220,19,0,36,0,45,1,0,3,7,111,66,6,183,111,183
9000992,ASAMBLEISTA POBLACION,32,Bolivia,9,Pando,1,Nicolás Suárez,1,Cobija,2773,Cobija,12,U.E. German Busch,3,220,22,0,42,0,36,1,0,3,8,112,57,3,172,112,172
9001022,ASAMBLEISTA POBLACION,32,Bolivia,9,Pando,1,Nicolás Suárez,1,Cobija,2773,Cobija,13,(Cárcel) Cárcel Pública (Villa Busch),1,220,1,0,77,0,20,1,0,1,2,102,69,0,171,102,171
9001032,ASAMBLEISTA POBLACION,32,Bolivia,9,Pando,1,Nicolás Suárez,1,Cobija,2773,Cobija,13,(Cárcel) Cárcel Pública (Villa Busch),2,105,2,0,41,0,6,0,0,1,0,50,34,0,84,50,84
9001052,ASAMBLEISTA POBLACION,32,Bolivia,9,Pando,1,Nicolás Suárez,1,Cobija,2773,Cobija,14,U.E. De Bella Vista,2,220,18,0,59,0,35,1,0,2,4,119,62,2,183,119,183
9001072,ASAMBLEISTA POBLACION,32,Bolivia,9,Pando,1,Nicolás Suárez,1,Cobija,2773,Cobija,14,U.E. De Bella Vista,4,220,10,0,62,0,48,1,0,1,5,127,62,0,189,127,189
9001102,ASAMBLEISTA POBLACION,32,Bolivia,9,Pando,1,Nicolás Suárez,1,Cobija,2773,Cobija,26074,U. E. Abaroa,1,55,6,0,14,0,11,0,0,5,3,39,15,1,55,39,55
9001112,ASAMBLEISTA POBLACION,32,Bolivia,9,Pando,1,Nicolás Suárez,1,Cobija,2773,Cobija,26076,U. E. Juan Evo Morales Ayma,1,220,29,0,61,0,35,3,0,2,7,137,52,11,200,137,200
9001122,ASAMBLEISTA POBLACION,32,Bolivia,9,Pando,1,Nicolás Suárez,1,Cobija,2773,Cobija,26076,U. E. Juan Evo Morales Ayma,2,97,9,0,26,0,24,0,0,0,2,61,23,3,87,61,87
9001142,ASAMBLEISTA POBLACION,32,Bolivia,9,Pando,1,Nicolás Suárez,1,Cobija,2773,Cobija,26077,U. E. Marcelo Quiroga Santa Cruz,2,145,9,0,33,0,37,6,0,1,2,88,37,4,129,88,129
9001152,ASAMBLEISTA POBLACION,32,Bolivia,9,Pando,1,Nicolás Suárez,1,Cobija,2773,Cobija,26078,U. E. Alfredo Ovando Candia,1,220,10,0,24,0,26,2,0,2,3,67,27,2,96,67,96
9001162,ASAMBLEISTA POBLACION,32,Bolivia,9,Pando,1,Nicolás Suárez,1,Cobija,2773,Cobija,26078,U. E. Alfredo Ovando Candia,2,220,10,0,21,0,21,1,0,1,5,59,32,3,94,59,94
9001172,ASAMBLEISTA POBLACION,32,Bolivia,9,Pando,1,Nicolás Suárez,1,Cobija,2773,Cobija,26078,U. E. Alfredo Ovando Candia,3,164,8,0,16,0,22,0,0,0,0,46,17,2,65,46,65
9001202,ASAMBLEISTA POBLACION,32,Bolivia,9,Pando,1,Nicolás Suárez,1,Cobija,2773,Cobija,25036,U. E. Vaca Diez (Medio),2,220,30,0,49,0,39,1,0,2,7,128,37,6,171,128,171
9001212,ASAMBLEISTA POBLACION,32,Bolivia,9,Pando,1,Nicolás Suárez,1,Cobija,2773,Cobija,25036,U. E. Vaca Diez (Medio),3,220,23,0,48,0,41,0,0,4,13,129,46,5,180,129,180
9001242,ASAMBLEISTA POBLACION,32,Bolivia,9,Pando,1,Nicolás Suárez,1,Cobija,2773,Cobija,25036,U. E. Vaca Diez (Medio),6,220,27,0,48,0,32,2,0,6,8,123,54,7,184,123,184
9001252,ASAMBLEISTA POBLACION,32,Bolivia,9,Pando,1,Nicolás Suárez,1,Cobija,2773,Cobija,25036,U. E. Vaca Diez (Medio),7,220,34,0,39,0,42,0,0,7,4,126,54,3,183,126,183
9001292,ASAMBLEISTA POBLACION,32,Bolivia,9,Pando,1,Nicolás Suárez,1,Cobija,2773,Cobija,25036,U. E. Vaca Diez (Medio),11,80,8,0,18,0,17,1,0,0,0,44,15,5,64,44,64
9001302,ASAMBLEISTA POBLACION,32,Bolivia,9,Pando,1,Nicolás Suárez,1,Cobija,2773,Cobija,25037,Kínder Víctor León Arueta,1,220,42,0,42,0,38,1,0,4,11,138,39,1,178,138,178
9001312,ASAMBLEISTA POBLACION,32,Bolivia,9,Pando,1,Nicolás Suárez,1,Cobija,2773,Cobija,25037,Kínder Víctor León Arueta,2,39,3,0,13,0,8,0,0,0,3,27,7,0,34,27,34
9001322,ASAMBLEISTA POBLACION,32,Bolivia,9,Pando,1,Nicolás Suárez,1,Cobija,2773,Cobija,25042,U.E. Villa Cruz,1,121,12,0,25,0,24,1,0,1,0,63,22,1,86,63,86
9001332,ASAMBLEISTA POBLACION,32,Bolivia,9,Pando,1,Nicolás Suárez,1,Cobija,2773,Cobija,32002,INCOS Pando (Temporal),1,220,32,0,38,0,46,0,0,2,5,123,59,5,187,123,187
9001342,ASAMBLEISTA POBLACION,32,Bolivia,9,Pando,1,Nicolás Suárez,1,Cobija,2773,Cobija,32002,INCOS Pando (Temporal),2,220,29,0,40,0,44,1,0,2,7,123,53,2,178,123,178
9001352,ASAMBLEISTA POBLACION,32,Bolivia,9,Pando,1,Nicolás Suárez,1,Cobija,2773,Cobija,32002,INCOS Pando (Temporal),3,220,30,0,39,0,35,1,0,2,8,115,54,5,174,115,174
9001372,ASAMBLEISTA POBLACION,32,Bolivia,9,Pando,1,Nicolás Suárez,1,Cobija,2773,Cobija,32002,INCOS Pando (Temporal),5,220,33,0,52,0,31,1,0,4,9,130,48,2,180,130,180
9001382,ASAMBLEISTA POBLACION,32,Bolivia,9,Pando,1,Nicolás Suárez,1,Cobija,2773,Cobija,32002,INCOS Pando (Temporal),6,220,25,0,43,0,57,1,1,1,3,131,46,8,185,131,185
9001392,ASAMBLEISTA POBLACION,32,Bolivia,9,Pando,1,Nicolás Suárez,1,Cobija,2773,Cobija,32002,INCOS Pando (Temporal),7,220,22,0,57,0,51,3,0,4,5,142,42,3,187,142,187
9001442,ASAMBLEISTA POBLACION,32,Bolivia,9,Pando,1,Nicolás Suárez,1,Cobija,2773,Cobija,25033,U. E. Sofia Calpiñeiro,4,220,29,0,46,0,34,1,0,3,10,123,46,2,171,123,171
9001512,ASAMBLEISTA POBLACION,32,Bolivia,9,Pando,1,Nicolás Suárez,1,Cobija,2773,Cobija,25938,U.E. Héroes de la Distancia,5,215,21,0,43,0,36,0,0,5,12,117,44,6,167,117,167
9001532,ASAMBLEISTA POBLACION,32,Bolivia,9,Pando,1,Nicolás Suárez,1,Cobija,2773,Cobija,25040,U. E. Manuela Rojas,2,220,15,0,55,0,59,2,0,3,6,140,51,2,193,140,193
9001572,ASAMBLEISTA POBLACION,32,Bolivia,9,Pando,1,Nicolás Suárez,1,Cobija,2773,Cobija,25040,U. E. Manuela Rojas,6,220,17,0,54,0,54,0,0,2,6,133,47,3,183,133,183
9001592,ASAMBLEISTA POBLACION,32,Bolivia,9,Pando,1,Nicolás Suárez,1,Cobija,2773,Cobija,25040,U. E. Manuela Rojas,8,220,28,0,54,0,42,1,0,3,4,132,51,4,187,132,187
9001602,ASAMBLEISTA POBLACION,32,Bolivia,9,Pando,1,Nicolás Suárez,1,Cobija,2773,Cobija,25040,U. E. Manuela Rojas,9,220,25,0,46,0,49,2,0,5,5,132,50,5,187,132,187
9001652,ASAMBLEISTA POBLACION,32,Bolivia,9,Pando,1,Nicolás Suárez,1,Cobija,2773,Cobija,25040,U. E. Manuela Rojas,14,168,24,0,30,0,42,0,0,2,7,105,33,2,140,105,140
9001782,ASAMBLEISTA POBLACION,32,Bolivia,9,Pando,1,Nicolás Suárez,1,Cobija,2773,Cobija,25041,U. E. Simon Bolivar,13,143,19,0,27,0,37,1,0,2,1,87,40,3,130,87,130
9000016,ALCALDESA/ALCALDE,32,Bolivia,9,Pando,1,Nicolás Suárez,1,Cobija,2751,Nueva Esperanza,13,U.E. Nueva Esperanza,1,136,20,0,54,4,41,0,0,1,0,120,1,2,123,120,123
9000026,ALCALDESA/ALCALDE,32,Bolivia,9,Pando,1,Nicolás Suárez,1,Cobija,2773,Cobija,3,U. E. Instituto Americano,1,220,37,0,54,10,82,1,0,1,0,185,1,5,191,185,191
9000036,ALCALDESA/ALCALDE,32,Bolivia,9,Pando,1,Nicolás Suárez,1,Cobija,2773,Cobija,3,U. E. Instituto Americano,2,220,45,0,46,11,71,0,0,1,0,174,1,3,178,174,178
9000046,ALCALDESA/ALCALDE,32,Bolivia,9,Pando,1,Nicolás Suárez,1,Cobija,2773,Cobija,3,U. E. Instituto Americano,3,220,40,2,44,12,83,1,1,0,0,183,3,3,189,183,189
9000056,ALCALDESA/ALCALDE,32,Bolivia,9,Pando,1,Nicolás Suárez,1,Cobija,2773,Cobija,3,U. E. Instituto Americano,4,146,24,1,24,11,64,0,0,0,0,124,0,0,124,124,124
9000066,ALCALDESA/ALCALDE,32,Bolivia,9,Pando,1,Nicolás Suárez,1,Cobija,2773,Cobija,5,U. E.  America,1,220,51,1,50,9,70,0,0,1,0,182,2,5,189,182,189
9000076,ALCALDESA/ALCALDE,32,Bolivia,9,Pando,1,Nicolás Suárez,1,Cobija,2773,Cobija,5,U. E.  America,2,220,35,1,59,5,76,0,0,1,0,177,1,5,183,177,183
9000086,ALCALDESA/ALCALDE,32,Bolivia,9,Pando,1,Nicolás Suárez,1,Cobija,2773,Cobija,5,U. E.  America,3,182,33,0,40,12,59,0,0,2,0,146,2,5,153,146,153
9000096,ALCALDESA/ALCALDE,32,Bolivia,9,Pando,1,Nicolás Suárez,1,Cobija,2773,Cobija,8,U.E. Mariano Baptista,1,220,32,2,43,11,75,0,0,1,0,164,2,3,169,164,169
9000106,ALCALDESA/ALCALDE,32,Bolivia,9,Pando,1,Nicolás Suárez,1,Cobija,2773,Cobija,8,U.E. Mariano Baptista,2,220,15,0,48,10,80,1,1,3,0,158,3,2,163,158,163
9000116,ALCALDESA/ALCALDE,32,Bolivia,9,Pando,1,Nicolás Suárez,1,Cobija,2773,Cobija,8,U.E. Mariano Baptista,3,220,17,2,47,20,68,0,4,2,0,160,2,4,166,160,166
9000126,ALCALDESA/ALCALDE,32,Bolivia,9,Pando,1,Nicolás Suárez,1,Cobija,2773,Cobija,8,U.E. Mariano Baptista,4,220,28,1,39,14,74,2,1,3,0,162,3,1,166,162,166
9000136,ALCALDESA/ALCALDE,32,Bolivia,9,Pando,1,Nicolás Suárez,1,Cobija,2773,Cobija,8,U.E. Mariano Baptista,5,220,29,0,46,13,79,2,1,1,0,171,3,4,178,171,178
9000146,ALCALDESA/ALCALDE,32,Bolivia,9,Pando,1,Nicolás Suárez,1,Cobija,2773,Cobija,8,U.E. Mariano Baptista,6,69,8,0,19,8,19,0,0,0,0,54,0,2,56,54,56
9000156,ALCALDESA/ALCALDE,32,Bolivia,9,Pando,1,Nicolás Suárez,1,Cobija,2773,Cobija,23,U. E. Vaca Diez (Intermedio),1,220,16,2,58,8,47,0,0,2,0,133,0,5,138,133,138
9000166,ALCALDESA/ALCALDE,32,Bolivia,9,Pando,1,Nicolás Suárez,1,Cobija,2773,Cobija,23,U. E. Vaca Diez (Intermedio),2,220,26,2,51,5,54,1,0,1,0,140,2,3,145,140,145
9000176,ALCALDESA/ALCALDE,32,Bolivia,9,Pando,1,Nicolás Suárez,1,Cobija,2773,Cobija,23,U. E. Vaca Diez (Intermedio),3,220,25,0,55,11,50,0,0,3,0,144,0,5,149,144,149
9000186,ALCALDESA/ALCALDE,32,Bolivia,9,Pando,1,Nicolás Suárez,1,Cobija,2773,Cobija,23,U. E. Vaca Diez (Intermedio),4,220,35,1,34,11,58,0,0,3,0,142,1,2,145,142,145
9000196,ALCALDESA/ALCALDE,32,Bolivia,9,Pando,1,Nicolás Suárez,1,Cobija,2773,Cobija,23,U. E. Vaca Diez (Intermedio),5,147,22,0,44,11,27,0,0,0,0,104,0,4,108,104,108
9000206,ALCALDESA/ALCALDE,32,Bolivia,9,Pando,1,Nicolás Suárez,1,Cobija,2773,Cobija,25028,U. E. Cobija,1,220,20,4,51,4,68,2,0,2,0,151,4,5,160,151,160
9000216,ALCALDESA/ALCALDE,32,Bolivia,9,Pando,1,Nicolás Suárez,1,Cobija,2773,Cobija,25028,U. E. Cobija,2,220,24,3,46,9,80,0,0,3,0,165,2,9,176,165,176
9000226,ALCALDESA/ALCALDE,32,Bolivia,9,Pando,1,Nicolás Suárez,1,Cobija,2773,Cobija,25028,U. E. Cobija,3,220,19,5,48,8,67,1,1,1,0,150,2,2,154,150,154
9000236,ALCALDESA/ALCALDE,32,Bolivia,9,Pando,1,Nicolás Suárez,1,Cobija,2773,Cobija,25028,U. E. Cobija,4,220,18,1,45,5,69,2,2,3,0,145,1,2,148,145,148
9000246,ALCALDESA/ALCALDE,32,Bolivia,9,Pando,1,Nicolás Suárez,1,Cobija,2773,Cobija,25028,U. E. Cobija,5,220,21,1,58,11,65,2,1,2,0,161,4,2,167,161,167
9000256,ALCALDESA/ALCALDE,32,Bolivia,9,Pando,1,Nicolás Suárez,1,Cobija,2773,Cobija,25028,U. E. Cobija,6,220,32,1,46,5,82,2,1,1,0,170,4,3,177,170,177
9000266,ALCALDESA/ALCALDE,32,Bolivia,9,Pando,1,Nicolás Suárez,1,Cobija,2773,Cobija,25028,U. E. Cobija,7,220,24,0,53,7,77,0,0,1,0,162,2,3,167,162,167
9000276,ALCALDESA/ALCALDE,32,Bolivia,9,Pando,1,Nicolás Suárez,1,Cobija,2773,Cobija,25028,U. E. Cobija,8,220,12,4,48,15,56,0,1,3,0,139,3,5,147,139,147
9000286,ALCALDESA/ALCALDE,32,Bolivia,9,Pando,1,Nicolás Suárez,1,Cobija,2773,Cobija,25028,U. E. Cobija,9,220,24,4,47,11,67,5,0,2,0,160,0,8,168,160,168
9000296,ALCALDESA/ALCALDE,32,Bolivia,9,Pando,1,Nicolás Suárez,1,Cobija,2773,Cobija,25028,U. E. Cobija,10,220,22,0,49,10,84,1,0,1,0,167,1,2,170,167,170
9000306,ALCALDESA/ALCALDE,32,Bolivia,9,Pando,1,Nicolás Suárez,1,Cobija,2773,Cobija,25028,U. E. Cobija,11,220,28,0,52,5,69,0,0,1,0,155,2,8,165,155,165
9000316,ALCALDESA/ALCALDE,32,Bolivia,9,Pando,1,Nicolás Suárez,1,Cobija,2773,Cobija,25028,U. E. Cobija,12,220,29,2,43,12,70,1,1,2,0,160,3,6,169,160,169
9000326,ALCALDESA/ALCALDE,32,Bolivia,9,Pando,1,Nicolás Suárez,1,Cobija,2773,Cobija,25028,U. E. Cobija,13,220,34,0,42,8,81,1,0,3,0,169,1,3,173,169,173
9000336,ALCALDESA/ALCALDE,32,Bolivia,9,Pando,1,Nicolás Suárez,1,Cobija,2773,Cobija,25028,U. E. Cobija,14,220,22,2,43,10,74,1,1,2,0,155,1,8,164,155,164
9000346,ALCALDESA/ALCALDE,32,Bolivia,9,Pando,1,Nicolás Suárez,1,Cobija,2773,Cobija,25028,U. E. Cobija,15,167,14,0,33,5,70,1,1,0,0,124,1,3,128,124,128
9000356,ALCALDESA/ALCALDE,32,Bolivia,9,Pando,1,Nicolás Suárez,1,Cobija,2773,Cobija,25034,U. E. Juana Azurduy De Padilla,1,220,48,0,42,9,73,0,0,0,0,172,1,8,181,172,181
9000366,ALCALDESA/ALCALDE,32,Bolivia,9,Pando,1,Nicolás Suárez,1,Cobija,2773,Cobija,25034,U. E. Juana Azurduy De Padilla,2,220,26,1,46,9,85,0,0,4,0,171,3,10,184,171,184
9000376,ALCALDESA/ALCALDE,32,Bolivia,9,Pando,1,Nicolás Suárez,1,Cobija,2773,Cobija,25034,U. E. Juana Azurduy De Padilla,3,220,34,4,39,12,76,0,3,0,0,168,1,4,173,168,173
9000386,ALCALDESA/ALCALDE,32,Bolivia,9,Pando,1,Nicolás Suárez,1,Cobija,2773,Cobija,25034,U. E. Juana Azurduy De Padilla,4,91,15,0,27,0,32,0,0,1,0,75,0,1,76,75,76
9000406,ALCALDESA/ALCALDE,32,Bolivia,9,Pando,1,Nicolás Suárez,1,Cobija,2773,Cobija,11,U. E. 11 de Octubre,2,220,33,0,45,8,90,0,2,4,0,182,4,4,190,182,190
9000416,ALCALDESA/ALCALDE,32,Bolivia,9,Pando,1,Nicolás Suárez,1,Cobija,2773,Cobija,11,U. E. 11 de Octubre,3,220,16,0,62,5,73,0,1,3,0,160,1,8,169,160,169
9000426,ALCALDESA/ALCALDE,32,Bolivia,9,Pando,1,Nicolás Suárez,1,Cobija,2773,Cobija,11,U. E. 11 de Octubre,4,220,28,0,52,9,85,0,2,1,0,177,1,5,183,177,183
9000436,ALCALDESA/ALCALDE,32,Bolivia,9,Pando,1,Nicolás Suárez,1,Cobija,2773,Cobija,11,U. E. 11 de Octubre,5,220,17,4,52,8,96,1,0,0,0,178,1,5,184,178,184
9000456,ALCALDESA/ALCALDE,32,Bolivia,9,Pando,1,Nicolás Suárez,1,Cobija,2773,Cobija,11,U. E. 11 de Octubre,7,220,23,0,48,8,80,1,0,1,0,161,9,6,176,161,176
9000466,ALCALDESA/ALCALDE,32,Bolivia,9,Pando,1,Nicolás Suárez,1,Cobija,2773,Cobija,11,U. E. 11 de Octubre,8,220,26,2,50,7,67,2,1,1,0,156,3,6,165,156,165
9000476,ALCALDESA/ALCALDE,32,Bolivia,9,Pando,1,Nicolás Suárez,1,Cobija,2773,Cobija,11,U. E. 11 de Octubre,9,220,28,2,53,10,81,0,0,1,0,175,4,2,181,175,181
9000486,ALCALDESA/ALCALDE,32,Bolivia,9,Pando,1,Nicolás Suárez,1,Cobija,2773,Cobija,11,U. E. 11 de Octubre,10,220,24,2,59,12,69,1,2,5,0,174,1,3,178,174,178
9000496,ALCALDESA/ALCALDE,32,Bolivia,9,Pando,1,Nicolás Suárez,1,Cobija,2773,Cobija,11,U. E. 11 de Octubre,11,220,25,1,54,5,92,1,1,1,0,180,4,3,187,180,187
9000506,ALCALDESA/ALCALDE,32,Bolivia,9,Pando,1,Nicolás Suárez,1,Cobija,2773,Cobija,11,U. E. 11 de Octubre,12,63,5,1,13,3,21,0,0,0,0,43,3,0,46,43,46
9000516,ALCALDESA/ALCALDE,32,Bolivia,9,Pando,1,Nicolás Suárez,1,Cobija,2773,Cobija,25029,U. E. Mariscal Sucre,1,220,20,2,56,5,87,0,2,3,0,175,4,5,184,175,184
9000526,ALCALDESA/ALCALDE,32,Bolivia,9,Pando,1,Nicolás Suárez,1,Cobija,2773,Cobija,25029,U. E. Mariscal Sucre,2,220,16,0,61,5,87,0,1,0,0,170,3,3,176,170,176
9000536,ALCALDESA/ALCALDE,32,Bolivia,9,Pando,1,Nicolás Suárez,1,Cobija,2773,Cobija,25029,U. E. Mariscal Sucre,3,220,16,0,75,5,78,0,2,0,0,176,1,8,185,176,185
9000546,ALCALDESA/ALCALDE,32,Bolivia,9,Pando,1,Nicolás Suárez,1,Cobija,2773,Cobija,25029,U. E. Mariscal Sucre,4,220,14,1,72,4,65,0,1,3,0,160,3,11,174,160,174
9000556,ALCALDESA/ALCALDE,32,Bolivia,9,Pando,1,Nicolás Suárez,1,Cobija,2773,Cobija,25029,U. E. Mariscal Sucre,5,220,17,0,66,8,69,0,4,0,0,164,5,9,178,164,178
9000566,ALCALDESA/ALCALDE,32,Bolivia,9,Pando,1,Nicolás Suárez,1,Cobija,2773,Cobija,25029,U. E. Mariscal Sucre,6,220,22,2,53,6,72,0,2,4,0,161,2,6,169,161,169
9000576,ALCALDESA/ALCALDE,32,Bolivia,9,Pando,1,Nicolás Suárez,1,Cobija,2773,Cobija,25029,U. E. Mariscal Sucre,7,220,11,0,72,12,74,0,1,1,0,171,4,1,176,171,176
9000596,ALCALDESA/ALCALDE,32,Bolivia,9,Pando,1,Nicolás Suárez,1,Cobija,2773,Cobija,25029,U. E. Mariscal Sucre,9,220,15,1,60,6,74,0,0,2,0,158,2,5,165,158,165
9000606,ALCALDESA/ALCALDE,32,Bolivia,9,Pando,1,Nicolás Suárez,1,Cobija,2773,Cobija,25029,U. E. Mariscal Sucre,10,220,23,0,47,13,97,1,1,0,0,182,2,8,192,182,192
9000616,ALCALDESA/ALCALDE,32,Bolivia,9,Pando,1,Nicolás Suárez,1,Cobija,2773,Cobija,25029,U. E. Mariscal Sucre,11,220,13,0,56,6,93,2,0,2,0,172,4,4,180,172,180
9000626,ALCALDESA/ALCALDE,32,Bolivia,9,Pando,1,Nicolás Suárez,1,Cobija,2773,Cobija,25029,U. E. Mariscal Sucre,12,169,22,0,46,3,59,0,3,0,0,133,2,3,138,133,138
9000636,ALCALDESA/ALCALDE,32,Bolivia,9,Pando,1,Nicolás Suárez,1,Cobija,2773,Cobija,25031,U. E. Rogelia Menacho De Balcazar,1,220,26,2,61,7,74,0,0,0,0,170,2,7,179,170,179
9000646,ALCALDESA/ALCALDE,32,Bolivia,9,Pando,1,Nicolás Suárez,1,Cobija,2773,Cobija,25031,U. E. Rogelia Menacho De Balcazar,2,220,31,1,72,13,69,1,1,0,0,188,0,5,193,188,193
9000656,ALCALDESA/ALCALDE,32,Bolivia,9,Pando,1,Nicolás Suárez,1,Cobija,2773,Cobija,25031,U. E. Rogelia Menacho De Balcazar,3,220,26,1,60,6,79,2,0,1,0,175,4,5,184,175,184
9000666,ALCALDESA/ALCALDE,32,Bolivia,9,Pando,1,Nicolás Suárez,1,Cobija,2773,Cobija,25031,U. E. Rogelia Menacho De Balcazar,4,220,25,0,61,9,71,0,1,1,0,168,3,7,178,168,178
9000676,ALCALDESA/ALCALDE,32,Bolivia,9,Pando,1,Nicolás Suárez,1,Cobija,2773,Cobija,25031,U. E. Rogelia Menacho De Balcazar,5,220,38,1,58,9,76,0,0,0,0,182,4,5,191,182,191
9000686,ALCALDESA/ALCALDE,32,Bolivia,9,Pando,1,Nicolás Suárez,1,Cobija,2773,Cobija,25031,U. E. Rogelia Menacho De Balcazar,6,220,37,0,65,9,71,0,2,1,0,185,4,4,193,185,193
9000696,ALCALDESA/ALCALDE,32,Bolivia,9,Pando,1,Nicolás Suárez,1,Cobija,2773,Cobija,25031,U. E. Rogelia Menacho De Balcazar,7,220,25,2,88,6,61,0,0,2,0,184,2,5,191,184,191
9000706,ALCALDESA/ALCALDE,32,Bolivia,9,Pando,1,Nicolás Suárez,1,Cobija,2773,Cobija,25031,U. E. Rogelia Menacho De Balcazar,8,151,15,2,46,6,63,0,1,1,0,134,0,3,137,134,137
9000716,ALCALDESA/ALCALDE,32,Bolivia,9,Pando,1,Nicolás Suárez,1,Cobija,2773,Cobija,25032,U. E. José Manuel Pando,1,220,25,3,60,7,86,1,3,0,0,185,4,6,195,185,195
9000726,ALCALDESA/ALCALDE,32,Bolivia,9,Pando,1,Nicolás Suárez,1,Cobija,2773,Cobija,25032,U. E. José Manuel Pando,2,220,22,2,64,8,72,1,1,3,0,173,1,5,179,173,179
9000736,ALCALDESA/ALCALDE,32,Bolivia,9,Pando,1,Nicolás Suárez,1,Cobija,2773,Cobija,25032,U. E. José Manuel Pando,3,220,17,1,65,8,78,1,5,1,0,176,2,4,182,176,182
9000746,ALCALDESA/ALCALDE,32,Bolivia,9,Pando,1,Nicolás Suárez,1,Cobija,2773,Cobija,25032,U. E. José Manuel Pando,4,220,22,0,56,13,86,0,1,1,0,179,5,6,190,179,190
9000756,ALCALDESA/ALCALDE,32,Bolivia,9,Pando,1,Nicolás Suárez,1,Cobija,2773,Cobija,25032,U. E. José Manuel Pando,5,220,15,1,61,10,79,0,1,0,0,167,3,1,171,167,171
9000766,ALCALDESA/ALCALDE,32,Bolivia,9,Pando,1,Nicolás Suárez,1,Cobija,2773,Cobija,25032,U. E. José Manuel Pando,6,220,24,0,53,9,84,0,1,2,0,173,3,5,181,173,181
9000776,ALCALDESA/ALCALDE,32,Bolivia,9,Pando,1,Nicolás Suárez,1,Cobija,2773,Cobija,25032,U. E. José Manuel Pando,7,220,13,3,50,9,79,0,1,4,0,159,6,5,170,159,170
9000786,ALCALDESA/ALCALDE,32,Bolivia,9,Pando,1,Nicolás Suárez,1,Cobija,2773,Cobija,25032,U. E. José Manuel Pando,8,220,12,1,69,9,81,0,1,0,0,173,3,11,187,173,187
9000796,ALCALDESA/ALCALDE,32,Bolivia,9,Pando,1,Nicolás Suárez,1,Cobija,2773,Cobija,25032,U. E. José Manuel Pando,9,220,21,0,66,10,72,0,2,1,0,172,2,8,182,172,182
9000806,ALCALDESA/ALCALDE,32,Bolivia,9,Pando,1,Nicolás Suárez,1,Cobija,2773,Cobija,25032,U. E. José Manuel Pando,10,220,12,2,68,7,75,1,0,2,0,167,6,9,182,167,182
9000816,ALCALDESA/ALCALDE,32,Bolivia,9,Pando,1,Nicolás Suárez,1,Cobija,2773,Cobija,25032,U. E. José Manuel Pando,11,220,21,2,49,9,84,0,11,2,0,178,5,5,188,178,188
9000826,ALCALDESA/ALCALDE,32,Bolivia,9,Pando,1,Nicolás Suárez,1,Cobija,2773,Cobija,25032,U. E. José Manuel Pando,12,220,27,1,46,15,79,0,1,2,0,171,0,3,174,171,174
9000836,ALCALDESA/ALCALDE,32,Bolivia,9,Pando,1,Nicolás Suárez,1,Cobija,2773,Cobija,25032,U. E. José Manuel Pando,13,220,24,0,46,11,94,1,4,1,0,181,3,11,195,181,195
9000846,ALCALDESA/ALCALDE,32,Bolivia,9,Pando,1,Nicolás Suárez,1,Cobija,2773,Cobija,25032,U. E. José Manuel Pando,14,215,19,3,62,7,91,0,0,1,0,183,4,1,188,183,188
9000866,ALCALDESA/ALCALDE,32,Bolivia,9,Pando,1,Nicolás Suárez,1,Cobija,2773,Cobija,25035,U.E. Defensores Del Acre,2,220,26,0,67,7,76,1,0,1,0,178,5,6,189,178,189
9000876,ALCALDESA/ALCALDE,32,Bolivia,9,Pando,1,Nicolás Suárez,1,Cobija,2773,Cobija,25035,U.E. Defensores Del Acre,3,220,21,0,73,10,74,0,1,0,0,179,3,3,185,179,185
9000886,ALCALDESA/ALCALDE,32,Bolivia,9,Pando,1,Nicolás Suárez,1,Cobija,2773,Cobija,25035,U.E. Defensores Del Acre,4,220,23,0,65,6,67,0,1,0,0,162,2,8,172,162,172
9000896,ALCALDESA/ALCALDE,32,Bolivia,9,Pando,1,Nicolás Suárez,1,Cobija,2773,Cobija,25035,U.E. Defensores Del Acre,5,220,22,1,56,11,85,1,1,1,0,178,5,5,188,178,188
9000906,ALCALDESA/ALCALDE,32,Bolivia,9,Pando,1,Nicolás Suárez,1,Cobija,2773,Cobija,25035,U.E. Defensores Del Acre,6,220,19,0,61,8,78,1,4,1,0,172,3,8,183,172,183
9000916,ALCALDESA/ALCALDE,32,Bolivia,9,Pando,1,Nicolás Suárez,1,Cobija,2773,Cobija,25035,U.E. Defensores Del Acre,7,220,22,1,59,15,75,1,2,1,0,176,3,6,185,176,185
9000926,ALCALDESA/ALCALDE,32,Bolivia,9,Pando,1,Nicolás Suárez,1,Cobija,2773,Cobija,25035,U.E. Defensores Del Acre,8,220,22,1,46,10,85,0,1,0,0,165,1,15,181,165,181
9000936,ALCALDESA/ALCALDE,32,Bolivia,9,Pando,1,Nicolás Suárez,1,Cobija,2773,Cobija,25035,U.E. Defensores Del Acre,9,220,39,0,56,11,57,1,2,2,0,168,4,8,180,168,180
9000946,ALCALDESA/ALCALDE,32,Bolivia,9,Pando,1,Nicolás Suárez,1,Cobija,2773,Cobija,25035,U.E. Defensores Del Acre,10,220,37,0,66,7,71,0,1,0,0,182,2,3,187,182,187
9000956,ALCALDESA/ALCALDE,32,Bolivia,9,Pando,1,Nicolás Suárez,1,Cobija,2773,Cobija,25035,U.E. Defensores Del Acre,11,220,21,0,52,6,102,1,0,1,0,183,1,4,188,183,188
9000966,ALCALDESA/ALCALDE,32,Bolivia,9,Pando,1,Nicolás Suárez,1,Cobija,2773,Cobija,25035,U.E. Defensores Del Acre,12,116,10,0,29,7,39,0,0,0,0,85,0,5,90,85,90
9000976,ALCALDESA/ALCALDE,32,Bolivia,9,Pando,1,Nicolás Suárez,1,Cobija,2773,Cobija,12,U.E. German Busch,1,220,40,1,44,9,73,1,3,3,0,174,4,5,183,174,183
9000986,ALCALDESA/ALCALDE,32,Bolivia,9,Pando,1,Nicolás Suárez,1,Cobija,2773,Cobija,12,U.E. German Busch,2,220,31,0,68,9,68,0,1,3,0,180,5,4,189,180,189
9000996,ALCALDESA/ALCALDE,32,Bolivia,9,Pando,1,Nicolás Suárez,1,Cobija,2773,Cobija,12,U.E. German Busch,3,220,34,2,48,8,70,1,0,2,0,165,2,5,172,165,172
9001006,ALCALDESA/ALCALDE,32,Bolivia,9,Pando,1,Nicolás Suárez,1,Cobija,2773,Cobija,12,U.E. German Busch,4,220,34,1,55,11,76,1,1,0,0,179,2,12,193,179,193
9001016,ALCALDESA/ALCALDE,32,Bolivia,9,Pando,1,Nicolás Suárez,1,Cobija,2773,Cobija,12,U.E. German Busch,5,122,19,0,18,8,51,0,0,0,0,96,3,5,104,96,104
9001026,ALCALDESA/ALCALDE,32,Bolivia,9,Pando,1,Nicolás Suárez,1,Cobija,2773,Cobija,13,(Cárcel) Cárcel Pública (Villa Busch),1,220,11,0,89,7,47,1,1,1,0,157,6,8,171,157,171
9001036,ALCALDESA/ALCALDE,32,Bolivia,9,Pando,1,Nicolás Suárez,1,Cobija,2773,Cobija,13,(Cárcel) Cárcel Pública (Villa Busch),2,105,3,1,40,1,6,1,1,1,0,54,29,1,84,54,84
9001046,ALCALDESA/ALCALDE,32,Bolivia,9,Pando,1,Nicolás Suárez,1,Cobija,2773,Cobija,14,U.E. De Bella Vista,1,220,26,1,68,12,71,0,1,1,0,180,3,3,186,180,186
9001056,ALCALDESA/ALCALDE,32,Bolivia,9,Pando,1,Nicolás Suárez,1,Cobija,2773,Cobija,14,U.E. De Bella Vista,2,220,19,0,72,6,76,2,0,3,0,178,3,2,183,178,183
9001066,ALCALDESA/ALCALDE,32,Bolivia,9,Pando,1,Nicolás Suárez,1,Cobija,2773,Cobija,14,U.E. De Bella Vista,3,220,21,0,60,9,80,0,1,0,0,171,6,6,183,171,183
9001076,ALCALDESA/ALCALDE,32,Bolivia,9,Pando,1,Nicolás Suárez,1,Cobija,2773,Cobija,14,U.E. De Bella Vista,4,220,22,2,64,4,88,1,1,0,0,182,4,3,189,182,189
9001096,ALCALDESA/ALCALDE,32,Bolivia,9,Pando,1,Nicolás Suárez,1,Cobija,2773,Cobija,14,U.E. De Bella Vista,6,162,14,0,52,4,61,0,1,1,0,133,2,4,139,133,139
9001106,ALCALDESA/ALCALDE,32,Bolivia,9,Pando,1,Nicolás Suárez,1,Cobija,2773,Cobija,26074,U. E. Abaroa,1,55,15,0,18,1,15,0,0,3,0,52,0,3,55,52,55
9001116,ALCALDESA/ALCALDE,32,Bolivia,9,Pando,1,Nicolás Suárez,1,Cobija,2773,Cobija,26076,U. E. Juan Evo Morales Ayma,1,220,28,3,67,16,69,1,1,2,0,187,2,11,200,187,200
9001126,ALCALDESA/ALCALDE,32,Bolivia,9,Pando,1,Nicolás Suárez,1,Cobija,2773,Cobija,26076,U. E. Juan Evo Morales Ayma,2,97,8,2,32,1,39,0,1,0,0,83,0,4,87,83,87
9001136,ALCALDESA/ALCALDE,32,Bolivia,9,Pando,1,Nicolás Suárez,1,Cobija,2773,Cobija,26077,U. E. Marcelo Quiroga Santa Cruz,1,220,26,1,58,9,75,1,0,1,0,171,4,12,187,171,187
9001146,ALCALDESA/ALCALDE,32,Bolivia,9,Pando,1,Nicolás Suárez,1,Cobija,2773,Cobija,26077,U. E. Marcelo Quiroga Santa Cruz,2,145,18,0,32,8,61,3,1,0,0,123,0,6,129,123,129
9001156,ALCALDESA/ALCALDE,32,Bolivia,9,Pando,1,Nicolás Suárez,1,Cobija,2773,Cobija,26078,U. E. Alfredo Ovando Candia,1,220,9,1,24,6,30,0,2,0,0,72,20,3,95,72,95
9001166,ALCALDESA/ALCALDE,32,Bolivia,9,Pando,1,Nicolás Suárez,1,Cobija,2773,Cobija,26078,U. E. Alfredo Ovando Candia,2,220,14,2,23,6,42,0,1,1,0,89,3,2,94,89,94
9001176,ALCALDESA/ALCALDE,32,Bolivia,9,Pando,1,Nicolás Suárez,1,Cobija,2773,Cobija,26078,U. E. Alfredo Ovando Candia,3,164,11,0,21,2,30,0,0,1,0,65,0,0,65,65,65
9001186,ALCALDESA/ALCALDE,32,Bolivia,9,Pando,1,Nicolás Suárez,1,Cobija,2773,Cobija,32001,Postal (Temporal),1,206,51,0,49,4,65,0,0,12,0,181,2,5,188,181,188
9001196,ALCALDESA/ALCALDE,32,Bolivia,9,Pando,1,Nicolás Suárez,1,Cobija,2773,Cobija,25036,U. E. Vaca Diez (Medio),1,220,46,0,32,10,89,1,1,4,0,183,0,7,190,183,190
9001206,ALCALDESA/ALCALDE,32,Bolivia,9,Pando,1,Nicolás Suárez,1,Cobija,2773,Cobija,25036,U. E. Vaca Diez (Medio),2,220,24,0,53,17,64,0,1,0,0,159,3,9,171,159,171
9001216,ALCALDESA/ALCALDE,32,Bolivia,9,Pando,1,Nicolás Suárez,1,Cobija,2773,Cobija,25036,U. E. Vaca Diez (Medio),3,220,29,3,51,11,79,0,1,1,0,175,1,4,180,175,180
9001226,ALCALDESA/ALCALDE,32,Bolivia,9,Pando,1,Nicolás Suárez,1,Cobija,2773,Cobija,25036,U. E. Vaca Diez (Medio),4,220,30,2,50,10,80,0,1,0,0,173,1,6,180,173,180
9001236,ALCALDESA/ALCALDE,32,Bolivia,9,Pando,1,Nicolás Suárez,1,Cobija,2773,Cobija,25036,U. E. Vaca Diez (Medio),5,220,20,0,66,14,68,0,2,0,0,170,2,6,178,170,178
9001246,ALCALDESA/ALCALDE,32,Bolivia,9,Pando,1,Nicolás Suárez,1,Cobija,2773,Cobija,25036,U. E. Vaca Diez (Medio),6,220,17,0,54,23,76,0,0,0,0,170,2,12,184,170,184
9001256,ALCALDESA/ALCALDE,32,Bolivia,9,Pando,1,Nicolás Suárez,1,Cobija,2773,Cobija,25036,U. E. Vaca Diez (Medio),7,220,34,2,45,18,74,1,2,5,0,181,1,1,183,181,183
9001266,ALCALDESA/ALCALDE,32,Bolivia,9,Pando,1,Nicolás Suárez,1,Cobija,2773,Cobija,25036,U. E. Vaca Diez (Medio),8,220,29,0,40,12,90,0,2,0,0,173,4,7,184,173,184
9001276,ALCALDESA/ALCALDE,32,Bolivia,9,Pando,1,Nicolás Suárez,1,Cobija,2773,Cobija,25036,U. E. Vaca Diez (Medio),9,220,40,3,42,21,83,0,1,1,0,191,2,7,200,191,200
9001286,ALCALDESA/ALCALDE,32,Bolivia,9,Pando,1,Nicolás Suárez,1,Cobija,2773,Cobija,25036,U. E. Vaca Diez (Medio),10,220,36,3,48,21,40,0,1,5,0,154,23,5,182,154,182
9001296,ALCALDESA/ALCALDE,32,Bolivia,9,Pando,1,Nicolás Suárez,1,Cobija,2773,Cobija,25036,U. E. Vaca Diez (Medio),11,80,15,0,17,3,24,0,0,1,0,60,1,3,64,60,64
9001306,ALCALDESA/ALCALDE,32,Bolivia,9,Pando,1,Nicolás Suárez,1,Cobija,2773,Cobija,25037,Kínder Víctor León Arueta,1,220,49,1,45,10,64,0,1,3,0,173,1,4,178,173,178
9001316,ALCALDESA/ALCALDE,32,Bolivia,9,Pando,1,Nicolás Suárez,1,Cobija,2773,Cobija,25037,Kínder Víctor León Arueta,2,39,3,0,10,5,14,0,0,0,0,32,1,1,34,32,34
9001326,ALCALDESA/ALCALDE,32,Bolivia,9,Pando,1,Nicolás Suárez,1,Cobija,2773,Cobija,25042,U.E. Villa Cruz,1,121,7,1,20,11,45,0,0,0,0,84,0,5,89,84,89
9001336,ALCALDESA/ALCALDE,32,Bolivia,9,Pando,1,Nicolás Suárez,1,Cobija,2773,Cobija,32002,INCOS Pando (Temporal),1,220,33,2,45,15,83,1,1,1,0,181,3,3,187,181,187
9001346,ALCALDESA/ALCALDE,32,Bolivia,9,Pando,1,Nicolás Suárez,1,Cobija,2773,Cobija,32002,INCOS Pando (Temporal),2,220,32,0,45,6,84,0,1,0,0,168,2,8,178,168,178
9001356,ALCALDESA/ALCALDE,32,Bolivia,9,Pando,1,Nicolás Suárez,1,Cobija,2773,Cobija,32002,INCOS Pando (Temporal),3,220,39,2,44,15,64,0,0,2,0,166,0,8,174,166,174
9001366,ALCALDESA/ALCALDE,32,Bolivia,9,Pando,1,Nicolás Suárez,1,Cobija,2773,Cobija,32002,INCOS Pando (Temporal),4,220,26,3,64,12,66,2,0,1,0,174,2,10,186,174,186
9001376,ALCALDESA/ALCALDE,32,Bolivia,9,Pando,1,Nicolás Suárez,1,Cobija,2773,Cobija,32002,INCOS Pando (Temporal),5,220,29,1,58,11,67,0,1,4,0,171,1,8,180,171,180
9001386,ALCALDESA/ALCALDE,32,Bolivia,9,Pando,1,Nicolás Suárez,1,Cobija,2773,Cobija,32002,INCOS Pando (Temporal),6,220,28,1,45,9,87,1,0,0,0,171,7,7,185,171,185
9001396,ALCALDESA/ALCALDE,32,Bolivia,9,Pando,1,Nicolás Suárez,1,Cobija,2773,Cobija,32002,INCOS Pando (Temporal),7,220,28,0,59,13,76,0,1,4,0,181,2,4,187,181,187
9001406,ALCALDESA/ALCALDE,32,Bolivia,9,Pando,1,Nicolás Suárez,1,Cobija,2773,Cobija,32002,INCOS Pando (Temporal),8,57,4,0,16,2,25,0,0,0,0,47,0,1,48,47,48
9001416,ALCALDESA/ALCALDE,32,Bolivia,9,Pando,1,Nicolás Suárez,1,Cobija,2773,Cobija,25033,U. E. Sofia Calpiñeiro,1,220,26,2,56,14,77,0,0,2,0,177,1,7,185,177,185
9001426,ALCALDESA/ALCALDE,32,Bolivia,9,Pando,1,Nicolás Suárez,1,Cobija,2773,Cobija,25033,U. E. Sofia Calpiñeiro,2,220,33,3,55,17,60,0,0,4,0,172,2,3,177,172,177
9001436,ALCALDESA/ALCALDE,32,Bolivia,9,Pando,1,Nicolás Suárez,1,Cobija,2773,Cobija,25033,U. E. Sofia Calpiñeiro,3,220,19,1,41,16,81,0,0,2,0,160,0,4,164,160,164
9001446,ALCALDESA/ALCALDE,32,Bolivia,9,Pando,1,Nicolás Suárez,1,Cobija,2773,Cobija,25033,U. E. Sofia Calpiñeiro,4,220,38,0,50,11,67,0,0,0,0,166,2,5,173,166,173
9001456,ALCALDESA/ALCALDE,32,Bolivia,9,Pando,1,Nicolás Suárez,1,Cobija,2773,Cobija,25033,U. E. Sofia Calpiñeiro,5,220,43,0,36,12,81,0,0,3,0,175,2,1,178,175,178
9001466,ALCALDESA/ALCALDE,32,Bolivia,9,Pando,1,Nicolás Suárez,1,Cobija,2773,Cobija,25033,U. E. Sofia Calpiñeiro,6,139,17,0,28,9,52,0,0,2,0,108,3,6,117,108,117
9001476,ALCALDESA/ALCALDE,32,Bolivia,9,Pando,1,Nicolás Suárez,1,Cobija,2773,Cobija,25938,U.E. Héroes de la Distancia,1,220,39,1,44,8,75,0,1,1,0,169,5,5,179,169,179
9001486,ALCALDESA/ALCALDE,32,Bolivia,9,Pando,1,Nicolás Suárez,1,Cobija,2773,Cobija,25938,U.E. Héroes de la Distancia,2,220,23,0,44,22,68,0,1,2,0,160,0,10,170,160,170
9001496,ALCALDESA/ALCALDE,32,Bolivia,9,Pando,1,Nicolás Suárez,1,Cobija,2773,Cobija,25938,U.E. Héroes de la Distancia,3,220,33,0,53,21,75,0,0,0,0,182,2,9,193,182,193
9001506,ALCALDESA/ALCALDE,32,Bolivia,9,Pando,1,Nicolás Suárez,1,Cobija,2773,Cobija,25938,U.E. Héroes de la Distancia,4,220,22,4,50,15,83,0,0,0,0,174,0,6,180,174,180
9001516,ALCALDESA/ALCALDE,32,Bolivia,9,Pando,1,Nicolás Suárez,1,Cobija,2773,Cobija,25938,U.E. Héroes de la Distancia,5,215,33,0,47,15,61,0,1,1,0,158,1,8,167,158,167
9001526,ALCALDESA/ALCALDE,32,Bolivia,9,Pando,1,Nicolás Suárez,1,Cobija,2773,Cobija,25040,U. E. Manuela Rojas,1,220,23,1,48,14,88,2,1,1,0,178,6,9,193,178,193
9001536,ALCALDESA/ALCALDE,32,Bolivia,9,Pando,1,Nicolás Suárez,1,Cobija,2773,Cobija,25040,U. E. Manuela Rojas,2,220,23,1,49,15,90,3,1,2,0,184,2,8,194,184,194
9001546,ALCALDESA/ALCALDE,32,Bolivia,9,Pando,1,Nicolás Suárez,1,Cobija,2773,Cobija,25040,U. E. Manuela Rojas,3,220,34,0,57,8,67,0,1,2,0,169,5,6,180,169,180
9001556,ALCALDESA/ALCALDE,32,Bolivia,9,Pando,1,Nicolás Suárez,1,Cobija,2773,Cobija,25040,U. E. Manuela Rojas,4,220,24,0,68,8,81,2,2,0,0,185,3,6,194,185,194
9001566,ALCALDESA/ALCALDE,32,Bolivia,9,Pando,1,Nicolás Suárez,1,Cobija,2773,Cobija,25040,U. E. Manuela Rojas,5,220,24,2,57,17,71,0,2,1,0,174,1,7,182,174,182
9001576,ALCALDESA/ALCALDE,32,Bolivia,9,Pando,1,Nicolás Suárez,1,Cobija,2773,Cobija,25040,U. E. Manuela Rojas,6,220,22,2,55,13,81,0,1,0,0,174,4,5,183,174,183
9001586,ALCALDESA/ALCALDE,32,Bolivia,9,Pando,1,Nicolás Suárez,1,Cobija,2773,Cobija,25040,U. E. Manuela Rojas,7,220,32,2,63,10,72,0,0,1,0,180,3,6,189,180,189
9001596,ALCALDESA/ALCALDE,32,Bolivia,9,Pando,1,Nicolás Suárez,1,Cobija,2773,Cobija,25040,U. E. Manuela Rojas,8,220,30,0,55,11,76,0,0,1,0,173,2,12,187,173,187
9001606,ALCALDESA/ALCALDE,32,Bolivia,9,Pando,1,Nicolás Suárez,1,Cobija,2773,Cobija,25040,U. E. Manuela Rojas,9,220,29,1,46,15,78,1,0,0,0,170,5,13,188,170,188
9001626,ALCALDESA/ALCALDE,32,Bolivia,9,Pando,1,Nicolás Suárez,1,Cobija,2773,Cobija,25040,U. E. Manuela Rojas,11,220,15,0,58,9,93,0,1,2,0,178,1,5,184,178,184
9001636,ALCALDESA/ALCALDE,32,Bolivia,9,Pando,1,Nicolás Suárez,1,Cobija,2773,Cobija,25040,U. E. Manuela Rojas,12,220,30,0,56,9,90,0,2,0,0,187,1,8,196,187,196
9001646,ALCALDESA/ALCALDE,32,Bolivia,9,Pando,1,Nicolás Suárez,1,Cobija,2773,Cobija,25040,U. E. Manuela Rojas,13,220,28,0,61,11,76,1,3,1,0,181,1,5,187,181,187
9001656,ALCALDESA/ALCALDE,32,Bolivia,9,Pando,1,Nicolás Suárez,1,Cobija,2773,Cobija,25040,U. E. Manuela Rojas,14,168,24,0,33,11,66,0,1,0,0,135,2,3,140,135,140
9001666,ALCALDESA/ALCALDE,32,Bolivia,9,Pando,1,Nicolás Suárez,1,Cobija,2773,Cobija,25041,U. E. Simon Bolivar,1,220,32,2,47,12,70,1,0,0,0,164,8,12,184,164,184
9001676,ALCALDESA/ALCALDE,32,Bolivia,9,Pando,1,Nicolás Suárez,1,Cobija,2773,Cobija,25041,U. E. Simon Bolivar,2,220,21,3,48,7,95,0,1,1,0,176,1,6,183,176,183
9001686,ALCALDESA/ALCALDE,32,Bolivia,9,Pando,1,Nicolás Suárez,1,Cobija,2773,Cobija,25041,U. E. Simon Bolivar,3,220,30,2,49,7,90,1,0,0,0,179,4,10,193,179,193
9001696,ALCALDESA/ALCALDE,32,Bolivia,9,Pando,1,Nicolás Suárez,1,Cobija,2773,Cobija,25041,U. E. Simon Bolivar,4,220,28,1,44,14,90,1,0,1,0,179,3,10,192,179,192
9001706,ALCALDESA/ALCALDE,32,Bolivia,9,Pando,1,Nicolás Suárez,1,Cobija,2773,Cobija,25041,U. E. Simon Bolivar,5,220,27,2,59,8,86,2,1,0,0,185,4,9,198,185,198
9001716,ALCALDESA/ALCALDE,32,Bolivia,9,Pando,1,Nicolás Suárez,1,Cobija,2773,Cobija,25041,U. E. Simon Bolivar,6,220,19,3,56,10,96,0,0,2,0,186,4,6,196,186,196
9001726,ALCALDESA/ALCALDE,32,Bolivia,9,Pando,1,Nicolás Suárez,1,Cobija,2773,Cobija,25041,U. E. Simon Bolivar,7,220,24,0,73,13,72,1,1,2,0,186,3,8,197,186,197
9001736,ALCALDESA/ALCALDE,32,Bolivia,9,Pando,1,Nicolás Suárez,1,Cobija,2773,Cobija,25041,U. E. Simon Bolivar,8,220,27,2,47,16,93,0,1,3,0,189,2,7,198,189,198
9001746,ALCALDESA/ALCALDE,32,Bolivia,9,Pando,1,Nicolás Suárez,1,Cobija,2773,Cobija,25041,U. E. Simon Bolivar,9,220,37,2,56,3,82,1,0,0,0,181,5,4,190,181,190
9001756,ALCALDESA/ALCALDE,32,Bolivia,9,Pando,1,Nicolás Suárez,1,Cobija,2773,Cobija,25041,U. E. Simon Bolivar,10,220,20,0,53,10,80,2,0,3,0,168,4,9,181,168,181
9001766,ALCALDESA/ALCALDE,32,Bolivia,9,Pando,1,Nicolás Suárez,1,Cobija,2773,Cobija,25041,U. E. Simon Bolivar,11,220,27,0,57,8,82,0,2,0,0,176,1,7,184,176,184
9001776,ALCALDESA/ALCALDE,32,Bolivia,9,Pando,1,Nicolás Suárez,1,Cobija,2773,Cobija,25041,U. E. Simon Bolivar,12,220,25,0,55,16,78,0,0,3,0,177,4,8,189,177,189
9001786,ALCALDESA/ALCALDE,32,Bolivia,9,Pando,1,Nicolás Suárez,1,Cobija,2773,Cobija,25041,U. E. Simon Bolivar,13,143,29,0,30,10,48,0,1,0,0,118,9,3,130,118,130
9001796,ALCALDESA/ALCALDE,32,Bolivia,9,Pando,1,Nicolás Suárez,1,Cobija,4277,Mejillones,25963,U.E. Mejillones,1,147,29,2,27,8,65,0,1,0,0,132,2,7,141,132,141
9001806,ALCALDESA/ALCALDE,32,Bolivia,9,Pando,1,Nicolás Suárez,1,Cobija,4278,Villa Rosario,25964,U. E. María Barzola,1,150,18,0,36,3,79,0,1,1,0,138,2,2,142,138,142
9000016,CONCEJALES,32,Bolivia,9,Pando,1,Nicolás Suárez,1,Cobija,2751,Nueva Esperanza,13,U.E. Nueva Esperanza,1,136,18,0,54,5,29,0,0,0,0,106,16,1,123,106,123
9000026,CONCEJALES,32,Bolivia,9,Pando,1,Nicolás Suárez,1,Cobija,2773,Cobija,3,U. E. Instituto Americano,1,220,30,1,47,13,59,1,2,3,0,156,30,5,191,156,191
9000036,CONCEJALES,32,Bolivia,9,Pando,1,Nicolás Suárez,1,Cobija,2773,Cobija,3,U. E. Instituto Americano,2,220,39,0,40,21,39,0,1,2,0,142,34,2,178,142,178
9000046,CONCEJALES,32,Bolivia,9,Pando,1,Nicolás Suárez,1,Cobija,2773,Cobija,3,U. E. Instituto Americano,3,220,32,2,41,25,61,2,4,0,0,167,21,1,189,167,189
9000056,CONCEJALES,32,Bolivia,9,Pando,1,Nicolás Suárez,1,Cobija,2773,Cobija,3,U. E. Instituto Americano,4,146,25,0,22,15,45,0,4,5,0,116,8,0,124,116,124
9000066,CONCEJALES,32,Bolivia,9,Pando,1,Nicolás Suárez,1,Cobija,2773,Cobija,5,U. E.  America,1,220,36,2,51,19,50,0,1,2,0,161,26,2,189,161,189
9000076,CONCEJALES,32,Bolivia,9,Pando,1,Nicolás Suárez,1,Cobija,2773,Cobija,5,U. E.  America,2,220,36,2,55,10,49,0,0,2,0,154,24,5,183,154,183
9000086,CONCEJALES,32,Bolivia,9,Pando,1,Nicolás Suárez,1,Cobija,2773,Cobija,5,U. E.  America,3,182,29,0,33,20,38,1,1,3,0,125,24,4,153,125,153
9000096,CONCEJALES,32,Bolivia,9,Pando,1,Nicolás Suárez,1,Cobija,2773,Cobija,8,U.E. Mariano Baptista,1,220,28,2,42,16,45,1,0,1,0,135,33,1,169,135,169
9000106,CONCEJALES,32,Bolivia,9,Pando,1,Nicolás Suárez,1,Cobija,2773,Cobija,8,U.E. Mariano Baptista,2,220,11,0,44,19,51,2,5,2,0,134,26,3,163,134,163
9000116,CONCEJALES,32,Bolivia,9,Pando,1,Nicolás Suárez,1,Cobija,2773,Cobija,8,U.E. Mariano Baptista,3,220,11,0,42,20,54,0,3,3,0,133,29,4,166,133,166
9000126,CONCEJALES,32,Bolivia,9,Pando,1,Nicolás Suárez,1,Cobija,2773,Cobija,8,U.E. Mariano Baptista,4,220,22,0,36,21,56,2,3,2,0,142,23,1,166,142,166
9000136,CONCEJALES,32,Bolivia,9,Pando,1,Nicolás Suárez,1,Cobija,2773,Cobija,8,U.E. Mariano Baptista,5,220,28,0,38,18,53,2,1,0,0,140,36,2,178,140,178
9000146,CONCEJALES,32,Bolivia,9,Pando,1,Nicolás Suárez,1,Cobija,2773,Cobija,8,U.E. Mariano Baptista,6,69,6,0,17,8,14,0,0,0,0,45,10,1,56,45,56
9000156,CONCEJALES,32,Bolivia,9,Pando,1,Nicolás Suárez,1,Cobija,2773,Cobija,23,U. E. Vaca Diez (Intermedio),1,220,16,1,47,8,31,0,1,3,0,107,29,2,138,107,138
9000166,CONCEJALES,32,Bolivia,9,Pando,1,Nicolás Suárez,1,Cobija,2773,Cobija,23,U. E. Vaca Diez (Intermedio),2,220,22,3,47,11,31,1,1,2,0,118,25,2,145,118,145
9000176,CONCEJALES,32,Bolivia,9,Pando,1,Nicolás Suárez,1,Cobija,2773,Cobija,23,U. E. Vaca Diez (Intermedio),3,220,18,0,46,18,38,0,1,4,0,125,20,4,149,125,149
9000186,CONCEJALES,32,Bolivia,9,Pando,1,Nicolás Suárez,1,Cobija,2773,Cobija,23,U. E. Vaca Diez (Intermedio),4,220,37,0,31,9,40,1,2,3,0,123,22,0,145,123,145
9000196,CONCEJALES,32,Bolivia,9,Pando,1,Nicolás Suárez,1,Cobija,2773,Cobija,23,U. E. Vaca Diez (Intermedio),5,147,21,0,37,14,18,0,1,1,0,92,12,4,108,92,108
9000206,CONCEJALES,32,Bolivia,9,Pando,1,Nicolás Suárez,1,Cobija,2773,Cobija,25028,U. E. Cobija,1,220,16,4,44,7,46,2,0,1,0,120,4,3,127,120,127
9000216,CONCEJALES,32,Bolivia,9,Pando,1,Nicolás Suárez,1,Cobija,2773,Cobija,25028,U. E. Cobija,2,220,21,4,44,17,45,1,2,6,0,140,29,7,176,140,176
9000226,CONCEJALES,32,Bolivia,9,Pando,1,Nicolás Suárez,1,Cobija,2773,Cobija,25028,U. E. Cobija,3,220,16,3,41,9,50,2,2,4,0,127,27,0,154,127,154
9000236,CONCEJALES,32,Bolivia,9,Pando,1,Nicolás Suárez,1,Cobija,2773,Cobija,25028,U. E. Cobija,4,220,19,2,35,12,42,3,2,3,0,118,29,1,148,118,148
9000246,CONCEJALES,32,Bolivia,9,Pando,1,Nicolás Suárez,1,Cobija,2773,Cobija,25028,U. E. Cobija,5,220,23,2,55,11,41,2,1,1,0,136,30,1,167,136,167
9000256,CONCEJALES,32,Bolivia,9,Pando,1,Nicolás Suárez,1,Cobija,2773,Cobija,25028,U. E. Cobija,6,220,28,1,43,10,59,2,0,2,0,145,31,1,177,145,177
9000266,CONCEJALES,32,Bolivia,9,Pando,1,Nicolás Suárez,1,Cobija,2773,Cobija,25028,U. E. Cobija,7,220,19,1,49,13,49,0,1,3,0,135,30,2,167,135,167
9000276,CONCEJALES,32,Bolivia,9,Pando,1,Nicolás Suárez,1,Cobija,2773,Cobija,25028,U. E. Cobija,8,220,11,0,44,12,37,2,2,2,0,110,31,6,147,110,147
9000286,CONCEJALES,32,Bolivia,9,Pando,1,Nicolás Suárez,1,Cobija,2773,Cobija,25028,U. E. Cobija,9,220,17,2,36,10,39,6,1,6,0,117,43,7,167,117,167
9000296,CONCEJALES,32,Bolivia,9,Pando,1,Nicolás Suárez,1,Cobija,2773,Cobija,25028,U. E. Cobija,10,220,15,1,50,15,49,2,2,2,0,136,33,1,170,136,170
9000306,CONCEJALES,32,Bolivia,9,Pando,1,Nicolás Suárez,1,Cobija,2773,Cobija,25028,U. E. Cobija,11,220,22,0,48,10,41,0,1,1,0,123,37,6,166,123,166
9000316,CONCEJALES,32,Bolivia,9,Pando,1,Nicolás Suárez,1,Cobija,2773,Cobija,25028,U. E. Cobija,12,220,28,1,38,16,44,1,2,1,0,131,33,5,169,131,169
9000326,CONCEJALES,32,Bolivia,9,Pando,1,Nicolás Suárez,1,Cobija,2773,Cobija,25028,U. E. Cobija,13,220,33,0,43,11,52,1,0,6,0,146,23,4,173,146,173
9000336,CONCEJALES,32,Bolivia,9,Pando,1,Nicolás Suárez,1,Cobija,2773,Cobija,25028,U. E. Cobija,14,220,18,3,43,17,43,1,2,2,0,129,29,6,164,129,164
9000346,CONCEJALES,32,Bolivia,9,Pando,1,Nicolás Suárez,1,Cobija,2773,Cobija,25028,U. E. Cobija,15,167,9,1,30,10,50,1,2,1,0,104,22,2,128,104,128
9000356,CONCEJALES,32,Bolivia,9,Pando,1,Nicolás Suárez,1,Cobija,2773,Cobija,25034,U. E. Juana Azurduy De Padilla,1,220,40,0,33,20,45,1,0,0,0,139,38,4,181,139,181
9000366,CONCEJALES,32,Bolivia,9,Pando,1,Nicolás Suárez,1,Cobija,2773,Cobija,25034,U. E. Juana Azurduy De Padilla,2,220,30,2,38,17,57,1,2,5,0,152,28,4,184,152,184
9000376,CONCEJALES,32,Bolivia,9,Pando,1,Nicolás Suárez,1,Cobija,2773,Cobija,25034,U. E. Juana Azurduy De Padilla,3,220,28,4,33,18,48,0,4,3,0,138,32,3,173,138,173
9000386,CONCEJALES,32,Bolivia,9,Pando,1,Nicolás Suárez,1,Cobija,2773,Cobija,25034,U. E. Juana Azurduy De Padilla,4,91,19,0,18,2,33,0,0,1,0,73,2,1,76,73,76
9000406,CONCEJALES,32,Bolivia,9,Pando,1,Nicolás Suárez,1,Cobija,2773,Cobija,11,U. E. 11 de Octubre,2,220,29,0,43,13,56,0,5,5,0,151,37,2,190,151,190
9000416,CONCEJALES,32,Bolivia,9,Pando,1,Nicolás Suárez,1,Cobija,2773,Cobija,11,U. E. 11 de Octubre,3,220,10,2,55,11,46,0,2,6,0,132,31,6,169,132,169
9000426,CONCEJALES,32,Bolivia,9,Pando,1,Nicolás Suárez,1,Cobija,2773,Cobija,11,U. E. 11 de Octubre,4,220,20,1,41,15,55,0,4,2,0,138,44,1,183,138,183
9000436,CONCEJALES,32,Bolivia,9,Pando,1,Nicolás Suárez,1,Cobija,2773,Cobija,11,U. E. 11 de Octubre,5,220,17,4,41,8,58,1,1,1,0,131,48,4,183,131,183
9000456,CONCEJALES,32,Bolivia,9,Pando,1,Nicolás Suárez,1,Cobija,2773,Cobija,11,U. E. 11 de Octubre,7,220,14,1,48,11,53,0,0,1,0,128,44,4,176,128,176
9000466,CONCEJALES,32,Bolivia,9,Pando,1,Nicolás Suárez,1,Cobija,2773,Cobija,11,U. E. 11 de Octubre,8,220,27,3,42,8,43,3,1,2,0,129,31,5,165,129,165
9000476,CONCEJALES,32,Bolivia,9,Pando,1,Nicolás Suárez,1,Cobija,2773,Cobija,11,U. E. 11 de Octubre,9,220,21,5,45,14,43,0,4,3,0,135,44,2,181,135,181
9000486,CONCEJALES,32,Bolivia,9,Pando,1,Nicolás Suárez,1,Cobija,2773,Cobija,11,U. E. 11 de Octubre,10,220,23,3,53,22,38,2,2,3,0,146,27,5,178,146,178
9000496,CONCEJALES,32,Bolivia,9,Pando,1,Nicolás Suárez,1,Cobija,2773,Cobija,11,U. E. 11 de Octubre,11,220,24,4,46,11,46,1,2,1,0,135,47,5,187,135,187
9000506,CONCEJALES,32,Bolivia,9,Pando,1,Nicolás Suárez,1,Cobija,2773,Cobija,11,U. E. 11 de Octubre,12,63,4,1,11,5,14,0,0,1,0,36,10,0,46,36,46
9000516,CONCEJALES,32,Bolivia,9,Pando,1,Nicolás Suárez,1,Cobija,2773,Cobija,25029,U. E. Mariscal Sucre,1,220,23,1,57,10,54,0,1,2,0,148,33,3,184,148,184
9000526,CONCEJALES,32,Bolivia,9,Pando,1,Nicolás Suárez,1,Cobija,2773,Cobija,25029,U. E. Mariscal Sucre,2,220,10,0,58,6,61,2,3,3,0,143,31,2,176,143,176
9000536,CONCEJALES,32,Bolivia,9,Pando,1,Nicolás Suárez,1,Cobija,2773,Cobija,25029,U. E. Mariscal Sucre,3,220,14,2,69,11,53,0,4,2,0,155,28,2,185,155,185
9000546,CONCEJALES,32,Bolivia,9,Pando,1,Nicolás Suárez,1,Cobija,2773,Cobija,25029,U. E. Mariscal Sucre,4,220,19,1,64,11,42,0,3,3,0,143,25,6,174,143,174
9000556,CONCEJALES,32,Bolivia,9,Pando,1,Nicolás Suárez,1,Cobija,2773,Cobija,25029,U. E. Mariscal Sucre,5,220,18,0,55,11,47,0,4,0,0,135,38,5,178,135,178
9000566,CONCEJALES,32,Bolivia,9,Pando,1,Nicolás Suárez,1,Cobija,2773,Cobija,25029,U. E. Mariscal Sucre,6,220,22,2,47,12,46,0,0,2,0,131,35,3,169,131,169
9000576,CONCEJALES,32,Bolivia,9,Pando,1,Nicolás Suárez,1,Cobija,2773,Cobija,25029,U. E. Mariscal Sucre,7,220,10,0,63,11,52,1,1,1,0,139,34,3,176,139,176
9000596,CONCEJALES,32,Bolivia,9,Pando,1,Nicolás Suárez,1,Cobija,2773,Cobija,25029,U. E. Mariscal Sucre,9,220,13,1,49,11,44,0,1,3,0,122,40,3,165,122,165
9000606,CONCEJALES,32,Bolivia,9,Pando,1,Nicolás Suárez,1,Cobija,2773,Cobija,25029,U. E. Mariscal Sucre,10,220,20,3,41,18,56,1,3,3,0,145,44,3,192,145,192
9000616,CONCEJALES,32,Bolivia,9,Pando,1,Nicolás Suárez,1,Cobija,2773,Cobija,25029,U. E. Mariscal Sucre,11,220,12,1,53,5,63,2,1,5,0,142,37,1,180,142,180
9000626,CONCEJALES,32,Bolivia,9,Pando,1,Nicolás Suárez,1,Cobija,2773,Cobija,25029,U. E. Mariscal Sucre,12,169,20,1,41,7,37,0,4,0,0,110,23,5,138,110,138
9000636,CONCEJALES,32,Bolivia,9,Pando,1,Nicolás Suárez,1,Cobija,2773,Cobija,25031,U. E. Rogelia Menacho De Balcazar,1,220,22,3,50,13,51,0,3,4,0,146,28,5,179,146,179
9000646,CONCEJALES,32,Bolivia,9,Pando,1,Nicolás Suárez,1,Cobija,2773,Cobija,25031,U. E. Rogelia Menacho De Balcazar,2,220,21,3,63,18,44,1,1,0,0,151,41,1,193,151,193
9000656,CONCEJALES,32,Bolivia,9,Pando,1,Nicolás Suárez,1,Cobija,2773,Cobija,25031,U. E. Rogelia Menacho De Balcazar,3,220,24,1,52,7,51,1,1,2,0,139,43,2,184,139,184
9000666,CONCEJALES,32,Bolivia,9,Pando,1,Nicolás Suárez,1,Cobija,2773,Cobija,25031,U. E. Rogelia Menacho De Balcazar,4,220,20,1,47,13,43,0,2,1,0,127,49,2,178,127,178
9000676,CONCEJALES,32,Bolivia,9,Pando,1,Nicolás Suárez,1,Cobija,2773,Cobija,25031,U. E. Rogelia Menacho De Balcazar,5,220,29,1,50,15,46,0,0,2,0,143,45,1,189,143,189
9000686,CONCEJALES,32,Bolivia,9,Pando,1,Nicolás Suárez,1,Cobija,2773,Cobija,25031,U. E. Rogelia Menacho De Balcazar,6,220,31,0,53,11,49,1,1,4,0,150,40,3,193,150,193
9000696,CONCEJALES,32,Bolivia,9,Pando,1,Nicolás Suárez,1,Cobija,2773,Cobija,25031,U. E. Rogelia Menacho De Balcazar,7,220,25,1,79,6,32,2,1,2,0,148,42,1,191,148,191
9000706,CONCEJALES,32,Bolivia,9,Pando,1,Nicolás Suárez,1,Cobija,2773,Cobija,25031,U. E. Rogelia Menacho De Balcazar,8,151,17,2,38,7,40,0,1,2,0,107,26,4,137,107,137
9000716,CONCEJALES,32,Bolivia,9,Pando,1,Nicolás Suárez,1,Cobija,2773,Cobija,25032,U. E. José Manuel Pando,1,220,26,2,53,12,56,2,6,8,0,165,27,3,195,165,195
9000726,CONCEJALES,32,Bolivia,9,Pando,1,Nicolás Suárez,1,Cobija,2773,Cobija,25032,U. E. José Manuel Pando,2,220,19,2,56,10,43,1,3,3,0,137,40,2,179,137,179
9000736,CONCEJALES,32,Bolivia,9,Pando,1,Nicolás Suárez,1,Cobija,2773,Cobija,25032,U. E. José Manuel Pando,3,220,14,1,52,12,42,2,7,2,0,132,48,2,182,132,182
9000746,CONCEJALES,32,Bolivia,9,Pando,1,Nicolás Suárez,1,Cobija,2773,Cobija,25032,U. E. José Manuel Pando,4,220,21,0,52,9,58,0,4,5,0,149,36,5,190,149,190
9000756,CONCEJALES,32,Bolivia,9,Pando,1,Nicolás Suárez,1,Cobija,2773,Cobija,25032,U. E. José Manuel Pando,5,220,9,1,55,9,60,0,3,0,0,137,37,7,181,137,181
9000766,CONCEJALES,32,Bolivia,9,Pando,1,Nicolás Suárez,1,Cobija,2773,Cobija,25032,U. E. José Manuel Pando,6,220,20,0,43,14,60,0,3,3,0,143,35,3,181,143,181
9000776,CONCEJALES,32,Bolivia,9,Pando,1,Nicolás Suárez,1,Cobija,2773,Cobija,25032,U. E. José Manuel Pando,7,220,9,3,41,10,55,0,1,4,0,123,47,0,170,123,170
9000786,CONCEJALES,32,Bolivia,9,Pando,1,Nicolás Suárez,1,Cobija,2773,Cobija,25032,U. E. José Manuel Pando,8,220,10,1,52,13,52,0,0,2,0,130,45,12,187,130,187
9000796,CONCEJALES,32,Bolivia,9,Pando,1,Nicolás Suárez,1,Cobija,2773,Cobija,25032,U. E. José Manuel Pando,9,220,16,3,60,11,39,0,4,4,0,137,42,3,182,137,182
9000806,CONCEJALES,32,Bolivia,9,Pando,1,Nicolás Suárez,1,Cobija,2773,Cobija,25032,U. E. José Manuel Pando,10,220,13,1,59,8,45,3,1,3,0,133,46,3,182,133,182
9000816,CONCEJALES,32,Bolivia,9,Pando,1,Nicolás Suárez,1,Cobija,2773,Cobija,25032,U. E. José Manuel Pando,11,220,20,2,41,14,56,1,8,4,0,146,39,4,189,146,189
9000826,CONCEJALES,32,Bolivia,9,Pando,1,Nicolás Suárez,1,Cobija,2773,Cobija,25032,U. E. José Manuel Pando,12,220,25,1,39,11,44,0,3,3,0,126,45,3,174,126,174
9000836,CONCEJALES,32,Bolivia,9,Pando,1,Nicolás Suárez,1,Cobija,2773,Cobija,25032,U. E. José Manuel Pando,13,220,18,0,37,11,65,0,4,2,0,137,52,6,195,137,195
9000846,CONCEJALES,32,Bolivia,9,Pando,1,Nicolás Suárez,1,Cobija,2773,Cobija,25032,U. E. José Manuel Pando,14,215,19,3,51,7,55,0,2,3,0,140,48,0,188,140,188
9000866,CONCEJALES,32,Bolivia,9,Pando,1,Nicolás Suárez,1,Cobija,2773,Cobija,25035,U.E. Defensores Del Acre,2,220,22,0,57,9,47,1,2,1,0,139,47,3,189,139,189
9000876,CONCEJALES,32,Bolivia,9,Pando,1,Nicolás Suárez,1,Cobija,2773,Cobija,25035,U.E. Defensores Del Acre,3,220,12,2,58,11,45,0,0,3,0,131,53,1,185,131,185
9000886,CONCEJALES,32,Bolivia,9,Pando,1,Nicolás Suárez,1,Cobija,2773,Cobija,25035,U.E. Defensores Del Acre,4,220,17,0,59,9,46,1,1,2,0,135,35,2,172,135,172
9000896,CONCEJALES,32,Bolivia,9,Pando,1,Nicolás Suárez,1,Cobija,2773,Cobija,25035,U.E. Defensores Del Acre,5,220,21,2,48,16,52,1,2,2,0,144,40,4,188,144,188
9000906,CONCEJALES,32,Bolivia,9,Pando,1,Nicolás Suárez,1,Cobija,2773,Cobija,25035,U.E. Defensores Del Acre,6,220,11,1,55,12,52,0,2,1,0,134,42,7,183,134,183
9000916,CONCEJALES,32,Bolivia,9,Pando,1,Nicolás Suárez,1,Cobija,2773,Cobija,25035,U.E. Defensores Del Acre,7,220,18,1,46,19,46,2,3,4,0,139,39,7,185,139,185
9000926,CONCEJALES,32,Bolivia,9,Pando,1,Nicolás Suárez,1,Cobija,2773,Cobija,25035,U.E. Defensores Del Acre,8,220,16,1,44,15,44,0,1,1,0,122,39,6,167,122,167
9000936,CONCEJALES,32,Bolivia,9,Pando,1,Nicolás Suárez,1,Cobija,2773,Cobija,25035,U.E. Defensores Del Acre,9,220,32,2,51,12,40,0,2,2,0,141,35,4,180,141,180
9000946,CONCEJALES,32,Bolivia,9,Pando,1,Nicolás Suárez,1,Cobija,2773,Cobija,25035,U.E. Defensores Del Acre,10,220,27,1,55,13,47,0,1,1,0,145,40,2,187,145,187
9000956,CONCEJALES,32,Bolivia,9,Pando,1,Nicolás Suárez,1,Cobija,2773,Cobija,25035,U.E. Defensores Del Acre,11,220,21,0,45,10,62,2,0,2,0,142,45,1,188,142,188
9000966,CONCEJALES,32,Bolivia,9,Pando,1,Nicolás Suárez,1,Cobija,2773,Cobija,25035,U.E. Defensores Del Acre,12,116,7,0,19,8,26,0,1,1,0,62,27,1,90,62,90
9000976,CONCEJALES,32,Bolivia,9,Pando,1,Nicolás Suárez,1,Cobija,2773,Cobija,12,U.E. German Busch,1,220,28,2,37,7,51,0,2,3,0,130,49,4,183,130,183
9000986,CONCEJALES,32,Bolivia,9,Pando,1,Nicolás Suárez,1,Cobija,2773,Cobija,12,U.E. German Busch,2,220,19,0,68,11,29,0,5,2,0,134,52,3,189,134,189
9000996,CONCEJALES,32,Bolivia,9,Pando,1,Nicolás Suárez,1,Cobija,2773,Cobija,12,U.E. German Busch,3,220,26,1,40,10,48,2,5,2,0,134,37,1,172,134,172
9001006,CONCEJALES,32,Bolivia,9,Pando,1,Nicolás Suárez,1,Cobija,2773,Cobija,12,U.E. German Busch,4,220,26,1,48,15,48,1,4,2,0,145,43,5,193,145,193
9001016,CONCEJALES,32,Bolivia,9,Pando,1,Nicolás Suárez,1,Cobija,2773,Cobija,12,U.E. German Busch,5,122,15,0,16,9,35,0,2,0,0,77,25,2,104,77,104
9001026,CONCEJALES,32,Bolivia,9,Pando,1,Nicolás Suárez,1,Cobija,2773,Cobija,13,(Cárcel) Cárcel Pública (Villa Busch),1,220,6,1,76,4,25,1,0,1,0,114,53,4,171,114,171
9001036,CONCEJALES,32,Bolivia,9,Pando,1,Nicolás Suárez,1,Cobija,2773,Cobija,13,(Cárcel) Cárcel Pública (Villa Busch),2,105,6,1,48,2,13,1,0,2,0,73,8,3,84,73,84
9001046,CONCEJALES,32,Bolivia,9,Pando,1,Nicolás Suárez,1,Cobija,2773,Cobija,14,U.E. De Bella Vista,1,220,27,1,63,12,51,0,0,1,0,155,30,1,186,155,186
9001056,CONCEJALES,32,Bolivia,9,Pando,1,Nicolás Suárez,1,Cobija,2773,Cobija,14,U.E. De Bella Vista,2,220,23,1,67,6,39,1,0,2,0,139,41,3,183,139,183
9001066,CONCEJALES,32,Bolivia,9,Pando,1,Nicolás Suárez,1,Cobija,2773,Cobija,14,U.E. De Bella Vista,3,220,18,0,52,14,52,1,1,1,0,139,39,5,183,139,183
9001076,CONCEJALES,32,Bolivia,9,Pando,1,Nicolás Suárez,1,Cobija,2773,Cobija,14,U.E. De Bella Vista,4,220,19,1,64,6,52,0,3,2,0,147,39,3,189,147,189
9001096,CONCEJALES,32,Bolivia,9,Pando,1,Nicolás Suárez,1,Cobija,2773,Cobija,14,U.E. De Bella Vista,6,162,13,0,46,6,37,0,1,2,0,105,33,1,139,105,139
9001106,CONCEJALES,32,Bolivia,9,Pando,1,Nicolás Suárez,1,Cobija,2773,Cobija,26074,U. E. Abaroa,1,55,9,0,15,1,10,0,4,7,0,46,8,1,55,46,55
9001116,CONCEJALES,32,Bolivia,9,Pando,1,Nicolás Suárez,1,Cobija,2773,Cobija,26076,U. E. Juan Evo Morales Ayma,1,220,25,5,59,23,41,2,1,3,0,159,31,10,200,159,200
9001126,CONCEJALES,32,Bolivia,9,Pando,1,Nicolás Suárez,1,Cobija,2773,Cobija,26076,U. E. Juan Evo Morales Ayma,2,97,6,0,29,5,25,0,1,0,0,66,18,3,87,66,87
9001136,CONCEJALES,32,Bolivia,9,Pando,1,Nicolás Suárez,1,Cobija,2773,Cobija,26077,U. E. Marcelo Quiroga Santa Cruz,1,220,21,1,46,11,48,3,6,1,0,137,41,9,187,137,187
9001146,CONCEJALES,32,Bolivia,9,Pando,1,Nicolás Suárez,1,Cobija,2773,Cobija,26077,U. E. Marcelo Quiroga Santa Cruz,2,145,14,0,32,7,42,4,1,0,0,100,26,3,129,100,129
9001156,CONCEJALES,32,Bolivia,9,Pando,1,Nicolás Suárez,1,Cobija,2773,Cobija,26078,U. E. Alfredo Ovando Candia,1,220,11,1,33,5,40,0,2,1,0,93,1,2,96,93,96
9001166,CONCEJALES,32,Bolivia,9,Pando,1,Nicolás Suárez,1,Cobija,2773,Cobija,26078,U. E. Alfredo Ovando Candia,2,220,16,2,18,6,26,2,1,2,0,73,18,3,94,73,94
9001176,CONCEJALES,32,Bolivia,9,Pando,1,Nicolás Suárez,1,Cobija,2773,Cobija,26078,U. E. Alfredo Ovando Candia,3,164,13,0,18,3,19,0,0,1,0,54,11,0,65,54,65
9001186,CONCEJALES,32,Bolivia,9,Pando,1,Nicolás Suárez,1,Cobija,2773,Cobija,32001,Postal (Temporal),1,206,30,0,36,6,45,0,15,22,0,154,32,2,188,154,188
9001196,CONCEJALES,32,Bolivia,9,Pando,1,Nicolás Suárez,1,Cobija,2773,Cobija,25036,U. E. Vaca Diez (Medio),1,220,45,1,30,14,55,2,2,4,0,153,34,3,190,153,190
9001206,CONCEJALES,32,Bolivia,9,Pando,1,Nicolás Suárez,1,Cobija,2773,Cobija,25036,U. E. Vaca Diez (Medio),2,220,25,0,45,28,41,0,1,3,0,143,22,6,171,143,171
9001216,CONCEJALES,32,Bolivia,9,Pando,1,Nicolás Suárez,1,Cobija,2773,Cobija,25036,U. E. Vaca Diez (Medio),3,220,25,2,39,24,49,0,1,5,0,145,32,3,180,145,180
9001226,CONCEJALES,32,Bolivia,9,Pando,1,Nicolás Suárez,1,Cobija,2773,Cobija,25036,U. E. Vaca Diez (Medio),4,220,28,3,37,20,50,0,1,1,0,140,36,5,181,140,181
9001236,CONCEJALES,32,Bolivia,9,Pando,1,Nicolás Suárez,1,Cobija,2773,Cobija,25036,U. E. Vaca Diez (Medio),5,220,11,0,59,16,46,0,0,4,0,136,35,7,178,136,178
9001246,CONCEJALES,32,Bolivia,9,Pando,1,Nicolás Suárez,1,Cobija,2773,Cobija,25036,U. E. Vaca Diez (Medio),6,220,12,0,47,27,45,0,1,5,0,137,37,10,184,137,184
9001256,CONCEJALES,32,Bolivia,9,Pando,1,Nicolás Suárez,1,Cobija,2773,Cobija,25036,U. E. Vaca Diez (Medio),7,220,30,2,32,22,51,0,0,4,0,141,41,1,183,141,183
9001266,CONCEJALES,32,Bolivia,9,Pando,1,Nicolás Suárez,1,Cobija,2773,Cobija,25036,U. E. Vaca Diez (Medio),8,220,24,0,33,17,50,1,2,3,0,130,50,4,184,130,184
9001276,CONCEJALES,32,Bolivia,9,Pando,1,Nicolás Suárez,1,Cobija,2773,Cobija,25036,U. E. Vaca Diez (Medio),9,220,32,3,44,25,56,0,1,8,0,169,25,6,200,169,200
9001286,CONCEJALES,32,Bolivia,9,Pando,1,Nicolás Suárez,1,Cobija,2773,Cobija,25036,U. E. Vaca Diez (Medio),10,220,36,3,56,10,66,0,0,6,0,177,1,4,182,177,182
9001296,CONCEJALES,32,Bolivia,9,Pando,1,Nicolás Suárez,1,Cobija,2773,Cobija,25036,U. E. Vaca Diez (Medio),11,80,8,0,12,6,18,1,1,1,0,47,12,5,64,47,64
9001306,CONCEJALES,32,Bolivia,9,Pando,1,Nicolás Suárez,1,Cobija,2773,Cobija,25037,Kínder Víctor León Arueta,1,220,39,0,34,21,39,0,2,4,0,139,37,2,178,139,178
9001316,CONCEJALES,32,Bolivia,9,Pando,1,Nicolás Suárez,1,Cobija,2773,Cobija,25037,Kínder Víctor León Arueta,2,39,1,0,8,7,10,0,0,0,0,26,8,0,34,26,34
9001326,CONCEJALES,32,Bolivia,9,Pando,1,Nicolás Suárez,1,Cobija,2773,Cobija,25042,U.E. Villa Cruz,1,121,7,0,22,15,27,0,0,0,0,71,16,2,89,71,89
9001336,CONCEJALES,32,Bolivia,9,Pando,1,Nicolás Suárez,1,Cobija,2773,Cobija,32002,INCOS Pando (Temporal),1,220,21,2,37,23,57,1,0,3,0,144,37,6,187,144,187
9001346,CONCEJALES,32,Bolivia,9,Pando,1,Nicolás Suárez,1,Cobija,2773,Cobija,32002,INCOS Pando (Temporal),2,220,25,1,39,15,56,0,2,3,0,141,36,1,178,141,178
9001356,CONCEJALES,32,Bolivia,9,Pando,1,Nicolás Suárez,1,Cobija,2773,Cobija,32002,INCOS Pando (Temporal),3,220,32,2,42,20,39,1,1,1,0,138,32,4,174,138,174
9001366,CONCEJALES,32,Bolivia,9,Pando,1,Nicolás Suárez,1,Cobija,2773,Cobija,32002,INCOS Pando (Temporal),4,220,22,3,50,15,49,1,2,2,0,144,34,8,186,144,186
9001376,CONCEJALES,32,Bolivia,9,Pando,1,Nicolás Suárez,1,Cobija,2773,Cobija,32002,INCOS Pando (Temporal),5,220,24,0,53,16,44,1,0,4,0,142,35,3,180,142,180
9001386,CONCEJALES,32,Bolivia,9,Pando,1,Nicolás Suárez,1,Cobija,2773,Cobija,32002,INCOS Pando (Temporal),6,220,18,4,44,16,59,1,1,2,0,145,34,6,185,145,185
9001396,CONCEJALES,32,Bolivia,9,Pando,1,Nicolás Suárez,1,Cobija,2773,Cobija,32002,INCOS Pando (Temporal),7,220,27,2,52,18,49,1,1,4,0,154,30,3,187,154,187
9001406,CONCEJALES,32,Bolivia,9,Pando,1,Nicolás Suárez,1,Cobija,2773,Cobija,32002,INCOS Pando (Temporal),8,57,3,0,13,4,16,2,0,1,0,39,9,0,48,39,48
9001416,CONCEJALES,32,Bolivia,9,Pando,1,Nicolás Suárez,1,Cobija,2773,Cobija,25033,U. E. Sofia Calpiñeiro,1,220,21,3,51,22,53,0,1,3,0,154,24,7,185,154,185
9001426,CONCEJALES,32,Bolivia,9,Pando,1,Nicolás Suárez,1,Cobija,2773,Cobija,25033,U. E. Sofia Calpiñeiro,2,220,28,3,43,23,27,1,1,6,0,132,39,7,178,132,178
9001436,CONCEJALES,32,Bolivia,9,Pando,1,Nicolás Suárez,1,Cobija,2773,Cobija,25033,U. E. Sofia Calpiñeiro,3,220,19,0,37,20,51,1,1,1,0,130,32,2,164,130,164
9001446,CONCEJALES,32,Bolivia,9,Pando,1,Nicolás Suárez,1,Cobija,2773,Cobija,25033,U. E. Sofia Calpiñeiro,4,220,33,2,43,10,44,0,0,3,0,135,34,4,173,135,173
9001456,CONCEJALES,32,Bolivia,9,Pando,1,Nicolás Suárez,1,Cobija,2773,Cobija,25033,U. E. Sofia Calpiñeiro,5,220,39,0,29,20,53,0,3,3,0,147,29,2,178,147,178
9001466,CONCEJALES,32,Bolivia,9,Pando,1,Nicolás Suárez,1,Cobija,2773,Cobija,25033,U. E. Sofia Calpiñeiro,6,139,17,0,23,13,28,0,0,6,0,87,24,6,117,87,117
9001476,CONCEJALES,32,Bolivia,9,Pando,1,Nicolás Suárez,1,Cobija,2773,Cobija,25938,U.E. Héroes de la Distancia,1,220,28,3,42,8,54,0,7,4,0,146,28,5,179,146,179
9001486,CONCEJALES,32,Bolivia,9,Pando,1,Nicolás Suárez,1,Cobija,2773,Cobija,25938,U.E. Héroes de la Distancia,2,220,27,0,37,23,46,0,6,1,0,140,27,3,170,140,170
9001496,CONCEJALES,32,Bolivia,9,Pando,1,Nicolás Suárez,1,Cobija,2773,Cobija,25938,U.E. Héroes de la Distancia,3,220,26,1,42,22,57,0,2,3,0,153,33,7,193,153,193
9001506,CONCEJALES,32,Bolivia,9,Pando,1,Nicolás Suárez,1,Cobija,2773,Cobija,25938,U.E. Héroes de la Distancia,4,220,17,2,37,25,52,0,7,1,0,141,37,2,180,141,180
9001516,CONCEJALES,32,Bolivia,9,Pando,1,Nicolás Suárez,1,Cobija,2773,Cobija,25938,U.E. Héroes de la Distancia,5,215,25,2,41,16,38,0,3,4,0,129,33,5,167,129,167
9001526,CONCEJALES,32,Bolivia,9,Pando,1,Nicolás Suárez,1,Cobija,2773,Cobija,25040,U. E. Manuela Rojas,1,220,19,1,43,19,58,2,4,1,0,147,43,3,193,147,193
9001536,CONCEJALES,32,Bolivia,9,Pando,1,Nicolás Suárez,1,Cobija,2773,Cobija,25040,U. E. Manuela Rojas,2,220,22,2,47,21,57,4,1,2,0,156,35,3,194,156,194
9001546,CONCEJALES,32,Bolivia,9,Pando,1,Nicolás Suárez,1,Cobija,2773,Cobija,25040,U. E. Manuela Rojas,3,220,28,1,45,10,52,0,2,1,0,139,36,5,180,139,180
9001556,CONCEJALES,32,Bolivia,9,Pando,1,Nicolás Suárez,1,Cobija,2773,Cobija,25040,U. E. Manuela Rojas,4,220,22,0,60,12,58,3,4,0,0,159,31,4,194,159,194
9001566,CONCEJALES,32,Bolivia,9,Pando,1,Nicolás Suárez,1,Cobija,2773,Cobija,25040,U. E. Manuela Rojas,5,220,15,2,48,19,49,0,3,1,0,137,40,5,182,137,182
9001576,CONCEJALES,32,Bolivia,9,Pando,1,Nicolás Suárez,1,Cobija,2773,Cobija,25040,U. E. Manuela Rojas,6,220,18,3,48,18,56,0,2,0,0,145,35,3,183,145,183
9001586,CONCEJALES,32,Bolivia,9,Pando,1,Nicolás Suárez,1,Cobija,2773,Cobija,25040,U. E. Manuela Rojas,7,220,26,1,53,13,49,0,2,0,0,144,43,2,189,144,189
9001596,CONCEJALES,32,Bolivia,9,Pando,1,Nicolás Suárez,1,Cobija,2773,Cobija,25040,U. E. Manuela Rojas,8,220,25,0,47,11,57,0,3,1,0,144,38,5,187,144,187
9001606,CONCEJALES,32,Bolivia,9,Pando,1,Nicolás Suárez,1,Cobija,2773,Cobija,25040,U. E. Manuela Rojas,9,220,20,4,43,18,54,1,3,2,0,145,38,5,188,145,188
9001626,CONCEJALES,32,Bolivia,9,Pando,1,Nicolás Suárez,1,Cobija,2773,Cobija,25040,U. E. Manuela Rojas,11,220,11,0,51,16,55,0,1,4,0,138,43,3,184,138,184
9001636,CONCEJALES,32,Bolivia,9,Pando,1,Nicolás Suárez,1,Cobija,2773,Cobija,25040,U. E. Manuela Rojas,12,220,23,0,46,15,62,0,2,0,0,148,47,1,196,148,196
9001646,CONCEJALES,32,Bolivia,9,Pando,1,Nicolás Suárez,1,Cobija,2773,Cobija,25040,U. E. Manuela Rojas,13,220,23,1,55,14,51,2,9,4,0,159,27,2,188,159,188
9001656,CONCEJALES,32,Bolivia,9,Pando,1,Nicolás Suárez,1,Cobija,2773,Cobija,25040,U. E. Manuela Rojas,14,168,20,0,30,10,51,0,0,1,0,112,25,3,140,112,140
9001666,CONCEJALES,32,Bolivia,9,Pando,1,Nicolás Suárez,1,Cobija,2773,Cobija,25041,U. E. Simon Bolivar,1,220,28,2,44,12,38,1,3,0,0,128,50,6,184,128,184
9001676,CONCEJALES,32,Bolivia,9,Pando,1,Nicolás Suárez,1,Cobija,2773,Cobija,25041,U. E. Simon Bolivar,2,220,18,3,43,3,65,0,1,1,0,134,47,2,183,134,183
9001686,CONCEJALES,32,Bolivia,9,Pando,1,Nicolás Suárez,1,Cobija,2773,Cobija,25041,U. E. Simon Bolivar,3,220,20,4,40,6,54,2,7,2,0,135,53,5,193,135,193
9001696,CONCEJALES,32,Bolivia,9,Pando,1,Nicolás Suárez,1,Cobija,2773,Cobija,25041,U. E. Simon Bolivar,4,220,24,1,37,13,53,2,7,1,0,138,48,6,192,138,192
9001706,CONCEJALES,32,Bolivia,9,Pando,1,Nicolás Suárez,1,Cobija,2773,Cobija,25041,U. E. Simon Bolivar,5,220,25,3,49,12,61,1,3,0,0,154,41,3,198,154,198
9001716,CONCEJALES,32,Bolivia,9,Pando,1,Nicolás Suárez,1,Cobija,2773,Cobija,25041,U. E. Simon Bolivar,6,220,17,4,48,15,69,0,5,3,0,161,33,2,196,161,196
9001726,CONCEJALES,32,Bolivia,9,Pando,1,Nicolás Suárez,1,Cobija,2773,Cobija,25041,U. E. Simon Bolivar,7,220,20,1,58,10,57,1,1,3,0,151,44,2,197,151,197
9001736,CONCEJALES,32,Bolivia,9,Pando,1,Nicolás Suárez,1,Cobija,2773,Cobija,25041,U. E. Simon Bolivar,8,220,21,2,42,18,62,0,3,2,0,150,40,8,198,150,198
9001746,CONCEJALES,32,Bolivia,9,Pando,1,Nicolás Suárez,1,Cobija,2773,Cobija,25041,U. E. Simon Bolivar,9,220,28,3,41,12,51,1,3,0,0,139,48,3,190,139,190
9001756,CONCEJALES,32,Bolivia,9,Pando,1,Nicolás Suárez,1,Cobija,2773,Cobija,25041,U. E. Simon Bolivar,10,220,14,0,50,9,50,1,0,4,0,128,51,2,181,128,181
9001766,CONCEJALES,32,Bolivia,9,Pando,1,Nicolás Suárez,1,Cobija,2773,Cobija,25041,U. E. Simon Bolivar,11,220,17,2,49,12,48,1,5,4,0,138,43,3,184,138,184
9001776,CONCEJALES,32,Bolivia,9,Pando,1,Nicolás Suárez,1,Cobija,2773,Cobija,25041,U. E. Simon Bolivar,12,220,19,0,45,16,55,1,1,4,0,141,44,4,189,141,189
9001786,CONCEJALES,32,Bolivia,9,Pando,1,Nicolás Suárez,1,Cobija,2773,Cobija,25041,U. E. Simon Bolivar,13,143,18,1,23,10,34,2,8,2,0,98,29,3,130,98,130
9001796,CONCEJALES,32,Bolivia,9,Pando,1,Nicolás Suárez,1,Cobija,4277,Mejillones,25963,U.E. Mejillones,1,147,17,0,24,12,45,0,4,2,0,104,36,1,141,104,141
9001806,CONCEJALES,32,Bolivia,9,Pando,1,Nicolás Suárez,1,Cobija,4278,Villa Rosario,25964,U. E. María Barzola,1,150,18,0,38,4,57,0,5,4,0,126,14,2,142,126,142
