CODIGO_MESA,DESCRIPCION,CODIGO_PAIS,NOMBRE_PAIS,CODIGO_DEPARTAMENTO,NOMBRE_DEPARTAMENTO,CODIGO_PROVINCIA,NOMBRE_PROVINCIA,CODIGO_SECCION,NOMBRE_MUNICIPIO,CODIGO_LOCALIDAD,NOMBRE_LOCALIDAD,CODIGO_RECINTO,NOMBRE_RECINTO,NUMERO_MESA,INSCRITOS_HABILITADOS,ADN,APC,ASIP,CTC,CAMPO,C-A,CREEMOS,DECIDE,UN,FPV,FE,GH,MATICO,MAS-IPSP,DEMOCRATAS,MNR,MSP,MTS,NEGROS,NED,PAN-BOL,PACHO,PC,SPT,SOL,SAN JUAN XXI,SCB,TPP,T.P.R.,UCS,UNIDOS,UNIR.BO,VPT,VOCES,VOTO_VALIDO,VOTO_BLANCO,VOTO_NULO,VOTO_EMITIDO,VOTO_VALIDO_SISTEMA,VOTO_EMITIDO_SISTEMA
7000222,GOBERNADOR(A),32,Bolivia,7,Santa Cruz,1,Andrés Ibáñez,1,Santa Cruz de La Sierra,2234,Santa Cruz de la Sierra,1001,Campus Universitario,14,220,0,0,1,0,0,0,135,0,0,0,0,0,0,28,0,0,0,0,0,0,0,0,0,0,2,0,0,0,0,0,7,0,0,0,173,1,4,178,173,178
7000232,GOBERNADOR(A),32,Bolivia,7,Santa Cruz,1,Andrés Ibáñez,1,Santa Cruz de La Sierra,2234,Santa Cruz de la Sierra,1001,Campus Universitario,15,102,0,0,0,0,0,0,65,0,0,0,0,0,0,10,0,1,0,0,0,0,0,0,0,0,0,0,0,0,0,0,2,0,0,0,78,0,1,79,78,79
7000452,GOBERNADOR(A),32,Bolivia,7,Santa Cruz,1,Andrés Ibáñez,1,Santa Cruz de La Sierra,2234,Santa Cruz de la Sierra,1007,Col. Hnas. Arredondo (Col. Jesus Peredo),9,220,0,0,2,0,0,0,118,0,0,0,0,0,0,48,0,0,0,0,0,0,0,0,0,0,0,0,0,0,0,0,10,0,0,0,178,2,7,187,178,187
7000462,GOBERNADOR(A),32,Bolivia,7,Santa Cruz,1,Andrés Ibáñez,1,Santa Cruz de La Sierra,2234,Santa Cruz de la Sierra,1007,Col. Hnas. Arredondo (Col. Jesus Peredo),10,220,0,0,3,0,0,0,130,0,0,0,0,0,0,39,0,2,0,0,0,0,0,0,0,0,0,0,0,0,0,0,8,0,0,0,182,2,2,186,182,186
7000472,GOBERNADOR(A),32,Bolivia,7,Santa Cruz,1,Andrés Ibáñez,1,Santa Cruz de La Sierra,2234,Santa Cruz de la Sierra,1007,Col. Hnas. Arredondo (Col. Jesus Peredo),11,220,0,0,1,0,0,0,144,0,0,0,0,0,0,41,0,0,0,0,0,0,0,0,0,0,0,0,0,0,0,0,6,0,0,0,192,2,3,197,192,197
7000722,GOBERNADOR(A),32,Bolivia,7,Santa Cruz,1,Andrés Ibáñez,1,Santa Cruz de La Sierra,2234,Santa Cruz de la Sierra,1006,Col. San Martin De Porres,14,220,0,0,0,0,0,0,83,0,0,0,0,0,0,99,0,1,0,0,0,0,0,0,0,0,0,0,0,0,0,0,2,0,0,0,185,2,6,193,185,193
7000802,GOBERNADOR(A),32,Bolivia,7,Santa Cruz,1,Andrés Ibáñez,1,Santa Cruz de La Sierra,2234,Santa Cruz de la Sierra,1006,Col. San Martin De Porres,22,220,0,0,2,0,0,0,149,0,0,0,0,0,0,29,0,0,0,0,0,0,0,0,0,0,2,0,0,0,0,0,7,0,0,0,189,1,5,195,189,195
7000852,GOBERNADOR(A),32,Bolivia,7,Santa Cruz,1,Andrés Ibáñez,1,Santa Cruz de La Sierra,2234,Santa Cruz de la Sierra,1006,Col. San Martin De Porres,27,220,0,0,2,0,0,0,132,0,0,0,0,0,0,51,0,0,0,0,0,0,0,0,0,0,0,0,0,0,0,0,3,0,0,0,188,3,1,192,188,192
7001032,GOBERNADOR(A),32,Bolivia,7,Santa Cruz,1,Andrés Ibáñez,1,Santa Cruz de La Sierra,2234,Santa Cruz de la Sierra,1002,Esc. Rene Barrientos,12,220,0,0,1,0,0,0,133,0,0,0,0,0,0,27,0,0,0,0,0,0,0,0,0,0,1,0,0,0,0,0,6,0,0,0,168,0,2,170,168,170
7001132,GOBERNADOR(A),32,Bolivia,7,Santa Cruz,1,Andrés Ibáñez,1,Santa Cruz de La Sierra,2234,Santa Cruz de la Sierra,1004,Col. Mirette Sciaroni,5,220,0,0,0,0,0,0,156,0,0,0,0,0,0,12,0,0,0,0,0,0,0,0,0,0,0,0,0,0,0,0,4,0,0,0,172,0,5,177,172,177
7001202,GOBERNADOR(A),32,Bolivia,7,Santa Cruz,1,Andrés Ibáñez,1,Santa Cruz de La Sierra,2234,Santa Cruz de la Sierra,1004,Col. Mirette Sciaroni,12,151,0,0,0,0,0,0,90,0,0,0,0,0,0,15,0,2,0,0,0,0,0,0,0,0,0,0,0,0,0,0,4,0,0,0,111,0,4,115,111,115
7001222,GOBERNADOR(A),32,Bolivia,7,Santa Cruz,1,Andrés Ibáñez,1,Santa Cruz de La Sierra,2234,Santa Cruz de la Sierra,1015,Esc. Aponte Tineo (Esc. Gregorio Moreno),2,220,0,0,1,0,0,0,159,0,0,0,0,0,0,12,0,0,0,0,0,0,0,0,0,0,1,0,0,0,0,0,4,0,0,0,177,0,5,182,177,182
7001262,GOBERNADOR(A),32,Bolivia,7,Santa Cruz,1,Andrés Ibáñez,1,Santa Cruz de La Sierra,2234,Santa Cruz de la Sierra,1015,Esc. Aponte Tineo (Esc. Gregorio Moreno),6,220,0,0,1,0,0,0,162,0,0,0,0,0,0,17,0,1,0,0,0,0,0,0,0,0,4,0,0,0,0,0,3,0,0,0,188,1,0,189,188,189
7001272,GOBERNADOR(A),32,Bolivia,7,Santa Cruz,1,Andrés Ibáñez,1,Santa Cruz de La Sierra,2234,Santa Cruz de la Sierra,1015,Esc. Aponte Tineo (Esc. Gregorio Moreno),7,220,0,0,1,0,0,0,162,0,0,0,0,0,0,14,0,0,0,0,0,0,0,0,0,0,1,0,0,0,0,0,6,0,0,0,184,0,3,187,184,187
7001282,GOBERNADOR(A),32,Bolivia,7,Santa Cruz,1,Andrés Ibáñez,1,Santa Cruz de La Sierra,2234,Santa Cruz de la Sierra,1015,Esc. Aponte Tineo (Esc. Gregorio Moreno),8,220,0,0,1,0,0,0,158,0,0,0,0,0,0,17,0,0,0,0,0,0,0,0,0,0,1,0,0,0,0,0,7,0,0,0,184,2,2,188,184,188
7001292,GOBERNADOR(A),32,Bolivia,7,Santa Cruz,1,Andrés Ibáñez,1,Santa Cruz de La Sierra,2234,Santa Cruz de la Sierra,1015,Esc. Aponte Tineo (Esc. Gregorio Moreno),9,220,0,0,0,0,0,0,168,0,0,0,0,0,0,11,0,1,0,0,0,0,0,0,0,0,0,0,0,0,0,0,2,0,0,0,182,1,1,184,182,184
7001302,GOBERNADOR(A),32,Bolivia,7,Santa Cruz,1,Andrés Ibáñez,1,Santa Cruz de La Sierra,2234,Santa Cruz de la Sierra,1015,Esc. Aponte Tineo (Esc. Gregorio Moreno),10,129,0,0,0,0,0,0,93,0,0,0,0,0,0,5,0,0,0,0,0,0,0,0,0,0,2,0,0,0,0,0,4,0,0,0,104,2,2,108,104,108
7001382,GOBERNADOR(A),32,Bolivia,7,Santa Cruz,1,Andrés Ibáñez,1,Santa Cruz de La Sierra,2234,Santa Cruz de la Sierra,1000,Col. La Madre,8,220,0,0,1,0,0,0,115,0,0,0,0,0,0,52,0,1,0,0,0,0,0,0,0,0,1,0,0,0,0,0,5,0,0,0,175,1,10,186,175,186
7001632,GOBERNADOR(A),32,Bolivia,7,Santa Cruz,1,Andrés Ibáñez,1,Santa Cruz de La Sierra,2234,Santa Cruz de la Sierra,1010,Gladys Rivero De Jimenez,9,220,0,0,4,0,0,0,124,0,0,0,0,0,0,51,0,1,0,0,0,0,0,0,0,0,1,0,0,0,0,0,5,0,0,0,186,0,2,188,186,188
7001962,GOBERNADOR(A),32,Bolivia,7,Santa Cruz,1,Andrés Ibáñez,1,Santa Cruz de La Sierra,2234,Santa Cruz de la Sierra,1003,Modulo Educativo Jose Miguel De Velasco,9,220,0,0,0,0,0,0,152,0,0,0,0,0,0,21,0,1,0,0,0,0,0,0,0,0,3,0,0,0,0,0,7,0,0,0,184,1,4,189,184,189
7002022,GOBERNADOR(A),32,Bolivia,7,Santa Cruz,1,Andrés Ibáñez,1,Santa Cruz de La Sierra,2234,Santa Cruz de la Sierra,1003,Modulo Educativo Jose Miguel De Velasco,15,220,0,0,1,0,0,0,118,0,0,0,0,0,0,49,0,1,0,0,0,0,0,0,0,0,0,0,0,0,0,0,8,0,0,0,177,1,4,182,177,182
7002102,GOBERNADOR(A),32,Bolivia,7,Santa Cruz,1,Andrés Ibáñez,1,Santa Cruz de La Sierra,2234,Santa Cruz de la Sierra,1012,Escuela San Carlos,1,220,0,0,1,0,0,0,139,0,0,0,0,0,0,20,0,0,0,0,0,0,0,0,0,0,0,0,0,0,0,0,9,0,0,0,169,3,1,173,169,173
7002132,GOBERNADOR(A),32,Bolivia,7,Santa Cruz,1,Andrés Ibáñez,1,Santa Cruz de La Sierra,2234,Santa Cruz de la Sierra,1012,Escuela San Carlos,4,220,0,0,3,0,0,0,134,0,0,0,0,0,0,24,0,0,0,0,0,0,0,0,0,0,1,0,0,0,0,0,5,0,0,0,167,2,2,171,167,171
7002142,GOBERNADOR(A),32,Bolivia,7,Santa Cruz,1,Andrés Ibáñez,1,Santa Cruz de La Sierra,2234,Santa Cruz de la Sierra,1012,Escuela San Carlos,5,220,0,0,1,0,0,0,147,0,0,0,0,0,0,20,0,1,0,0,0,0,0,0,0,0,2,0,0,0,0,0,4,0,0,0,175,5,0,180,175,180
7002202,GOBERNADOR(A),32,Bolivia,7,Santa Cruz,1,Andrés Ibáñez,1,Santa Cruz de La Sierra,2234,Santa Cruz de la Sierra,1012,Escuela San Carlos,11,220,0,0,0,0,0,0,158,0,0,0,0,0,0,15,0,1,0,0,0,0,0,0,0,0,1,0,0,0,0,0,0,0,0,0,175,0,3,178,175,178
7002232,GOBERNADOR(A),32,Bolivia,7,Santa Cruz,1,Andrés Ibáñez,1,Santa Cruz de La Sierra,2234,Santa Cruz de la Sierra,1012,Escuela San Carlos,14,220,0,0,0,0,0,0,147,0,0,0,0,0,0,22,0,0,0,0,0,0,0,0,0,0,0,0,0,0,0,0,8,0,0,0,177,0,4,181,177,181
7002352,GOBERNADOR(A),32,Bolivia,7,Santa Cruz,1,Andrés Ibáñez,1,Santa Cruz de La Sierra,2234,Santa Cruz de la Sierra,5007,Col. Virgen De Cotoca,2,220,0,0,1,0,0,0,158,0,0,0,0,0,0,20,0,1,0,0,0,0,0,0,0,0,0,0,0,0,0,0,4,0,0,0,184,3,5,192,184,192
7002362,GOBERNADOR(A),32,Bolivia,7,Santa Cruz,1,Andrés Ibáñez,1,Santa Cruz de La Sierra,2234,Santa Cruz de la Sierra,5007,Col. Virgen De Cotoca,3,220,0,0,2,0,0,0,150,0,0,0,0,0,0,38,0,0,0,0,0,0,0,0,0,0,0,0,0,0,0,0,5,0,0,0,195,2,3,200,195,200
7002422,GOBERNADOR(A),32,Bolivia,7,Santa Cruz,1,Andrés Ibáñez,1,Santa Cruz de La Sierra,2234,Santa Cruz de la Sierra,11033,Unidad Educativa San Jorge Norte,1,26,0,0,0,0,0,0,17,0,0,0,0,0,0,2,0,0,0,0,0,0,0,0,0,0,0,0,0,0,0,0,0,0,0,0,19,0,2,21,19,21
7002432,GOBERNADOR(A),32,Bolivia,7,Santa Cruz,1,Andrés Ibáñez,1,Santa Cruz de La Sierra,2234,Santa Cruz de la Sierra,26400,U.E. San Jorge Norte,1,44,0,0,0,0,0,0,32,0,0,0,0,0,0,7,0,0,0,0,0,0,0,0,0,0,0,0,0,0,0,0,0,0,0,0,39,1,1,41,39,41
7002572,GOBERNADOR(A),32,Bolivia,7,Santa Cruz,1,Andrés Ibáñez,1,Santa Cruz de La Sierra,2234,Santa Cruz de la Sierra,26421,Unidad Educativa Santa Ana D,14,220,0,0,2,0,0,0,152,0,0,0,0,0,0,27,0,0,0,0,0,0,0,0,0,0,2,0,0,0,0,0,5,0,0,0,188,3,1,192,188,192
7002582,GOBERNADOR(A),32,Bolivia,7,Santa Cruz,1,Andrés Ibáñez,1,Santa Cruz de La Sierra,2234,Santa Cruz de la Sierra,26421,Unidad Educativa Santa Ana D,15,220,0,0,1,0,0,0,139,0,0,0,0,0,0,40,0,0,0,0,0,0,0,0,0,0,1,0,0,0,0,0,2,0,0,0,183,4,3,190,183,190
7002822,GOBERNADOR(A),32,Bolivia,7,Santa Cruz,1,Andrés Ibáñez,1,Santa Cruz de La Sierra,2234,Santa Cruz de la Sierra,5008,Naciones Unidas,2,220,0,0,2,0,0,0,145,0,0,0,0,0,0,33,0,0,0,0,0,0,0,0,0,0,1,0,0,0,0,0,5,0,0,0,186,3,2,191,186,191
7002972,GOBERNADOR(A),32,Bolivia,7,Santa Cruz,1,Andrés Ibáñez,1,Santa Cruz de La Sierra,2234,Santa Cruz de la Sierra,25418,Modulo Educativo German Busch,4,220,0,0,3,0,0,0,154,0,0,0,0,0,0,27,0,0,0,0,0,0,0,0,0,0,1,0,0,0,0,0,4,0,0,0,189,2,6,197,189,197
7003022,GOBERNADOR(A),32,Bolivia,7,Santa Cruz,1,Andrés Ibáñez,1,Santa Cruz de La Sierra,2234,Santa Cruz de la Sierra,25418,Modulo Educativo German Busch,9,220,0,0,6,0,0,0,138,0,0,0,0,0,0,27,0,0,0,0,0,0,0,0,0,0,1,0,0,0,0,0,10,0,0,0,182,3,4,189,182,189
7003132,GOBERNADOR(A),32,Bolivia,7,Santa Cruz,1,Andrés Ibáñez,1,Santa Cruz de La Sierra,2234,Santa Cruz de la Sierra,5009,Col. 7 de Septiembre,10,220,0,0,0,0,0,0,141,0,0,0,0,0,0,31,0,1,0,0,0,0,0,0,0,0,0,0,0,0,0,0,3,0,0,0,176,2,1,179,176,179
7003192,GOBERNADOR(A),32,Bolivia,7,Santa Cruz,1,Andrés Ibáñez,1,Santa Cruz de La Sierra,2234,Santa Cruz de la Sierra,5011,Esc. Real America (Esc. F. Florida),1,220,0,0,1,0,0,0,145,0,0,0,0,0,0,29,0,0,0,0,0,0,0,0,0,0,0,0,0,0,0,0,1,0,0,0,176,0,3,179,176,179
7003232,GOBERNADOR(A),32,Bolivia,7,Santa Cruz,1,Andrés Ibáñez,1,Santa Cruz de La Sierra,2234,Santa Cruz de la Sierra,5011,Esc. Real America (Esc. F. Florida),5,220,0,0,0,0,0,0,141,0,0,0,0,0,0,27,0,1,0,0,0,0,0,0,0,0,1,0,0,0,0,0,6,0,0,0,176,5,1,182,176,182
7003502,GOBERNADOR(A),32,Bolivia,7,Santa Cruz,1,Andrés Ibáñez,1,Santa Cruz de La Sierra,2234,Santa Cruz de la Sierra,5019,Col. Luz Y Saber II,3,220,0,0,1,0,0,0,159,0,0,0,0,0,0,31,0,0,0,0,0,0,0,0,0,0,0,0,0,0,0,0,5,0,0,0,196,1,1,198,196,198
7003512,GOBERNADOR(A),32,Bolivia,7,Santa Cruz,1,Andrés Ibáñez,1,Santa Cruz de La Sierra,2234,Santa Cruz de la Sierra,5019,Col. Luz Y Saber II,4,220,0,0,2,0,0,0,132,0,0,0,0,0,0,44,0,0,0,0,0,0,0,0,0,0,1,0,0,0,0,0,4,0,0,0,183,1,7,191,183,191
7003542,GOBERNADOR(A),32,Bolivia,7,Santa Cruz,1,Andrés Ibáñez,1,Santa Cruz de La Sierra,2234,Santa Cruz de la Sierra,5019,Col. Luz Y Saber II,7,220,0,0,3,0,0,0,120,0,0,0,0,0,0,44,0,0,0,0,0,0,0,0,0,0,1,0,0,0,0,0,2,0,0,0,170,2,14,186,170,186
7004002,GOBERNADOR(A),32,Bolivia,7,Santa Cruz,1,Andrés Ibáñez,1,Santa Cruz de La Sierra,2234,Santa Cruz de la Sierra,5028,Col. Juan La Borde Morel,13,220,0,0,2,0,0,0,145,0,0,0,0,0,0,30,0,0,0,0,0,0,0,0,0,0,1,0,0,0,0,0,2,0,0,0,180,3,9,192,180,192
7004832,GOBERNADOR(A),32,Bolivia,7,Santa Cruz,1,Andrés Ibáñez,1,Santa Cruz de La Sierra,2234,Santa Cruz de la Sierra,25470,U.E. Santa Cruz de la Sierra,21,220,0,0,2,0,0,0,153,0,0,0,0,0,0,23,0,1,0,0,0,0,0,0,0,0,2,0,0,0,0,0,5,0,0,0,186,3,1,190,186,190
7006362,GOBERNADOR(A),32,Bolivia,7,Santa Cruz,1,Andrés Ibáñez,1,Santa Cruz de La Sierra,2234,Santa Cruz de la Sierra,5005,Col. Villa Bolivia,19,220,0,0,0,0,0,0,141,0,0,0,0,0,0,28,0,0,0,0,0,0,0,0,0,0,2,0,0,0,0,0,5,0,0,0,176,3,5,184,176,184
7006382,GOBERNADOR(A),32,Bolivia,7,Santa Cruz,1,Andrés Ibáñez,1,Santa Cruz de La Sierra,2234,Santa Cruz de la Sierra,5005,Col. Villa Bolivia,21,220,0,0,1,0,0,0,140,0,0,0,0,0,0,32,0,1,0,0,0,0,0,0,0,0,2,0,0,0,0,0,7,0,0,0,183,2,3,188,183,188
7006772,GOBERNADOR(A),32,Bolivia,7,Santa Cruz,1,Andrés Ibáñez,1,Santa Cruz de La Sierra,2234,Santa Cruz de la Sierra,3000,Colegio Marista,2,220,0,0,0,0,0,0,157,0,0,0,0,0,0,13,0,0,0,0,0,0,0,0,0,0,1,0,0,0,0,0,6,0,0,0,177,0,1,178,177,178
7006782,GOBERNADOR(A),32,Bolivia,7,Santa Cruz,1,Andrés Ibáñez,1,Santa Cruz de La Sierra,2234,Santa Cruz de la Sierra,3000,Colegio Marista,3,220,0,0,1,0,0,0,147,0,0,0,0,0,0,11,0,0,0,0,0,0,0,0,0,0,1,0,0,0,0,0,9,0,0,0,169,0,2,171,169,171
7006812,GOBERNADOR(A),32,Bolivia,7,Santa Cruz,1,Andrés Ibáñez,1,Santa Cruz de La Sierra,2234,Santa Cruz de la Sierra,3000,Colegio Marista,6,220,0,0,0,0,0,0,153,0,0,0,0,0,0,14,0,1,0,0,0,0,0,0,0,0,0,0,0,0,0,0,9,0,0,0,177,2,2,181,177,181
7006832,GOBERNADOR(A),32,Bolivia,7,Santa Cruz,1,Andrés Ibáñez,1,Santa Cruz de La Sierra,2234,Santa Cruz de la Sierra,3000,Colegio Marista,8,220,0,0,1,0,0,0,156,0,0,0,0,0,0,7,0,0,0,0,0,0,0,0,0,0,0,0,0,0,0,0,8,0,0,0,172,1,6,179,172,179
7006842,GOBERNADOR(A),32,Bolivia,7,Santa Cruz,1,Andrés Ibáñez,1,Santa Cruz de La Sierra,2234,Santa Cruz de la Sierra,3000,Colegio Marista,9,220,0,0,1,0,0,0,148,0,0,0,0,0,0,14,0,1,0,0,0,0,0,0,0,0,3,0,0,0,0,0,7,0,0,0,174,1,5,180,174,180
7006852,GOBERNADOR(A),32,Bolivia,7,Santa Cruz,1,Andrés Ibáñez,1,Santa Cruz de La Sierra,2234,Santa Cruz de la Sierra,3000,Colegio Marista,10,60,0,0,0,0,0,0,44,0,0,0,0,0,0,4,0,0,0,0,0,0,0,0,0,0,1,0,0,0,0,0,1,0,0,0,50,0,2,52,50,52
7006892,GOBERNADOR(A),32,Bolivia,7,Santa Cruz,1,Andrés Ibáñez,1,Santa Cruz de La Sierra,2234,Santa Cruz de la Sierra,2004,Col. Republica del Uruguay,4,220,0,0,0,0,0,0,156,0,0,0,0,0,0,24,0,0,0,0,0,0,0,0,0,0,0,0,0,0,0,0,6,0,0,0,186,1,1,188,186,188
7006902,GOBERNADOR(A),32,Bolivia,7,Santa Cruz,1,Andrés Ibáñez,1,Santa Cruz de La Sierra,2234,Santa Cruz de la Sierra,2004,Col. Republica del Uruguay,5,220,0,0,0,0,0,0,146,0,0,0,0,0,0,16,0,1,0,0,0,0,0,0,0,0,0,0,0,0,0,0,4,0,0,0,167,3,4,174,167,174
7007072,GOBERNADOR(A),32,Bolivia,7,Santa Cruz,1,Andrés Ibáñez,1,Santa Cruz de La Sierra,2234,Santa Cruz de la Sierra,2003,Col. Gaston Guillaux,8,220,0,0,0,0,0,0,136,0,0,0,0,0,0,18,0,1,0,0,0,0,0,0,0,0,3,0,0,0,0,0,5,0,0,0,163,1,1,165,163,165
7007082,GOBERNADOR(A),32,Bolivia,7,Santa Cruz,1,Andrés Ibáñez,1,Santa Cruz de La Sierra,2234,Santa Cruz de la Sierra,2003,Col. Gaston Guillaux,9,220,0,0,1,0,0,0,108,0,0,0,0,0,0,35,0,0,0,0,0,0,0,0,0,0,1,0,0,0,0,0,6,0,0,0,151,4,4,159,151,159
7007092,GOBERNADOR(A),32,Bolivia,7,Santa Cruz,1,Andrés Ibáñez,1,Santa Cruz de La Sierra,2234,Santa Cruz de la Sierra,2003,Col. Gaston Guillaux,10,220,0,0,0,0,0,0,147,0,0,0,0,0,0,19,0,1,0,0,0,0,0,0,0,0,2,0,0,0,0,0,4,0,0,0,173,0,4,177,173,177
7007362,GOBERNADOR(A),32,Bolivia,7,Santa Cruz,1,Andrés Ibáñez,1,Santa Cruz de La Sierra,2234,Santa Cruz de la Sierra,3016,Col. Dios es Amor,4,220,0,0,0,0,0,0,136,0,0,0,0,0,0,27,0,1,0,0,0,0,0,0,0,0,3,0,0,0,0,0,13,0,0,0,180,2,2,184,180,184
7007402,GOBERNADOR(A),32,Bolivia,7,Santa Cruz,1,Andrés Ibáñez,1,Santa Cruz de La Sierra,2234,Santa Cruz de la Sierra,3017,Col. Nacional Salesiano,1,220,0,0,1,0,0,0,137,0,0,0,0,0,0,29,0,0,0,0,0,0,0,0,0,0,1,0,0,0,0,0,5,0,0,0,173,0,7,180,173,180
7007412,GOBERNADOR(A),32,Bolivia,7,Santa Cruz,1,Andrés Ibáñez,1,Santa Cruz de La Sierra,2234,Santa Cruz de la Sierra,3017,Col. Nacional Salesiano,2,220,0,0,0,0,0,0,136,0,0,0,0,0,0,35,0,0,0,0,0,0,0,0,0,0,1,0,0,0,0,0,8,0,0,0,180,4,2,186,180,186
7007542,GOBERNADOR(A),32,Bolivia,7,Santa Cruz,1,Andrés Ibáñez,1,Santa Cruz de La Sierra,2234,Santa Cruz de la Sierra,11048,Col. Club De Leones,5,220,0,0,0,0,0,0,139,0,0,0,0,0,0,31,0,0,0,0,0,0,0,0,0,0,1,0,0,0,0,0,7,0,0,0,178,1,3,182,178,182
7007682,GOBERNADOR(A),32,Bolivia,7,Santa Cruz,1,Andrés Ibáñez,1,Santa Cruz de La Sierra,2234,Santa Cruz de la Sierra,3001,Colegio Don Bosco,4,220,0,0,1,0,0,0,142,0,0,0,0,0,0,19,0,2,0,0,0,0,0,0,0,0,5,0,0,0,0,0,5,0,0,0,174,0,4,178,174,178
7008382,GOBERNADOR(A),32,Bolivia,7,Santa Cruz,1,Andrés Ibáñez,1,Santa Cruz de La Sierra,2234,Santa Cruz de la Sierra,2013,Col. Domingo Leigue (Boliviano Canadiense),11,63,0,0,0,0,0,0,43,0,0,0,0,0,0,4,0,0,0,0,0,0,0,0,0,0,1,0,0,0,0,0,2,0,0,0,50,0,0,50,50,50
7008592,GOBERNADOR(A),32,Bolivia,7,Santa Cruz,1,Andrés Ibáñez,1,Santa Cruz de La Sierra,2234,Santa Cruz de la Sierra,2012,Col. Gualberto Villarroel,14,220,0,0,1,0,0,0,153,0,0,0,0,0,0,25,0,1,0,0,0,0,0,0,0,0,0,0,0,0,0,0,2,0,0,0,182,1,3,186,182,186
7008682,GOBERNADOR(A),32,Bolivia,7,Santa Cruz,1,Andrés Ibáñez,1,Santa Cruz de La Sierra,2234,Santa Cruz de la Sierra,3014,Col. Tristan Roca,1,220,0,0,4,0,0,0,131,0,0,0,0,0,0,34,0,0,0,0,0,0,0,0,0,0,6,0,0,0,0,0,5,0,0,0,180,3,4,187,180,187
7008732,GOBERNADOR(A),32,Bolivia,7,Santa Cruz,1,Andrés Ibáñez,1,Santa Cruz de La Sierra,2234,Santa Cruz de la Sierra,3014,Col. Tristan Roca,6,220,0,0,0,0,0,0,142,0,0,0,0,0,0,38,0,0,0,0,0,0,0,0,0,0,1,0,0,0,0,0,8,0,0,0,189,1,2,192,189,192
7008742,GOBERNADOR(A),32,Bolivia,7,Santa Cruz,1,Andrés Ibáñez,1,Santa Cruz de La Sierra,2234,Santa Cruz de la Sierra,3014,Col. Tristan Roca,7,220,0,0,1,0,0,0,148,0,0,0,0,0,0,20,0,0,0,0,0,0,0,0,0,0,5,0,0,0,0,0,3,0,0,0,177,1,6,184,177,184
7008762,GOBERNADOR(A),32,Bolivia,7,Santa Cruz,1,Andrés Ibáñez,1,Santa Cruz de La Sierra,2234,Santa Cruz de la Sierra,3014,Col. Tristan Roca,9,220,0,0,3,0,0,0,133,0,0,0,0,0,0,37,0,0,0,0,0,0,0,0,0,0,1,0,0,0,0,0,4,0,0,0,178,0,2,180,178,180
7009162,GOBERNADOR(A),32,Bolivia,7,Santa Cruz,1,Andrés Ibáñez,1,Santa Cruz de La Sierra,2234,Santa Cruz de la Sierra,2023,Col. Pedro Gutierrez,7,220,0,0,1,0,0,0,172,0,0,0,0,0,0,8,0,0,0,0,0,0,0,0,0,0,0,0,0,0,0,0,6,0,0,0,187,0,3,190,187,190
7009192,GOBERNADOR(A),32,Bolivia,7,Santa Cruz,1,Andrés Ibáñez,1,Santa Cruz de La Sierra,2234,Santa Cruz de la Sierra,2023,Col. Pedro Gutierrez,10,220,0,0,1,0,0,0,165,0,0,0,0,0,0,16,0,1,0,0,0,0,0,0,0,0,2,0,0,0,0,0,3,0,0,0,188,2,5,195,188,195
7009622,GOBERNADOR(A),32,Bolivia,7,Santa Cruz,1,Andrés Ibáñez,1,Santa Cruz de La Sierra,2234,Santa Cruz de la Sierra,2017,Col. 24 de Septiembre,8,220,0,0,1,0,0,0,154,0,0,0,0,0,0,20,0,0,0,0,0,0,0,0,0,0,2,0,0,0,0,0,5,0,0,0,182,2,3,187,182,187
7009932,GOBERNADOR(A),32,Bolivia,7,Santa Cruz,1,Andrés Ibáñez,1,Santa Cruz de La Sierra,2234,Santa Cruz de la Sierra,2009,Col. Wenseslao Montero,9,220,0,0,0,0,0,0,167,0,0,0,0,0,0,7,0,1,0,0,0,0,0,0,0,0,0,0,0,0,0,0,5,0,0,0,180,0,2,182,180,182
7009942,GOBERNADOR(A),32,Bolivia,7,Santa Cruz,1,Andrés Ibáñez,1,Santa Cruz de La Sierra,2234,Santa Cruz de la Sierra,2009,Col. Wenseslao Montero,10,220,0,0,0,0,0,0,156,0,0,0,0,0,0,26,0,1,0,0,0,0,0,0,0,0,3,0,0,0,0,0,3,0,0,0,189,0,6,195,189,195
7009972,GOBERNADOR(A),32,Bolivia,7,Santa Cruz,1,Andrés Ibáñez,1,Santa Cruz de La Sierra,2234,Santa Cruz de la Sierra,2009,Col. Wenseslao Montero,13,220,0,0,1,0,0,0,153,0,0,0,0,0,0,10,0,0,0,0,0,0,0,0,0,0,0,0,0,0,0,0,9,0,0,0,173,1,3,177,173,177
7009982,GOBERNADOR(A),32,Bolivia,7,Santa Cruz,1,Andrés Ibáñez,1,Santa Cruz de La Sierra,2234,Santa Cruz de la Sierra,2009,Col. Wenseslao Montero,14,220,0,0,0,0,0,0,164,0,0,0,0,0,0,21,0,0,0,0,0,0,0,0,0,0,0,0,0,0,0,0,3,0,0,0,188,1,7,196,188,196
7009992,GOBERNADOR(A),32,Bolivia,7,Santa Cruz,1,Andrés Ibáñez,1,Santa Cruz de La Sierra,2234,Santa Cruz de la Sierra,2009,Col. Wenseslao Montero,15,174,0,0,0,0,0,0,120,0,0,0,0,0,0,15,0,0,0,0,0,0,0,0,0,0,1,0,0,0,0,0,4,0,0,0,140,4,2,146,140,146
7010102,GOBERNADOR(A),32,Bolivia,7,Santa Cruz,1,Andrés Ibáñez,1,Santa Cruz de La Sierra,2234,Santa Cruz de la Sierra,3007,Col. Fe y Alegria - Aniceto Arze,3,220,0,0,0,0,0,0,151,0,0,0,0,0,0,20,0,0,0,0,0,0,0,0,0,0,1,0,0,0,0,0,4,0,0,0,176,1,4,181,176,181
7010112,GOBERNADOR(A),32,Bolivia,7,Santa Cruz,1,Andrés Ibáñez,1,Santa Cruz de La Sierra,2234,Santa Cruz de la Sierra,3007,Col. Fe y Alegria - Aniceto Arze,4,220,0,0,0,0,0,0,141,0,0,0,0,0,0,37,0,1,0,0,0,0,0,0,0,0,4,0,0,0,0,0,5,0,0,0,188,0,3,191,188,191
7010232,GOBERNADOR(A),32,Bolivia,7,Santa Cruz,1,Andrés Ibáñez,1,Santa Cruz de La Sierra,2234,Santa Cruz de la Sierra,3007,Col. Fe y Alegria - Aniceto Arze,16,220,0,0,0,0,0,0,154,0,0,0,0,0,0,23,0,0,0,0,0,0,0,0,0,0,1,0,0,0,0,0,0,0,0,0,178,4,0,182,178,182
7010282,GOBERNADOR(A),32,Bolivia,7,Santa Cruz,1,Andrés Ibáñez,1,Santa Cruz de La Sierra,2234,Santa Cruz de la Sierra,3007,Col. Fe y Alegria - Aniceto Arze,21,220,0,0,1,0,0,0,160,0,0,0,0,0,0,24,0,1,0,0,0,0,0,0,0,0,1,0,0,0,0,0,3,0,0,0,190,3,1,194,190,194
7010352,GOBERNADOR(A),32,Bolivia,7,Santa Cruz,1,Andrés Ibáñez,1,Santa Cruz de La Sierra,2234,Santa Cruz de la Sierra,26401,U.E. Dennys Antelo Jordan,1,120,0,0,0,0,0,0,89,0,0,0,0,0,0,18,0,1,0,0,0,0,0,0,0,0,2,0,0,0,0,0,2,0,0,0,112,2,2,116,112,116
7010552,GOBERNADOR(A),32,Bolivia,7,Santa Cruz,1,Andrés Ibáñez,1,Santa Cruz de La Sierra,2234,Santa Cruz de la Sierra,3011,Colegio Nestor Suarez,6,220,0,0,2,0,0,0,128,0,0,0,0,0,0,38,0,2,0,0,0,0,0,0,0,0,1,0,0,0,0,0,9,0,0,0,180,3,4,187,180,187
7010572,GOBERNADOR(A),32,Bolivia,7,Santa Cruz,1,Andrés Ibáñez,1,Santa Cruz de La Sierra,2234,Santa Cruz de la Sierra,3011,Colegio Nestor Suarez,8,220,0,0,2,0,0,0,132,0,0,0,0,0,0,40,0,1,0,0,0,0,0,0,0,0,1,0,0,0,0,0,11,0,0,0,187,3,9,199,187,199
7010642,GOBERNADOR(A),32,Bolivia,7,Santa Cruz,1,Andrés Ibáñez,1,Santa Cruz de La Sierra,2234,Santa Cruz de la Sierra,3011,Colegio Nestor Suarez,15,220,0,0,2,0,0,0,135,0,0,0,0,0,0,36,0,2,0,0,0,0,0,0,0,0,2,0,0,0,0,0,6,0,0,0,183,0,6,189,183,189
7010692,GOBERNADOR(A),32,Bolivia,7,Santa Cruz,1,Andrés Ibáñez,1,Santa Cruz de La Sierra,2234,Santa Cruz de la Sierra,3011,Colegio Nestor Suarez,20,74,0,0,0,0,0,0,42,0,0,0,0,0,0,15,0,0,0,0,0,0,0,0,0,0,0,0,0,0,0,0,1,0,0,0,58,7,2,67,58,67
7011532,GOBERNADOR(A),32,Bolivia,7,Santa Cruz,1,Andrés Ibáñez,1,Santa Cruz de La Sierra,2234,Santa Cruz de la Sierra,5001,Colegio Josefina Balsamo( Los Tusequis),10,220,0,0,2,0,0,0,137,0,0,0,0,0,0,24,0,0,0,0,0,0,0,0,0,0,4,0,0,0,0,0,5,0,0,0,172,3,6,181,172,181
7011542,GOBERNADOR(A),32,Bolivia,7,Santa Cruz,1,Andrés Ibáñez,1,Santa Cruz de La Sierra,2234,Santa Cruz de la Sierra,5001,Colegio Josefina Balsamo( Los Tusequis),11,220,0,0,0,0,0,0,136,0,0,0,0,0,0,29,0,0,0,0,0,0,0,0,0,0,4,0,0,0,0,0,7,0,0,0,176,3,3,182,176,182
7011562,GOBERNADOR(A),32,Bolivia,7,Santa Cruz,1,Andrés Ibáñez,1,Santa Cruz de La Sierra,2234,Santa Cruz de la Sierra,5001,Colegio Josefina Balsamo( Los Tusequis),13,220,0,0,0,0,0,0,150,0,0,0,0,0,0,26,0,0,0,0,0,0,0,0,0,0,2,0,0,0,0,0,4,0,0,0,182,2,3,187,182,187
7011612,GOBERNADOR(A),32,Bolivia,7,Santa Cruz,1,Andrés Ibáñez,1,Santa Cruz de La Sierra,2234,Santa Cruz de la Sierra,5001,Colegio Josefina Balsamo( Los Tusequis),18,220,0,0,0,0,0,0,153,0,0,0,0,0,0,21,0,1,0,0,0,0,0,0,0,0,1,0,0,0,0,0,2,0,0,0,178,2,4,184,178,184
7012072,GOBERNADOR(A),32,Bolivia,7,Santa Cruz,1,Andrés Ibáñez,1,Santa Cruz de La Sierra,2234,Santa Cruz de la Sierra,3009,Col. San Carlos,7,220,0,0,1,0,0,0,146,0,0,0,0,0,0,36,0,2,0,0,0,0,0,0,0,0,0,0,0,0,0,0,4,0,0,0,189,2,4,195,189,195
7012132,GOBERNADOR(A),32,Bolivia,7,Santa Cruz,1,Andrés Ibáñez,1,Santa Cruz de La Sierra,2234,Santa Cruz de la Sierra,2001,Col. Seccional Monseñor Santiestevan,2,220,0,0,1,0,0,0,111,0,0,0,0,0,0,49,0,1,0,0,0,0,0,0,0,0,2,0,0,0,0,0,3,0,0,0,167,0,8,175,167,175
7013182,GOBERNADOR(A),32,Bolivia,7,Santa Cruz,1,Andrés Ibáñez,1,Santa Cruz de La Sierra,2234,Santa Cruz de la Sierra,3022,Col. Juan Pablo II,18,124,0,0,2,0,0,0,85,0,0,0,0,0,0,8,0,0,0,0,0,0,0,0,0,0,2,0,0,0,0,0,1,0,0,0,98,0,3,101,98,101
7013192,GOBERNADOR(A),32,Bolivia,7,Santa Cruz,1,Andrés Ibáñez,1,Santa Cruz de La Sierra,2234,Santa Cruz de la Sierra,26403,U.E. Hilarión Tomelicht Ardaya I,1,18,0,0,0,0,0,0,12,0,0,0,0,0,0,2,0,0,0,0,0,0,0,0,0,0,0,0,0,0,0,0,0,0,0,0,14,0,1,15,14,15
7014022,GOBERNADOR(A),32,Bolivia,7,Santa Cruz,1,Andrés Ibáñez,1,Santa Cruz de La Sierra,2234,Santa Cruz de la Sierra,11068,16 de Julio,5,220,0,0,1,0,0,0,115,0,0,0,0,0,0,56,0,2,0,0,0,0,0,0,0,0,3,0,0,0,0,0,3,0,0,0,180,6,3,189,180,189
7014452,GOBERNADOR(A),32,Bolivia,7,Santa Cruz,1,Andrés Ibáñez,1,Santa Cruz de La Sierra,2234,Santa Cruz de la Sierra,11067,Luz Del Mundo C,1,220,0,0,1,0,0,0,140,0,0,0,0,0,0,36,0,1,0,0,0,0,0,0,0,0,2,0,0,0,0,0,5,0,0,0,185,3,5,193,185,193
7014502,GOBERNADOR(A),32,Bolivia,7,Santa Cruz,1,Andrés Ibáñez,1,Santa Cruz de La Sierra,2234,Santa Cruz de la Sierra,11067,Luz Del Mundo C,6,168,0,0,2,0,0,0,96,0,0,0,0,0,0,31,0,0,0,0,0,0,0,0,0,0,3,0,0,0,0,0,4,0,0,0,136,1,6,143,136,143
7014832,GOBERNADOR(A),32,Bolivia,7,Santa Cruz,1,Andrés Ibáñez,1,Santa Cruz de La Sierra,2234,Santa Cruz de la Sierra,6015,Col. Esc. Gral. Ismael Montes Gamboa,18,220,0,0,1,0,0,0,115,0,0,0,0,0,0,55,0,0,0,0,0,0,0,0,0,0,5,0,0,0,0,0,2,0,0,0,178,7,6,191,178,191
7015032,GOBERNADOR(A),32,Bolivia,7,Santa Cruz,1,Andrés Ibáñez,1,Santa Cruz de La Sierra,2234,Santa Cruz de la Sierra,11092,16 de Febrero,2,220,0,0,0,0,0,0,104,0,0,0,0,0,0,61,0,1,0,0,0,0,0,0,0,0,2,0,0,0,0,0,7,0,0,0,175,7,8,190,175,190
7015042,GOBERNADOR(A),32,Bolivia,7,Santa Cruz,1,Andrés Ibáñez,1,Santa Cruz de La Sierra,2234,Santa Cruz de la Sierra,11092,16 de Febrero,3,220,0,0,0,0,0,0,113,0,0,0,0,0,0,58,0,0,0,0,0,0,0,0,0,0,3,0,0,0,0,0,4,0,0,0,178,5,14,197,178,197
7015062,GOBERNADOR(A),32,Bolivia,7,Santa Cruz,1,Andrés Ibáñez,1,Santa Cruz de La Sierra,2234,Santa Cruz de la Sierra,11092,16 de Febrero,5,220,0,0,0,0,0,0,110,0,0,0,0,0,0,57,0,0,0,0,0,0,0,0,0,0,1,0,0,0,0,0,5,0,0,0,173,5,7,185,173,185
7015432,GOBERNADOR(A),32,Bolivia,7,Santa Cruz,1,Andrés Ibáñez,1,Santa Cruz de La Sierra,2234,Santa Cruz de la Sierra,32034,Modulo Urb. Cotoca (Temporal),33,220,0,0,0,0,0,0,156,0,0,0,0,0,0,28,0,1,0,0,0,0,0,0,0,0,1,0,0,0,0,0,4,0,0,0,190,1,3,194,190,194
7015442,GOBERNADOR(A),32,Bolivia,7,Santa Cruz,1,Andrés Ibáñez,1,Santa Cruz de La Sierra,2234,Santa Cruz de la Sierra,32034,Modulo Urb. Cotoca (Temporal),34,220,0,0,0,0,0,0,135,0,0,0,0,0,0,41,0,0,0,0,0,0,0,0,0,0,1,0,0,0,0,0,13,0,0,0,190,2,5,197,190,197
7015452,GOBERNADOR(A),32,Bolivia,7,Santa Cruz,1,Andrés Ibáñez,1,Santa Cruz de La Sierra,2234,Santa Cruz de la Sierra,32034,Modulo Urb. Cotoca (Temporal),35,220,0,0,2,0,0,0,122,0,0,0,0,0,0,46,0,1,0,0,0,0,0,0,0,0,1,0,0,0,0,0,6,0,0,0,178,2,5,185,178,185
7015492,GOBERNADOR(A),32,Bolivia,7,Santa Cruz,1,Andrés Ibáñez,1,Santa Cruz de La Sierra,2234,Santa Cruz de la Sierra,11094,U.E. 18 de Julio,3,220,0,0,2,0,0,0,99,0,0,0,0,0,0,65,0,0,0,0,0,0,0,0,0,0,3,0,0,0,0,0,2,0,0,0,171,7,3,181,171,181
7015522,GOBERNADOR(A),32,Bolivia,7,Santa Cruz,1,Andrés Ibáñez,1,Santa Cruz de La Sierra,2234,Santa Cruz de la Sierra,11094,U.E. 18 de Julio,6,220,0,0,1,0,0,0,106,0,0,0,0,0,0,84,0,0,0,0,0,0,0,0,0,0,1,0,0,0,0,0,2,0,0,0,194,1,3,198,194,198
7017232,GOBERNADOR(A),32,Bolivia,7,Santa Cruz,1,Andrés Ibáñez,1,Santa Cruz de La Sierra,2234,Santa Cruz de la Sierra,7024,U. E. El Retoño,1,220,0,0,0,0,0,0,118,0,0,0,0,0,0,59,0,3,0,0,0,0,0,0,0,0,0,0,0,0,0,0,5,0,0,0,185,4,3,192,185,192
7017282,GOBERNADOR(A),32,Bolivia,7,Santa Cruz,1,Andrés Ibáñez,1,Santa Cruz de La Sierra,2234,Santa Cruz de la Sierra,7024,U. E. El Retoño,6,220,0,0,2,0,0,0,105,0,0,0,0,0,0,71,0,0,0,0,0,0,0,0,0,0,1,0,0,0,0,0,3,0,0,0,182,7,2,191,182,191
7017352,GOBERNADOR(A),32,Bolivia,7,Santa Cruz,1,Andrés Ibáñez,1,Santa Cruz de La Sierra,2234,Santa Cruz de la Sierra,7024,U. E. El Retoño,13,220,0,0,2,0,0,0,122,0,0,0,0,0,0,43,0,0,0,0,0,0,0,0,0,0,1,0,0,0,0,0,2,0,0,0,170,6,2,178,170,178
7017362,GOBERNADOR(A),32,Bolivia,7,Santa Cruz,1,Andrés Ibáñez,1,Santa Cruz de La Sierra,2234,Santa Cruz de la Sierra,7024,U. E. El Retoño,14,220,0,0,2,0,0,0,117,0,0,0,0,0,0,45,0,0,0,0,0,0,0,0,0,0,3,0,0,0,0,0,3,0,0,0,170,4,0,174,170,174
7017872,GOBERNADOR(A),32,Bolivia,7,Santa Cruz,1,Andrés Ibáñez,1,Santa Cruz de La Sierra,2234,Santa Cruz de la Sierra,25419,U.E. Josefina Balsamo Los Pinos,3,220,0,0,5,0,0,0,134,0,0,0,0,0,0,46,0,1,0,0,0,0,0,0,0,0,2,0,0,0,0,0,3,0,0,0,191,2,0,193,191,193
7017902,GOBERNADOR(A),32,Bolivia,7,Santa Cruz,1,Andrés Ibáñez,1,Santa Cruz de La Sierra,2234,Santa Cruz de la Sierra,25419,U.E. Josefina Balsamo Los Pinos,6,220,0,0,3,0,0,0,118,0,0,0,0,0,0,44,0,0,0,0,0,0,0,0,0,0,3,0,0,0,0,0,3,0,0,0,171,4,2,177,171,177
7018102,GOBERNADOR(A),32,Bolivia,7,Santa Cruz,1,Andrés Ibáñez,1,Santa Cruz de La Sierra,2234,Santa Cruz de la Sierra,25653,U.E. Santa Cecilia,17,220,0,0,4,0,0,0,122,0,0,0,0,0,0,56,0,0,0,0,0,0,0,0,0,0,4,0,0,0,0,0,3,0,0,0,189,3,2,194,189,194
7019552,GOBERNADOR(A),32,Bolivia,7,Santa Cruz,1,Andrés Ibáñez,1,Santa Cruz de La Sierra,2234,Santa Cruz de la Sierra,7003,Col. Felix Bascope,9,220,0,0,1,0,0,0,159,0,0,0,0,0,0,21,0,0,0,0,0,0,0,0,0,0,0,0,0,0,0,0,6,0,0,0,187,1,10,198,187,198
7019582,GOBERNADOR(A),32,Bolivia,7,Santa Cruz,1,Andrés Ibáñez,1,Santa Cruz de La Sierra,2234,Santa Cruz de la Sierra,7003,Col. Felix Bascope,12,220,0,0,3,0,0,0,150,0,0,0,0,0,0,23,0,0,0,0,0,0,0,0,0,0,1,0,0,0,0,0,9,0,0,0,186,2,6,194,186,194
7019612,GOBERNADOR(A),32,Bolivia,7,Santa Cruz,1,Andrés Ibáñez,1,Santa Cruz de La Sierra,2234,Santa Cruz de la Sierra,7003,Col. Felix Bascope,15,220,0,0,0,0,0,0,162,0,0,0,0,0,0,23,0,0,0,0,0,0,0,0,0,0,1,0,0,0,0,0,4,0,0,0,190,2,4,196,190,196
7019642,GOBERNADOR(A),32,Bolivia,7,Santa Cruz,1,Andrés Ibáñez,1,Santa Cruz de La Sierra,2234,Santa Cruz de la Sierra,7003,Col. Felix Bascope,18,220,0,0,2,0,0,0,148,0,0,0,0,0,0,39,0,0,0,0,0,0,0,0,0,0,0,0,0,0,0,0,3,0,0,0,192,1,0,193,192,193
7019652,GOBERNADOR(A),32,Bolivia,7,Santa Cruz,1,Andrés Ibáñez,1,Santa Cruz de La Sierra,2234,Santa Cruz de la Sierra,7003,Col. Felix Bascope,19,220,0,0,0,0,0,0,143,0,0,0,0,0,0,27,0,1,0,0,0,0,0,0,0,0,1,0,0,0,0,0,8,0,0,0,180,2,9,191,180,191
7000222,ASAMBLEISTA TERRITORIO,32,Bolivia,7,Santa Cruz,1,Andrés Ibáñez,1,Santa Cruz de La Sierra,2234,Santa Cruz de la Sierra,1001,Campus Universitario,14,220,0,0,0,0,0,0,117,0,0,0,0,0,0,24,0,0,0,0,0,0,0,0,0,0,3,0,0,0,0,0,6,0,0,0,150,25,3,178,150,178
7000232,ASAMBLEISTA TERRITORIO,32,Bolivia,7,Santa Cruz,1,Andrés Ibáñez,1,Santa Cruz de La Sierra,2234,Santa Cruz de la Sierra,1001,Campus Universitario,15,102,0,0,0,0,0,0,58,0,0,0,0,0,0,10,0,1,0,0,0,0,0,0,0,0,2,0,0,0,0,0,3,0,0,0,74,5,0,79,74,79
7000452,ASAMBLEISTA TERRITORIO,32,Bolivia,7,Santa Cruz,1,Andrés Ibáñez,1,Santa Cruz de La Sierra,2234,Santa Cruz de la Sierra,1007,Col. Hnas. Arredondo (Col. Jesus Peredo),9,220,0,0,0,0,0,0,101,0,0,0,0,0,0,36,0,0,0,0,0,0,0,0,0,0,3,0,0,0,0,0,12,0,0,0,152,30,5,187,152,187
7000462,ASAMBLEISTA TERRITORIO,32,Bolivia,7,Santa Cruz,1,Andrés Ibáñez,1,Santa Cruz de La Sierra,2234,Santa Cruz de la Sierra,1007,Col. Hnas. Arredondo (Col. Jesus Peredo),10,220,0,0,0,0,0,0,119,0,0,0,0,0,0,32,0,2,0,0,0,0,0,0,0,0,2,0,0,0,0,0,8,0,0,0,163,20,3,186,163,186
7000472,ASAMBLEISTA TERRITORIO,32,Bolivia,7,Santa Cruz,1,Andrés Ibáñez,1,Santa Cruz de La Sierra,2234,Santa Cruz de la Sierra,1007,Col. Hnas. Arredondo (Col. Jesus Peredo),11,220,0,0,0,0,0,0,129,0,0,0,0,0,0,36,0,0,0,0,0,0,0,0,0,0,6,0,0,0,0,0,8,0,0,0,179,14,4,197,179,197
7000722,ASAMBLEISTA TERRITORIO,32,Bolivia,7,Santa Cruz,1,Andrés Ibáñez,1,Santa Cruz de La Sierra,2234,Santa Cruz de la Sierra,1006,Col. San Martin De Porres,14,220,0,0,0,0,0,0,72,0,0,0,0,0,0,78,0,1,0,0,0,0,0,0,0,0,3,0,0,0,0,0,4,0,0,0,158,28,7,193,158,193
7000802,ASAMBLEISTA TERRITORIO,32,Bolivia,7,Santa Cruz,1,Andrés Ibáñez,1,Santa Cruz de La Sierra,2234,Santa Cruz de la Sierra,1006,Col. San Martin De Porres,22,220,0,0,0,0,0,0,140,0,0,2,0,0,0,19,0,0,0,0,0,0,0,0,0,0,2,0,0,0,0,0,7,0,0,0,170,21,3,194,170,194
7000852,ASAMBLEISTA TERRITORIO,32,Bolivia,7,Santa Cruz,1,Andrés Ibáñez,1,Santa Cruz de La Sierra,2234,Santa Cruz de la Sierra,1006,Col. San Martin De Porres,27,220,0,0,0,0,0,0,113,0,0,1,0,0,0,40,0,0,0,0,0,0,0,0,0,0,3,0,0,0,0,0,4,0,0,0,161,29,2,192,161,192
7001032,ASAMBLEISTA TERRITORIO,32,Bolivia,7,Santa Cruz,1,Andrés Ibáñez,1,Santa Cruz de La Sierra,2234,Santa Cruz de la Sierra,1002,Esc. Rene Barrientos,12,220,0,0,0,0,0,0,129,0,0,0,0,0,0,26,0,0,0,0,0,0,0,0,0,0,2,0,0,0,0,0,4,0,0,0,161,9,0,170,161,170
7001132,ASAMBLEISTA TERRITORIO,32,Bolivia,7,Santa Cruz,1,Andrés Ibáñez,1,Santa Cruz de La Sierra,2234,Santa Cruz de la Sierra,1004,Col. Mirette Sciaroni,5,220,0,0,0,0,0,0,129,0,0,0,0,0,0,13,0,0,0,0,0,0,0,0,0,0,0,0,0,0,0,0,5,0,0,0,147,25,5,177,147,177
7001202,ASAMBLEISTA TERRITORIO,32,Bolivia,7,Santa Cruz,1,Andrés Ibáñez,1,Santa Cruz de La Sierra,2234,Santa Cruz de la Sierra,1004,Col. Mirette Sciaroni,12,151,0,0,0,0,0,0,81,0,0,1,0,0,0,12,0,1,0,0,0,0,0,0,0,0,1,0,0,0,0,0,5,0,0,0,101,10,4,115,101,115
7001222,ASAMBLEISTA TERRITORIO,32,Bolivia,7,Santa Cruz,1,Andrés Ibáñez,1,Santa Cruz de La Sierra,2234,Santa Cruz de la Sierra,1015,Esc. Aponte Tineo (Esc. Gregorio Moreno),2,220,0,0,0,0,0,0,140,0,0,0,0,0,0,9,0,0,0,0,0,0,0,0,0,0,2,0,0,0,0,0,7,0,0,0,158,21,3,182,158,182
7001262,ASAMBLEISTA TERRITORIO,32,Bolivia,7,Santa Cruz,1,Andrés Ibáñez,1,Santa Cruz de La Sierra,2234,Santa Cruz de la Sierra,1015,Esc. Aponte Tineo (Esc. Gregorio Moreno),6,220,0,0,0,0,0,0,138,0,0,0,0,0,0,14,0,0,0,0,0,0,0,0,0,0,6,0,0,0,0,0,3,0,0,0,161,28,0,189,161,189
7001272,ASAMBLEISTA TERRITORIO,32,Bolivia,7,Santa Cruz,1,Andrés Ibáñez,1,Santa Cruz de La Sierra,2234,Santa Cruz de la Sierra,1015,Esc. Aponte Tineo (Esc. Gregorio Moreno),7,220,0,0,0,0,0,0,147,0,0,0,0,0,0,10,0,0,0,0,0,0,0,0,0,0,2,0,0,0,0,0,6,0,0,0,165,21,1,187,165,187
7001282,ASAMBLEISTA TERRITORIO,32,Bolivia,7,Santa Cruz,1,Andrés Ibáñez,1,Santa Cruz de La Sierra,2234,Santa Cruz de la Sierra,1015,Esc. Aponte Tineo (Esc. Gregorio Moreno),8,220,0,0,0,0,0,0,142,0,0,0,0,0,0,15,0,1,0,0,0,0,0,0,0,0,2,0,0,0,0,0,9,0,0,0,169,17,2,188,169,188
7001292,ASAMBLEISTA TERRITORIO,32,Bolivia,7,Santa Cruz,1,Andrés Ibáñez,1,Santa Cruz de La Sierra,2234,Santa Cruz de la Sierra,1015,Esc. Aponte Tineo (Esc. Gregorio Moreno),9,220,0,0,0,0,0,0,149,0,0,0,0,0,0,8,0,1,0,0,0,0,0,0,0,0,2,0,0,0,0,0,3,0,0,0,163,21,1,185,163,185
7001302,ASAMBLEISTA TERRITORIO,32,Bolivia,7,Santa Cruz,1,Andrés Ibáñez,1,Santa Cruz de La Sierra,2234,Santa Cruz de la Sierra,1015,Esc. Aponte Tineo (Esc. Gregorio Moreno),10,129,0,0,0,0,0,0,86,0,0,0,0,0,0,3,0,1,0,0,0,0,0,0,0,0,2,0,0,0,0,0,6,0,0,0,98,7,3,108,98,108
7001382,ASAMBLEISTA TERRITORIO,32,Bolivia,7,Santa Cruz,1,Andrés Ibáñez,1,Santa Cruz de La Sierra,2234,Santa Cruz de la Sierra,1000,Col. La Madre,8,220,0,0,0,0,0,0,102,0,0,1,0,0,0,40,0,1,0,0,0,0,0,0,0,0,7,0,0,0,0,0,8,0,0,0,159,22,5,186,159,186
7001632,ASAMBLEISTA TERRITORIO,32,Bolivia,7,Santa Cruz,1,Andrés Ibáñez,1,Santa Cruz de La Sierra,2234,Santa Cruz de la Sierra,1010,Gladys Rivero De Jimenez,9,220,0,0,0,0,0,0,113,0,0,0,0,0,0,41,0,2,0,0,0,0,0,0,0,0,2,0,0,0,0,0,7,0,0,0,165,21,2,188,165,188
7001962,ASAMBLEISTA TERRITORIO,32,Bolivia,7,Santa Cruz,1,Andrés Ibáñez,1,Santa Cruz de La Sierra,2234,Santa Cruz de la Sierra,1003,Modulo Educativo Jose Miguel De Velasco,9,220,0,0,0,0,0,0,138,0,0,1,0,0,0,17,0,1,0,0,0,0,0,0,0,0,2,0,0,0,0,0,9,0,0,0,168,18,3,189,168,189
7002022,ASAMBLEISTA TERRITORIO,32,Bolivia,7,Santa Cruz,1,Andrés Ibáñez,1,Santa Cruz de La Sierra,2234,Santa Cruz de la Sierra,1003,Modulo Educativo Jose Miguel De Velasco,15,220,0,0,0,0,0,0,98,0,0,0,0,0,0,36,0,0,0,0,0,0,0,0,0,0,1,0,0,0,0,0,10,0,0,0,145,35,2,182,145,182
7002102,ASAMBLEISTA TERRITORIO,32,Bolivia,7,Santa Cruz,1,Andrés Ibáñez,1,Santa Cruz de La Sierra,2234,Santa Cruz de la Sierra,1012,Escuela San Carlos,1,220,0,0,0,0,0,0,122,0,0,0,0,0,0,15,0,0,0,0,0,0,0,0,0,0,1,0,0,0,0,0,6,0,0,0,144,28,1,173,144,173
7002132,ASAMBLEISTA TERRITORIO,32,Bolivia,7,Santa Cruz,1,Andrés Ibáñez,1,Santa Cruz de La Sierra,2234,Santa Cruz de la Sierra,1012,Escuela San Carlos,4,220,0,0,0,0,0,0,111,0,0,0,0,0,0,20,0,0,0,0,0,0,0,0,0,0,2,0,0,0,0,0,7,0,0,0,140,29,2,171,140,171
7002142,ASAMBLEISTA TERRITORIO,32,Bolivia,7,Santa Cruz,1,Andrés Ibáñez,1,Santa Cruz de La Sierra,2234,Santa Cruz de la Sierra,1012,Escuela San Carlos,5,220,0,0,0,0,0,0,126,0,0,0,0,0,0,20,0,0,0,0,0,0,0,0,0,0,5,0,0,0,0,0,4,0,0,0,155,25,0,180,155,180
7002202,ASAMBLEISTA TERRITORIO,32,Bolivia,7,Santa Cruz,1,Andrés Ibáñez,1,Santa Cruz de La Sierra,2234,Santa Cruz de la Sierra,1012,Escuela San Carlos,11,220,0,0,0,0,0,0,139,0,0,0,0,0,0,11,0,1,0,0,0,0,0,0,0,0,4,0,0,0,0,0,6,0,0,0,161,14,3,178,161,178
7002232,ASAMBLEISTA TERRITORIO,32,Bolivia,7,Santa Cruz,1,Andrés Ibáñez,1,Santa Cruz de La Sierra,2234,Santa Cruz de la Sierra,1012,Escuela San Carlos,14,220,0,0,0,0,0,0,124,0,0,0,0,0,0,15,0,0,0,0,0,0,0,0,0,0,0,0,0,0,0,0,6,0,0,0,145,32,4,181,145,181
7002352,ASAMBLEISTA TERRITORIO,32,Bolivia,7,Santa Cruz,1,Andrés Ibáñez,1,Santa Cruz de La Sierra,2234,Santa Cruz de la Sierra,5007,Col. Virgen De Cotoca,2,220,0,0,0,0,0,0,138,0,0,0,0,0,0,16,0,1,0,0,0,0,0,0,0,0,6,0,0,0,0,0,3,0,0,0,164,26,2,192,164,192
7002362,ASAMBLEISTA TERRITORIO,32,Bolivia,7,Santa Cruz,1,Andrés Ibáñez,1,Santa Cruz de La Sierra,2234,Santa Cruz de la Sierra,5007,Col. Virgen De Cotoca,3,220,0,0,0,0,0,0,121,0,0,0,0,0,0,25,0,0,0,0,0,0,0,0,0,0,4,0,0,0,0,0,7,0,0,0,157,41,2,200,157,200
7002422,ASAMBLEISTA TERRITORIO,32,Bolivia,7,Santa Cruz,1,Andrés Ibáñez,1,Santa Cruz de La Sierra,2234,Santa Cruz de la Sierra,11033,Unidad Educativa San Jorge Norte,1,26,0,0,0,0,0,0,12,0,0,0,0,0,0,2,0,0,0,0,0,0,0,0,0,0,0,0,0,0,0,0,0,0,0,0,14,5,2,21,14,21
7002432,ASAMBLEISTA TERRITORIO,32,Bolivia,7,Santa Cruz,1,Andrés Ibáñez,1,Santa Cruz de La Sierra,2234,Santa Cruz de la Sierra,26400,U.E. San Jorge Norte,1,44,0,0,0,0,0,0,26,0,0,0,0,0,0,6,0,0,0,0,0,0,0,0,0,0,0,0,0,0,0,0,1,0,0,0,33,7,1,41,33,41
7002572,ASAMBLEISTA TERRITORIO,32,Bolivia,7,Santa Cruz,1,Andrés Ibáñez,1,Santa Cruz de La Sierra,2234,Santa Cruz de la Sierra,26421,Unidad Educativa Santa Ana D,14,220,0,0,0,0,0,0,138,0,0,0,0,0,0,23,0,0,0,0,0,0,0,0,0,0,3,0,0,0,0,0,6,0,0,0,170,22,0,192,170,192
7002582,ASAMBLEISTA TERRITORIO,32,Bolivia,7,Santa Cruz,1,Andrés Ibáñez,1,Santa Cruz de La Sierra,2234,Santa Cruz de la Sierra,26421,Unidad Educativa Santa Ana D,15,220,0,0,0,0,0,0,123,0,0,0,0,0,0,36,0,0,0,0,0,0,0,0,0,0,2,0,0,0,0,0,3,0,0,0,164,23,3,190,164,190
7002822,ASAMBLEISTA TERRITORIO,32,Bolivia,7,Santa Cruz,1,Andrés Ibáñez,1,Santa Cruz de La Sierra,2234,Santa Cruz de la Sierra,5008,Naciones Unidas,2,220,0,0,0,0,0,0,114,0,0,0,0,0,0,25,0,0,0,0,0,0,0,0,0,0,4,0,0,0,0,0,5,0,0,0,148,42,1,191,148,191
7002972,ASAMBLEISTA TERRITORIO,32,Bolivia,7,Santa Cruz,1,Andrés Ibáñez,1,Santa Cruz de La Sierra,2234,Santa Cruz de la Sierra,25418,Modulo Educativo German Busch,4,220,0,0,0,0,0,0,126,0,0,0,0,0,0,21,0,0,0,0,0,0,0,0,0,0,3,0,0,0,0,0,5,0,0,0,155,39,3,197,155,197
7003022,ASAMBLEISTA TERRITORIO,32,Bolivia,7,Santa Cruz,1,Andrés Ibáñez,1,Santa Cruz de La Sierra,2234,Santa Cruz de la Sierra,25418,Modulo Educativo German Busch,9,220,0,0,0,0,0,0,124,0,0,0,0,0,0,22,0,1,0,0,0,0,0,0,0,0,3,0,0,0,0,0,7,0,0,0,157,32,0,189,157,189
7003132,ASAMBLEISTA TERRITORIO,32,Bolivia,7,Santa Cruz,1,Andrés Ibáñez,1,Santa Cruz de La Sierra,2234,Santa Cruz de la Sierra,5009,Col. 7 de Septiembre,10,220,0,0,0,0,0,0,117,0,0,0,0,0,0,24,0,0,0,0,0,0,0,0,0,0,1,0,0,0,0,0,2,0,0,0,144,34,1,179,144,179
7003192,ASAMBLEISTA TERRITORIO,32,Bolivia,7,Santa Cruz,1,Andrés Ibáñez,1,Santa Cruz de La Sierra,2234,Santa Cruz de la Sierra,5011,Esc. Real America (Esc. F. Florida),1,220,0,0,0,0,0,0,117,0,0,0,0,0,0,20,0,0,0,0,0,0,0,0,0,0,0,0,0,0,0,0,2,0,0,0,139,38,2,179,139,179
7003232,ASAMBLEISTA TERRITORIO,32,Bolivia,7,Santa Cruz,1,Andrés Ibáñez,1,Santa Cruz de La Sierra,2234,Santa Cruz de la Sierra,5011,Esc. Real America (Esc. F. Florida),5,220,0,0,0,0,0,0,113,0,0,0,0,0,0,22,0,0,0,0,0,0,0,0,0,0,3,0,0,0,0,0,6,0,0,0,144,37,1,182,144,182
7003502,ASAMBLEISTA TERRITORIO,32,Bolivia,7,Santa Cruz,1,Andrés Ibáñez,1,Santa Cruz de La Sierra,2234,Santa Cruz de la Sierra,5019,Col. Luz Y Saber II,3,220,0,0,0,0,0,0,133,0,0,0,0,0,0,24,0,1,0,0,0,0,0,0,0,0,1,0,0,0,0,0,8,0,0,0,167,30,1,198,167,198
7003512,ASAMBLEISTA TERRITORIO,32,Bolivia,7,Santa Cruz,1,Andrés Ibáñez,1,Santa Cruz de La Sierra,2234,Santa Cruz de la Sierra,5019,Col. Luz Y Saber II,4,220,0,0,0,0,0,0,97,0,0,0,0,0,0,37,0,0,0,0,0,0,0,0,0,0,2,0,0,0,0,0,8,0,0,0,144,41,6,191,144,191
7003542,ASAMBLEISTA TERRITORIO,32,Bolivia,7,Santa Cruz,1,Andrés Ibáñez,1,Santa Cruz de La Sierra,2234,Santa Cruz de la Sierra,5019,Col. Luz Y Saber II,7,220,0,0,0,0,0,0,94,0,0,0,0,0,0,38,0,0,0,0,0,0,0,0,0,0,2,0,0,0,0,0,7,0,0,0,141,34,14,189,141,189
7004002,ASAMBLEISTA TERRITORIO,32,Bolivia,7,Santa Cruz,1,Andrés Ibáñez,1,Santa Cruz de La Sierra,2234,Santa Cruz de la Sierra,5028,Col. Juan La Borde Morel,13,220,0,0,0,0,0,0,132,0,0,0,0,0,0,23,0,0,0,0,0,0,0,0,0,0,3,0,0,0,0,0,4,0,0,0,162,24,6,192,162,192
7004832,ASAMBLEISTA TERRITORIO,32,Bolivia,7,Santa Cruz,1,Andrés Ibáñez,1,Santa Cruz de La Sierra,2234,Santa Cruz de la Sierra,25470,U.E. Santa Cruz de la Sierra,21,220,0,0,0,0,0,0,141,0,0,0,0,0,0,22,0,1,0,0,0,0,0,0,0,0,4,0,0,0,0,0,6,0,0,0,174,15,1,190,174,190
7006362,ASAMBLEISTA TERRITORIO,32,Bolivia,7,Santa Cruz,1,Andrés Ibáñez,1,Santa Cruz de La Sierra,2234,Santa Cruz de la Sierra,5005,Col. Villa Bolivia,19,220,0,0,0,0,0,0,121,0,0,0,0,0,0,19,0,0,0,0,0,0,0,0,0,0,1,0,0,0,0,0,5,0,0,0,146,32,6,184,146,184
7006382,ASAMBLEISTA TERRITORIO,32,Bolivia,7,Santa Cruz,1,Andrés Ibáñez,1,Santa Cruz de La Sierra,2234,Santa Cruz de la Sierra,5005,Col. Villa Bolivia,21,220,0,0,0,0,0,0,117,0,0,0,0,0,0,18,0,0,0,0,0,0,0,0,0,0,8,0,0,0,0,0,6,0,0,0,149,38,1,188,149,188
7006772,ASAMBLEISTA TERRITORIO,32,Bolivia,7,Santa Cruz,1,Andrés Ibáñez,1,Santa Cruz de La Sierra,2234,Santa Cruz de la Sierra,3000,Colegio Marista,2,220,0,0,0,0,0,0,141,0,0,0,0,0,0,7,0,2,0,0,0,0,0,0,0,0,2,0,0,0,0,0,7,0,0,0,159,18,1,178,159,178
7006782,ASAMBLEISTA TERRITORIO,32,Bolivia,7,Santa Cruz,1,Andrés Ibáñez,1,Santa Cruz de La Sierra,2234,Santa Cruz de la Sierra,3000,Colegio Marista,3,220,0,0,0,0,0,0,138,0,0,0,0,0,0,9,0,0,0,0,0,0,0,0,0,0,3,0,0,0,0,0,5,0,0,0,155,14,2,171,155,171
7006812,ASAMBLEISTA TERRITORIO,32,Bolivia,7,Santa Cruz,1,Andrés Ibáñez,1,Santa Cruz de La Sierra,2234,Santa Cruz de la Sierra,3000,Colegio Marista,6,220,0,0,0,0,0,0,137,0,0,0,0,0,0,11,0,1,0,0,0,0,0,0,0,0,1,0,0,0,0,0,7,0,0,0,157,23,1,181,157,181
7006832,ASAMBLEISTA TERRITORIO,32,Bolivia,7,Santa Cruz,1,Andrés Ibáñez,1,Santa Cruz de La Sierra,2234,Santa Cruz de la Sierra,3000,Colegio Marista,8,220,0,0,0,0,0,0,145,0,0,0,0,0,0,5,0,0,0,0,0,0,0,0,0,0,2,0,0,0,0,0,6,0,0,0,158,14,7,179,158,179
7006842,ASAMBLEISTA TERRITORIO,32,Bolivia,7,Santa Cruz,1,Andrés Ibáñez,1,Santa Cruz de La Sierra,2234,Santa Cruz de la Sierra,3000,Colegio Marista,9,220,0,0,0,0,0,0,135,0,0,0,0,0,0,11,0,1,0,0,0,0,0,0,0,0,5,0,0,0,0,0,6,0,0,0,158,19,3,180,158,180
7006852,ASAMBLEISTA TERRITORIO,32,Bolivia,7,Santa Cruz,1,Andrés Ibáñez,1,Santa Cruz de La Sierra,2234,Santa Cruz de la Sierra,3000,Colegio Marista,10,60,0,0,0,0,0,0,40,0,0,0,0,0,0,3,0,0,0,0,0,0,0,0,0,0,2,0,0,0,0,0,2,0,0,0,47,3,2,52,47,52
7006892,ASAMBLEISTA TERRITORIO,32,Bolivia,7,Santa Cruz,1,Andrés Ibáñez,1,Santa Cruz de La Sierra,2234,Santa Cruz de la Sierra,2004,Col. Republica del Uruguay,4,220,0,0,0,0,0,0,134,0,0,0,0,0,0,20,0,0,0,0,0,0,0,0,0,0,5,0,0,0,0,0,6,0,0,0,165,22,1,188,165,188
7006902,ASAMBLEISTA TERRITORIO,32,Bolivia,7,Santa Cruz,1,Andrés Ibáñez,1,Santa Cruz de La Sierra,2234,Santa Cruz de la Sierra,2004,Col. Republica del Uruguay,5,220,0,0,0,0,0,0,140,0,0,0,0,0,0,13,0,1,0,0,0,0,0,0,0,0,0,0,0,0,0,0,5,0,0,0,159,12,3,174,159,174
7007072,ASAMBLEISTA TERRITORIO,32,Bolivia,7,Santa Cruz,1,Andrés Ibáñez,1,Santa Cruz de La Sierra,2234,Santa Cruz de la Sierra,2003,Col. Gaston Guillaux,8,220,0,0,0,0,0,0,125,0,0,0,0,0,0,13,0,0,0,0,0,0,0,0,0,0,3,0,0,0,0,0,8,0,0,0,149,16,0,165,149,165
7007082,ASAMBLEISTA TERRITORIO,32,Bolivia,7,Santa Cruz,1,Andrés Ibáñez,1,Santa Cruz de La Sierra,2234,Santa Cruz de la Sierra,2003,Col. Gaston Guillaux,9,220,0,0,0,0,0,0,99,0,0,1,0,0,0,28,0,2,0,0,0,0,0,0,0,0,5,0,0,0,0,0,6,0,0,0,141,15,3,159,141,159
7007092,ASAMBLEISTA TERRITORIO,32,Bolivia,7,Santa Cruz,1,Andrés Ibáñez,1,Santa Cruz de La Sierra,2234,Santa Cruz de la Sierra,2003,Col. Gaston Guillaux,10,220,0,0,0,0,0,0,128,0,0,0,0,0,0,15,0,1,0,0,0,0,0,0,0,0,4,0,0,0,0,0,6,0,0,0,154,19,4,177,154,177
7007362,ASAMBLEISTA TERRITORIO,32,Bolivia,7,Santa Cruz,1,Andrés Ibáñez,1,Santa Cruz de La Sierra,2234,Santa Cruz de la Sierra,3016,Col. Dios es Amor,4,220,0,0,1,0,0,0,105,0,0,0,0,0,0,17,0,1,0,0,0,0,0,0,0,0,5,0,0,0,0,0,13,0,0,0,142,41,1,184,142,184
7007402,ASAMBLEISTA TERRITORIO,32,Bolivia,7,Santa Cruz,1,Andrés Ibáñez,1,Santa Cruz de La Sierra,2234,Santa Cruz de la Sierra,3017,Col. Nacional Salesiano,1,220,0,0,0,0,0,0,117,0,0,1,0,0,0,19,0,0,0,0,0,0,0,0,0,0,8,0,0,0,0,0,6,0,0,0,151,27,2,180,151,180
7007412,ASAMBLEISTA TERRITORIO,32,Bolivia,7,Santa Cruz,1,Andrés Ibáñez,1,Santa Cruz de La Sierra,2234,Santa Cruz de la Sierra,3017,Col. Nacional Salesiano,2,220,0,0,0,0,0,0,123,0,0,0,0,0,0,25,0,0,0,0,0,0,0,0,0,0,2,0,0,0,0,0,10,0,0,0,160,24,2,186,160,186
7007542,ASAMBLEISTA TERRITORIO,32,Bolivia,7,Santa Cruz,1,Andrés Ibáñez,1,Santa Cruz de La Sierra,2234,Santa Cruz de la Sierra,11048,Col. Club De Leones,5,220,0,0,0,0,0,0,138,0,0,1,0,0,0,28,0,0,0,0,0,0,0,0,0,0,0,0,0,0,0,0,7,0,0,0,174,5,3,182,174,182
7007682,ASAMBLEISTA TERRITORIO,32,Bolivia,7,Santa Cruz,1,Andrés Ibáñez,1,Santa Cruz de La Sierra,2234,Santa Cruz de la Sierra,3001,Colegio Don Bosco,4,220,0,0,0,0,0,0,131,0,0,0,0,0,0,15,0,2,0,0,0,0,0,0,0,0,7,0,0,0,0,0,6,0,0,0,161,16,2,179,161,179
7008382,ASAMBLEISTA TERRITORIO,32,Bolivia,7,Santa Cruz,1,Andrés Ibáñez,1,Santa Cruz de La Sierra,2234,Santa Cruz de la Sierra,2013,Col. Domingo Leigue (Boliviano Canadiense),11,63,0,0,0,0,0,0,36,0,0,0,0,0,0,3,0,0,0,0,0,0,0,0,0,0,1,0,0,0,0,0,0,0,0,0,40,10,0,50,40,50
7008592,ASAMBLEISTA TERRITORIO,32,Bolivia,7,Santa Cruz,1,Andrés Ibáñez,1,Santa Cruz de La Sierra,2234,Santa Cruz de la Sierra,2012,Col. Gualberto Villarroel,14,220,0,0,0,0,0,0,129,0,0,0,0,0,0,17,0,0,0,0,0,0,0,0,0,0,0,0,0,0,0,0,5,0,0,0,151,32,3,186,151,186
7008682,ASAMBLEISTA TERRITORIO,32,Bolivia,7,Santa Cruz,1,Andrés Ibáñez,1,Santa Cruz de La Sierra,2234,Santa Cruz de la Sierra,3014,Col. Tristan Roca,1,220,0,0,0,0,0,0,112,0,0,1,0,0,0,24,0,0,0,0,0,0,0,0,0,0,4,0,0,0,0,0,9,0,0,0,150,34,3,187,150,187
7008732,ASAMBLEISTA TERRITORIO,32,Bolivia,7,Santa Cruz,1,Andrés Ibáñez,1,Santa Cruz de La Sierra,2234,Santa Cruz de la Sierra,3014,Col. Tristan Roca,6,220,0,0,0,0,0,0,112,0,0,0,0,0,0,29,0,0,0,0,0,0,0,0,0,0,0,0,0,0,0,0,11,0,0,0,152,39,1,192,152,192
7008742,ASAMBLEISTA TERRITORIO,32,Bolivia,7,Santa Cruz,1,Andrés Ibáñez,1,Santa Cruz de La Sierra,2234,Santa Cruz de la Sierra,3014,Col. Tristan Roca,7,220,0,0,0,0,0,0,125,0,0,0,0,0,0,15,0,1,0,0,0,0,0,0,0,0,7,0,0,0,0,0,6,0,0,0,154,26,4,184,154,184
7008762,ASAMBLEISTA TERRITORIO,32,Bolivia,7,Santa Cruz,1,Andrés Ibáñez,1,Santa Cruz de La Sierra,2234,Santa Cruz de la Sierra,3014,Col. Tristan Roca,9,220,0,0,0,0,0,0,117,0,0,0,0,0,0,30,0,0,0,0,0,0,0,0,0,0,1,0,0,0,0,0,5,0,0,0,153,25,2,180,153,180
7009162,ASAMBLEISTA TERRITORIO,32,Bolivia,7,Santa Cruz,1,Andrés Ibáñez,1,Santa Cruz de La Sierra,2234,Santa Cruz de la Sierra,2023,Col. Pedro Gutierrez,7,220,0,0,0,0,0,0,152,0,0,0,0,0,0,4,0,0,0,0,0,0,0,0,0,0,4,0,0,0,0,0,5,0,0,0,165,24,1,190,165,190
7009192,ASAMBLEISTA TERRITORIO,32,Bolivia,7,Santa Cruz,1,Andrés Ibáñez,1,Santa Cruz de La Sierra,2234,Santa Cruz de la Sierra,2023,Col. Pedro Gutierrez,10,220,0,0,0,0,0,0,141,0,0,1,0,0,0,12,0,2,0,0,0,0,0,0,0,0,6,0,0,0,0,0,5,0,0,0,167,23,5,195,167,195
7009622,ASAMBLEISTA TERRITORIO,32,Bolivia,7,Santa Cruz,1,Andrés Ibáñez,1,Santa Cruz de La Sierra,2234,Santa Cruz de la Sierra,2017,Col. 24 de Septiembre,8,220,0,0,0,0,0,0,130,0,0,0,0,0,0,16,0,1,0,0,0,0,0,0,0,0,3,0,0,0,0,0,2,0,0,0,152,32,3,187,152,187
7009932,ASAMBLEISTA TERRITORIO,32,Bolivia,7,Santa Cruz,1,Andrés Ibáñez,1,Santa Cruz de La Sierra,2234,Santa Cruz de la Sierra,2009,Col. Wenseslao Montero,9,220,0,0,0,0,0,0,143,0,0,0,0,0,0,5,0,2,0,0,0,0,0,0,0,0,3,0,0,0,0,0,2,0,0,0,155,26,1,182,155,182
7009942,ASAMBLEISTA TERRITORIO,32,Bolivia,7,Santa Cruz,1,Andrés Ibáñez,1,Santa Cruz de La Sierra,2234,Santa Cruz de la Sierra,2009,Col. Wenseslao Montero,10,220,0,0,0,0,0,0,132,0,0,1,0,0,0,22,0,0,0,0,0,0,0,0,0,0,6,0,0,0,0,0,3,0,0,0,164,27,4,195,164,195
7009972,ASAMBLEISTA TERRITORIO,32,Bolivia,7,Santa Cruz,1,Andrés Ibáñez,1,Santa Cruz de La Sierra,2234,Santa Cruz de la Sierra,2009,Col. Wenseslao Montero,13,220,0,0,0,0,0,0,138,0,0,0,0,0,0,9,0,0,0,0,0,0,0,0,0,0,2,0,0,0,0,0,9,0,0,0,158,16,3,177,158,177
7009982,ASAMBLEISTA TERRITORIO,32,Bolivia,7,Santa Cruz,1,Andrés Ibáñez,1,Santa Cruz de La Sierra,2234,Santa Cruz de la Sierra,2009,Col. Wenseslao Montero,14,220,0,0,0,0,0,0,137,0,0,0,0,0,0,14,0,1,0,0,0,0,0,0,0,0,1,0,0,0,0,0,2,0,0,0,155,34,7,196,155,196
7009992,ASAMBLEISTA TERRITORIO,32,Bolivia,7,Santa Cruz,1,Andrés Ibáñez,1,Santa Cruz de La Sierra,2234,Santa Cruz de la Sierra,2009,Col. Wenseslao Montero,15,174,0,0,0,0,0,0,104,0,0,0,0,0,0,15,0,0,0,0,0,0,0,0,0,0,1,0,0,0,0,0,3,0,0,0,123,21,2,146,123,146
7010102,ASAMBLEISTA TERRITORIO,32,Bolivia,7,Santa Cruz,1,Andrés Ibáñez,1,Santa Cruz de La Sierra,2234,Santa Cruz de la Sierra,3007,Col. Fe y Alegria - Aniceto Arze,3,220,0,0,0,0,0,0,125,0,0,0,0,0,0,17,0,0,0,0,0,0,0,0,0,0,3,0,0,0,0,0,7,0,0,0,152,28,1,181,152,181
7010112,ASAMBLEISTA TERRITORIO,32,Bolivia,7,Santa Cruz,1,Andrés Ibáñez,1,Santa Cruz de La Sierra,2234,Santa Cruz de la Sierra,3007,Col. Fe y Alegria - Aniceto Arze,4,220,0,0,0,0,0,0,127,0,0,0,0,0,0,36,0,0,0,0,0,0,0,0,0,0,3,0,0,0,0,0,3,0,0,0,169,21,1,191,169,191
7010232,ASAMBLEISTA TERRITORIO,32,Bolivia,7,Santa Cruz,1,Andrés Ibáñez,1,Santa Cruz de La Sierra,2234,Santa Cruz de la Sierra,3007,Col. Fe y Alegria - Aniceto Arze,16,220,0,0,0,0,0,0,134,0,0,0,0,0,0,21,0,0,0,0,0,0,0,0,0,0,1,0,0,0,0,0,2,0,0,0,158,24,0,182,158,182
7010282,ASAMBLEISTA TERRITORIO,32,Bolivia,7,Santa Cruz,1,Andrés Ibáñez,1,Santa Cruz de La Sierra,2234,Santa Cruz de la Sierra,3007,Col. Fe y Alegria - Aniceto Arze,21,220,0,0,0,0,0,0,142,0,0,0,0,0,0,19,0,0,0,0,0,0,0,0,0,0,6,0,0,0,0,0,2,0,0,0,169,25,0,194,169,194
7010352,ASAMBLEISTA TERRITORIO,32,Bolivia,7,Santa Cruz,1,Andrés Ibáñez,1,Santa Cruz de La Sierra,2234,Santa Cruz de la Sierra,26401,U.E. Dennys Antelo Jordan,1,120,0,0,0,0,0,0,75,0,0,0,0,0,0,14,0,1,0,0,0,0,0,0,0,0,1,0,0,0,0,0,1,0,0,0,92,20,4,116,92,116
7010552,ASAMBLEISTA TERRITORIO,32,Bolivia,7,Santa Cruz,1,Andrés Ibáñez,1,Santa Cruz de La Sierra,2234,Santa Cruz de la Sierra,3011,Colegio Nestor Suarez,6,220,0,0,0,0,0,0,112,0,0,0,0,0,0,34,0,2,0,0,0,0,0,0,0,0,2,0,0,0,0,0,11,0,0,0,161,23,3,187,161,187
7010572,ASAMBLEISTA TERRITORIO,32,Bolivia,7,Santa Cruz,1,Andrés Ibáñez,1,Santa Cruz de La Sierra,2234,Santa Cruz de la Sierra,3011,Colegio Nestor Suarez,8,220,0,0,0,0,0,0,111,0,0,0,0,0,0,32,0,0,0,0,0,0,0,0,0,0,2,0,0,0,0,0,15,0,0,0,160,33,6,199,160,199
7010642,ASAMBLEISTA TERRITORIO,32,Bolivia,7,Santa Cruz,1,Andrés Ibáñez,1,Santa Cruz de La Sierra,2234,Santa Cruz de la Sierra,3011,Colegio Nestor Suarez,15,220,0,0,0,0,0,0,114,0,0,0,0,0,0,32,0,1,0,0,0,0,0,0,0,0,2,0,0,0,0,0,6,0,0,0,155,32,2,189,155,189
7010692,ASAMBLEISTA TERRITORIO,32,Bolivia,7,Santa Cruz,1,Andrés Ibáñez,1,Santa Cruz de La Sierra,2234,Santa Cruz de la Sierra,3011,Colegio Nestor Suarez,20,74,0,0,0,0,0,0,38,0,0,0,0,0,0,10,0,0,0,0,0,0,0,0,0,0,1,0,0,0,0,0,1,0,0,0,50,10,3,63,50,63
7011532,ASAMBLEISTA TERRITORIO,32,Bolivia,7,Santa Cruz,1,Andrés Ibáñez,1,Santa Cruz de La Sierra,2234,Santa Cruz de la Sierra,5001,Colegio Josefina Balsamo( Los Tusequis),10,220,0,0,0,0,0,0,104,0,0,0,0,0,0,19,0,0,0,0,0,0,0,0,0,0,5,0,0,0,0,0,3,0,0,0,131,47,3,181,131,181
7011542,ASAMBLEISTA TERRITORIO,32,Bolivia,7,Santa Cruz,1,Andrés Ibáñez,1,Santa Cruz de La Sierra,2234,Santa Cruz de la Sierra,5001,Colegio Josefina Balsamo( Los Tusequis),11,220,0,0,0,0,0,0,119,0,0,0,0,0,0,19,0,0,0,0,0,0,0,0,0,0,4,0,0,0,0,0,4,0,0,0,146,32,4,182,146,182
7011562,ASAMBLEISTA TERRITORIO,32,Bolivia,7,Santa Cruz,1,Andrés Ibáñez,1,Santa Cruz de La Sierra,2234,Santa Cruz de la Sierra,5001,Colegio Josefina Balsamo( Los Tusequis),13,220,0,0,0,0,0,0,127,0,0,0,0,0,0,17,0,0,0,0,0,0,0,0,0,0,2,0,0,0,0,0,6,0,0,0,152,32,3,187,152,187
7011612,ASAMBLEISTA TERRITORIO,32,Bolivia,7,Santa Cruz,1,Andrés Ibáñez,1,Santa Cruz de La Sierra,2234,Santa Cruz de la Sierra,5001,Colegio Josefina Balsamo( Los Tusequis),18,220,0,0,0,0,0,0,126,0,0,0,0,0,0,16,0,1,0,0,0,0,0,0,0,0,1,0,0,0,0,0,2,0,0,0,146,37,1,184,146,184
7012072,ASAMBLEISTA TERRITORIO,32,Bolivia,7,Santa Cruz,1,Andrés Ibáñez,1,Santa Cruz de La Sierra,2234,Santa Cruz de la Sierra,3009,Col. San Carlos,7,220,0,0,0,0,0,0,137,0,0,0,0,0,0,27,0,2,0,0,0,0,0,0,0,0,4,0,0,0,0,0,6,0,0,0,176,17,2,195,176,195
7012132,ASAMBLEISTA TERRITORIO,32,Bolivia,7,Santa Cruz,1,Andrés Ibáñez,1,Santa Cruz de La Sierra,2234,Santa Cruz de la Sierra,2001,Col. Seccional Monseñor Santiestevan,2,220,0,0,0,0,0,0,81,0,0,0,0,0,0,41,0,0,0,0,0,0,0,0,0,0,3,0,0,0,0,0,7,0,0,0,132,36,7,175,132,175
7013182,ASAMBLEISTA TERRITORIO,32,Bolivia,7,Santa Cruz,1,Andrés Ibáñez,1,Santa Cruz de La Sierra,2234,Santa Cruz de la Sierra,3022,Col. Juan Pablo II,18,124,0,0,0,0,0,0,74,0,0,1,0,0,0,7,0,0,0,0,0,0,0,0,0,0,1,0,0,0,0,0,1,0,0,0,84,14,3,101,84,101
7013192,ASAMBLEISTA TERRITORIO,32,Bolivia,7,Santa Cruz,1,Andrés Ibáñez,1,Santa Cruz de La Sierra,2234,Santa Cruz de la Sierra,26403,U.E. Hilarión Tomelicht Ardaya I,1,18,0,0,0,0,0,0,11,0,0,0,0,0,0,2,0,0,0,0,0,0,0,0,0,0,0,0,0,0,0,0,0,0,0,0,13,1,1,15,13,15
7014022,ASAMBLEISTA TERRITORIO,32,Bolivia,7,Santa Cruz,1,Andrés Ibáñez,1,Santa Cruz de La Sierra,2234,Santa Cruz de la Sierra,11068,16 de Julio,5,220,0,0,0,0,0,0,85,0,0,0,0,0,0,44,0,2,0,0,0,0,0,0,0,0,5,0,0,0,0,0,5,0,0,0,141,46,2,189,141,189
7014452,ASAMBLEISTA TERRITORIO,32,Bolivia,7,Santa Cruz,1,Andrés Ibáñez,1,Santa Cruz de La Sierra,2234,Santa Cruz de la Sierra,11067,Luz Del Mundo C,1,220,0,0,0,0,0,0,122,0,0,0,0,0,0,31,0,0,0,0,0,0,0,0,0,0,2,0,0,0,0,0,6,0,0,0,161,28,4,193,161,193
7014502,ASAMBLEISTA TERRITORIO,32,Bolivia,7,Santa Cruz,1,Andrés Ibáñez,1,Santa Cruz de La Sierra,2234,Santa Cruz de la Sierra,11067,Luz Del Mundo C,6,168,0,0,0,0,0,0,80,0,0,0,0,0,0,19,0,0,0,0,0,0,0,0,0,0,5,0,0,0,0,0,5,0,0,0,109,28,6,143,109,143
7014832,ASAMBLEISTA TERRITORIO,32,Bolivia,7,Santa Cruz,1,Andrés Ibáñez,1,Santa Cruz de La Sierra,2234,Santa Cruz de la Sierra,6015,Col. Esc. Gral. Ismael Montes Gamboa,18,220,0,0,0,0,0,0,96,0,0,0,0,0,0,42,0,1,0,0,0,0,0,0,0,0,1,0,0,0,0,0,5,0,0,0,145,41,5,191,145,191
7015032,ASAMBLEISTA TERRITORIO,32,Bolivia,7,Santa Cruz,1,Andrés Ibáñez,1,Santa Cruz de La Sierra,2234,Santa Cruz de la Sierra,11092,16 de Febrero,2,220,0,0,0,0,0,0,91,0,0,0,0,0,0,56,0,0,0,0,0,0,0,0,0,0,5,0,0,0,0,0,7,0,0,0,159,26,5,190,159,190
7015042,ASAMBLEISTA TERRITORIO,32,Bolivia,7,Santa Cruz,1,Andrés Ibáñez,1,Santa Cruz de La Sierra,2234,Santa Cruz de la Sierra,11092,16 de Febrero,3,220,0,0,0,0,0,0,96,0,0,0,0,0,0,53,0,0,0,0,0,0,0,0,0,0,5,0,0,0,0,0,3,0,0,0,157,32,8,197,157,197
7015062,ASAMBLEISTA TERRITORIO,32,Bolivia,7,Santa Cruz,1,Andrés Ibáñez,1,Santa Cruz de La Sierra,2234,Santa Cruz de la Sierra,11092,16 de Febrero,5,220,0,0,0,0,0,0,96,0,0,0,0,0,0,46,0,0,0,0,0,0,0,0,0,0,3,0,0,0,0,0,3,0,0,0,148,34,3,185,148,185
7015432,ASAMBLEISTA TERRITORIO,32,Bolivia,7,Santa Cruz,1,Andrés Ibáñez,1,Santa Cruz de La Sierra,2234,Santa Cruz de la Sierra,32034,Modulo Urb. Cotoca (Temporal),33,220,0,0,0,0,0,0,137,0,0,0,0,0,0,21,0,1,0,0,0,0,0,0,0,0,2,0,0,0,0,0,4,0,0,0,165,26,3,194,165,194
7015442,ASAMBLEISTA TERRITORIO,32,Bolivia,7,Santa Cruz,1,Andrés Ibáñez,1,Santa Cruz de La Sierra,2234,Santa Cruz de la Sierra,32034,Modulo Urb. Cotoca (Temporal),34,220,0,0,0,0,0,0,115,0,0,0,0,0,0,31,0,0,0,0,0,0,0,0,0,0,7,0,0,0,0,0,11,0,0,0,164,31,2,197,164,197
7015452,ASAMBLEISTA TERRITORIO,32,Bolivia,7,Santa Cruz,1,Andrés Ibáñez,1,Santa Cruz de La Sierra,2234,Santa Cruz de la Sierra,32034,Modulo Urb. Cotoca (Temporal),35,220,0,0,0,0,0,0,117,0,0,0,0,0,0,40,0,2,0,0,0,0,0,0,0,0,5,0,0,0,0,0,6,0,0,0,170,11,4,185,170,185
7015492,ASAMBLEISTA TERRITORIO,32,Bolivia,7,Santa Cruz,1,Andrés Ibáñez,1,Santa Cruz de La Sierra,2234,Santa Cruz de la Sierra,11094,U.E. 18 de Julio,3,220,0,0,0,0,0,0,75,0,0,0,0,0,0,54,0,0,0,0,0,0,0,0,0,0,4,0,0,0,0,0,1,0,0,0,134,46,1,181,134,181
7015522,ASAMBLEISTA TERRITORIO,32,Bolivia,7,Santa Cruz,1,Andrés Ibáñez,1,Santa Cruz de La Sierra,2234,Santa Cruz de la Sierra,11094,U.E. 18 de Julio,6,220,0,0,0,0,0,0,89,0,0,0,0,0,0,70,0,0,0,0,0,0,0,0,0,0,2,0,0,0,0,0,3,0,0,0,164,33,1,198,164,198
7017232,ASAMBLEISTA TERRITORIO,32,Bolivia,7,Santa Cruz,1,Andrés Ibáñez,1,Santa Cruz de La Sierra,2234,Santa Cruz de la Sierra,7024,U. E. El Retoño,1,220,0,0,0,0,0,0,87,0,0,0,0,0,0,51,0,1,0,0,0,0,0,0,0,0,1,0,0,0,0,0,4,0,0,0,144,45,3,192,144,192
7017282,ASAMBLEISTA TERRITORIO,32,Bolivia,7,Santa Cruz,1,Andrés Ibáñez,1,Santa Cruz de La Sierra,2234,Santa Cruz de la Sierra,7024,U. E. El Retoño,6,220,0,0,0,0,0,0,78,0,0,0,0,0,0,58,0,1,0,0,0,0,0,0,0,0,3,0,0,0,0,0,4,0,0,0,144,45,2,191,144,191
7017352,ASAMBLEISTA TERRITORIO,32,Bolivia,7,Santa Cruz,1,Andrés Ibáñez,1,Santa Cruz de La Sierra,2234,Santa Cruz de la Sierra,7024,U. E. El Retoño,13,220,0,0,0,0,0,0,97,0,0,0,0,0,0,32,0,0,0,0,0,0,0,0,0,0,4,0,0,0,0,0,4,0,0,0,137,39,2,178,137,178
7017362,ASAMBLEISTA TERRITORIO,32,Bolivia,7,Santa Cruz,1,Andrés Ibáñez,1,Santa Cruz de La Sierra,2234,Santa Cruz de la Sierra,7024,U. E. El Retoño,14,220,0,0,0,0,0,0,80,0,0,1,0,0,0,31,0,0,0,0,0,0,0,0,0,0,5,0,0,0,0,0,4,0,0,0,121,46,1,168,121,168
7017872,ASAMBLEISTA TERRITORIO,32,Bolivia,7,Santa Cruz,1,Andrés Ibáñez,1,Santa Cruz de La Sierra,2234,Santa Cruz de la Sierra,25419,U.E. Josefina Balsamo Los Pinos,3,220,0,0,0,0,0,0,121,0,0,0,0,0,0,42,0,0,0,0,0,0,0,0,0,0,4,0,0,0,0,0,3,0,0,0,170,23,0,193,170,193
7017902,ASAMBLEISTA TERRITORIO,32,Bolivia,7,Santa Cruz,1,Andrés Ibáñez,1,Santa Cruz de La Sierra,2234,Santa Cruz de la Sierra,25419,U.E. Josefina Balsamo Los Pinos,6,220,0,0,0,0,0,0,101,0,0,0,0,0,0,37,0,1,0,0,0,0,0,0,0,0,6,0,0,0,0,0,4,0,0,0,149,26,2,177,149,177
7018102,ASAMBLEISTA TERRITORIO,32,Bolivia,7,Santa Cruz,1,Andrés Ibáñez,1,Santa Cruz de La Sierra,2234,Santa Cruz de la Sierra,25653,U.E. Santa Cecilia,17,220,0,0,0,0,0,0,101,0,0,0,0,0,0,43,0,0,0,0,0,0,0,0,0,0,3,0,0,0,0,0,4,0,0,0,151,43,0,194,151,194
7019552,ASAMBLEISTA TERRITORIO,32,Bolivia,7,Santa Cruz,1,Andrés Ibáñez,1,Santa Cruz de La Sierra,2234,Santa Cruz de la Sierra,7003,Col. Felix Bascope,9,220,0,0,0,0,0,0,136,0,0,0,0,0,0,19,0,0,0,0,0,0,0,0,0,0,2,0,0,0,0,0,9,0,0,0,166,25,7,198,166,198
7019582,ASAMBLEISTA TERRITORIO,32,Bolivia,7,Santa Cruz,1,Andrés Ibáñez,1,Santa Cruz de La Sierra,2234,Santa Cruz de la Sierra,7003,Col. Felix Bascope,12,220,0,0,0,0,0,0,123,0,0,0,0,0,0,18,0,2,0,0,0,0,0,0,0,0,4,0,0,0,0,0,10,0,0,0,157,31,6,194,157,194
7019612,ASAMBLEISTA TERRITORIO,32,Bolivia,7,Santa Cruz,1,Andrés Ibáñez,1,Santa Cruz de La Sierra,2234,Santa Cruz de la Sierra,7003,Col. Felix Bascope,15,220,0,0,0,0,0,0,134,0,0,0,0,0,0,18,0,0,0,0,0,0,0,0,0,0,3,0,0,0,0,0,12,0,0,0,167,26,3,196,167,196
7019642,ASAMBLEISTA TERRITORIO,32,Bolivia,7,Santa Cruz,1,Andrés Ibáñez,1,Santa Cruz de La Sierra,2234,Santa Cruz de la Sierra,7003,Col. Felix Bascope,18,220,0,0,0,0,0,0,134,0,0,0,0,0,0,32,0,0,0,0,0,0,0,0,0,0,1,0,0,0,0,0,5,0,0,0,172,21,0,193,172,193
7019652,ASAMBLEISTA TERRITORIO,32,Bolivia,7,Santa Cruz,1,Andrés Ibáñez,1,Santa Cruz de La Sierra,2234,Santa Cruz de la Sierra,7003,Col. Felix Bascope,19,220,0,0,0,0,0,0,117,0,0,0,0,0,0,22,0,1,0,0,0,0,0,0,0,0,1,0,0,0,0,0,12,0,0,0,153,30,8,191,153,191
7000222,ASAMBLEISTA POBLACION,32,Bolivia,7,Santa Cruz,1,Andrés Ibáñez,1,Santa Cruz de La Sierra,2234,Santa Cruz de la Sierra,1001,Campus Universitario,14,220,0,0,1,0,0,0,106,0,0,0,0,0,0,22,0,0,0,0,0,0,0,0,0,0,2,0,0,0,0,0,7,0,0,0,138,37,3,178,138,178
7000232,ASAMBLEISTA POBLACION,32,Bolivia,7,Santa Cruz,1,Andrés Ibáñez,1,Santa Cruz de La Sierra,2234,Santa Cruz de la Sierra,1001,Campus Universitario,15,102,0,0,0,0,0,0,54,0,0,0,0,0,0,9,0,1,0,0,0,0,0,0,0,0,0,0,0,0,0,0,7,0,0,0,71,8,0,79,71,79
7000452,ASAMBLEISTA POBLACION,32,Bolivia,7,Santa Cruz,1,Andrés Ibáñez,1,Santa Cruz de La Sierra,2234,Santa Cruz de la Sierra,1007,Col. Hnas. Arredondo (Col. Jesus Peredo),9,220,0,0,3,0,0,0,99,0,0,1,0,0,0,27,0,1,0,0,0,0,0,0,0,0,1,0,0,0,0,0,11,0,0,0,143,39,5,187,143,187
7000462,ASAMBLEISTA POBLACION,32,Bolivia,7,Santa Cruz,1,Andrés Ibáñez,1,Santa Cruz de La Sierra,2234,Santa Cruz de la Sierra,1007,Col. Hnas. Arredondo (Col. Jesus Peredo),10,220,0,0,2,0,0,0,110,0,0,0,0,0,0,30,0,1,0,0,0,0,0,0,0,0,0,0,0,0,0,0,9,0,0,0,152,30,4,186,152,186
7000472,ASAMBLEISTA POBLACION,32,Bolivia,7,Santa Cruz,1,Andrés Ibáñez,1,Santa Cruz de La Sierra,2234,Santa Cruz de la Sierra,1007,Col. Hnas. Arredondo (Col. Jesus Peredo),11,220,0,0,2,0,0,0,116,0,0,0,0,0,0,31,0,1,0,0,0,0,0,0,0,0,2,0,0,0,0,0,7,0,0,0,159,35,3,197,159,197
7000722,ASAMBLEISTA POBLACION,32,Bolivia,7,Santa Cruz,1,Andrés Ibáñez,1,Santa Cruz de La Sierra,2234,Santa Cruz de la Sierra,1006,Col. San Martin De Porres,14,220,0,0,0,0,0,0,66,0,0,0,0,0,0,68,0,1,0,0,0,0,0,0,0,0,3,0,0,0,0,0,4,0,0,0,142,45,6,193,142,193
7000802,ASAMBLEISTA POBLACION,32,Bolivia,7,Santa Cruz,1,Andrés Ibáñez,1,Santa Cruz de La Sierra,2234,Santa Cruz de la Sierra,1006,Col. San Martin De Porres,22,220,0,0,0,0,0,0,127,0,0,0,0,0,0,17,0,0,0,0,0,0,0,0,0,0,2,0,0,0,0,0,6,0,0,0,152,39,4,195,152,195
7000852,ASAMBLEISTA POBLACION,32,Bolivia,7,Santa Cruz,1,Andrés Ibáñez,1,Santa Cruz de La Sierra,2234,Santa Cruz de la Sierra,1006,Col. San Martin De Porres,27,220,0,0,1,0,0,0,104,0,0,1,0,0,0,38,0,0,0,0,0,0,0,0,0,0,3,0,0,0,0,0,3,0,0,0,150,41,1,192,150,192
7001032,ASAMBLEISTA POBLACION,32,Bolivia,7,Santa Cruz,1,Andrés Ibáñez,1,Santa Cruz de La Sierra,2234,Santa Cruz de la Sierra,1002,Esc. Rene Barrientos,12,220,0,0,1,0,0,0,122,0,0,0,0,0,0,24,0,0,0,0,0,0,0,0,0,0,0,0,0,0,0,0,6,0,0,0,153,15,2,170,153,170
7001132,ASAMBLEISTA POBLACION,32,Bolivia,7,Santa Cruz,1,Andrés Ibáñez,1,Santa Cruz de La Sierra,2234,Santa Cruz de la Sierra,1004,Col. Mirette Sciaroni,5,220,0,0,1,0,0,0,119,0,0,0,0,0,0,11,0,0,0,0,0,0,0,0,0,0,0,0,0,0,0,0,6,0,0,0,137,34,6,177,137,177
7001202,ASAMBLEISTA POBLACION,32,Bolivia,7,Santa Cruz,1,Andrés Ibáñez,1,Santa Cruz de La Sierra,2234,Santa Cruz de la Sierra,1004,Col. Mirette Sciaroni,12,151,0,0,0,0,0,0,74,0,0,0,0,0,0,10,0,1,0,0,0,0,0,0,0,0,3,0,0,0,0,0,4,0,0,0,92,19,4,115,92,115
7001222,ASAMBLEISTA POBLACION,32,Bolivia,7,Santa Cruz,1,Andrés Ibáñez,1,Santa Cruz de La Sierra,2234,Santa Cruz de la Sierra,1015,Esc. Aponte Tineo (Esc. Gregorio Moreno),2,220,0,0,3,0,0,0,134,0,0,0,0,0,0,8,0,0,0,0,0,0,0,0,0,0,2,0,0,0,0,0,7,0,0,0,154,26,2,182,154,182
7001262,ASAMBLEISTA POBLACION,32,Bolivia,7,Santa Cruz,1,Andrés Ibáñez,1,Santa Cruz de La Sierra,2234,Santa Cruz de la Sierra,1015,Esc. Aponte Tineo (Esc. Gregorio Moreno),6,220,0,0,1,0,0,0,128,0,0,0,0,0,0,13,0,1,0,0,0,0,0,0,0,0,3,0,0,0,0,0,5,0,0,0,151,38,0,189,151,189
7001272,ASAMBLEISTA POBLACION,32,Bolivia,7,Santa Cruz,1,Andrés Ibáñez,1,Santa Cruz de La Sierra,2234,Santa Cruz de la Sierra,1015,Esc. Aponte Tineo (Esc. Gregorio Moreno),7,220,0,0,0,0,0,0,129,0,0,0,0,0,0,9,0,0,0,0,0,0,0,0,0,0,1,0,0,0,0,0,4,0,0,0,143,43,1,187,143,187
7001282,ASAMBLEISTA POBLACION,32,Bolivia,7,Santa Cruz,1,Andrés Ibáñez,1,Santa Cruz de La Sierra,2234,Santa Cruz de la Sierra,1015,Esc. Aponte Tineo (Esc. Gregorio Moreno),8,220,0,0,1,0,0,0,138,0,0,0,0,0,0,12,0,1,0,0,0,0,0,0,0,0,1,0,0,0,0,0,8,0,0,0,161,25,2,188,161,188
7001292,ASAMBLEISTA POBLACION,32,Bolivia,7,Santa Cruz,1,Andrés Ibáñez,1,Santa Cruz de La Sierra,2234,Santa Cruz de la Sierra,1015,Esc. Aponte Tineo (Esc. Gregorio Moreno),9,220,0,0,0,0,0,0,140,0,0,0,0,0,0,7,0,1,0,0,0,0,0,0,0,0,0,0,0,0,0,0,4,0,0,0,152,31,2,185,152,185
7001302,ASAMBLEISTA POBLACION,32,Bolivia,7,Santa Cruz,1,Andrés Ibáñez,1,Santa Cruz de La Sierra,2234,Santa Cruz de la Sierra,1015,Esc. Aponte Tineo (Esc. Gregorio Moreno),10,129,0,0,0,0,0,0,82,0,0,0,0,0,0,2,0,1,0,0,0,0,0,0,0,0,1,0,0,0,0,0,5,0,0,0,91,14,3,108,91,108
7001382,ASAMBLEISTA POBLACION,32,Bolivia,7,Santa Cruz,1,Andrés Ibáñez,1,Santa Cruz de La Sierra,2234,Santa Cruz de la Sierra,1000,Col. La Madre,8,220,0,0,0,0,0,0,96,0,0,1,0,0,0,30,0,1,0,0,0,0,0,0,0,0,1,0,0,0,0,0,7,0,0,0,136,42,8,186,136,186
7001632,ASAMBLEISTA POBLACION,32,Bolivia,7,Santa Cruz,1,Andrés Ibáñez,1,Santa Cruz de La Sierra,2234,Santa Cruz de la Sierra,1010,Gladys Rivero De Jimenez,9,220,0,0,1,0,0,0,101,0,0,1,0,0,0,27,0,3,0,0,0,0,0,0,0,0,0,0,0,0,0,0,6,0,0,0,139,48,1,188,139,188
7001962,ASAMBLEISTA POBLACION,32,Bolivia,7,Santa Cruz,1,Andrés Ibáñez,1,Santa Cruz de La Sierra,2234,Santa Cruz de la Sierra,1003,Modulo Educativo Jose Miguel De Velasco,9,220,0,0,0,0,0,0,122,0,0,1,0,0,0,14,0,0,0,0,0,0,0,0,0,0,2,0,0,0,0,0,5,0,0,0,144,42,3,189,144,189
7002022,ASAMBLEISTA POBLACION,32,Bolivia,7,Santa Cruz,1,Andrés Ibáñez,1,Santa Cruz de La Sierra,2234,Santa Cruz de la Sierra,1003,Modulo Educativo Jose Miguel De Velasco,15,220,0,0,1,0,0,0,94,0,0,0,0,0,0,35,0,1,0,0,0,0,0,0,0,0,0,0,0,0,0,0,9,0,0,0,140,40,2,182,140,182
7002102,ASAMBLEISTA POBLACION,32,Bolivia,7,Santa Cruz,1,Andrés Ibáñez,1,Santa Cruz de La Sierra,2234,Santa Cruz de la Sierra,1012,Escuela San Carlos,1,220,0,0,0,0,0,0,119,0,0,0,0,0,0,14,0,0,0,0,0,0,0,0,0,0,0,0,0,0,0,0,6,0,0,0,139,34,0,173,139,173
7002132,ASAMBLEISTA POBLACION,32,Bolivia,7,Santa Cruz,1,Andrés Ibáñez,1,Santa Cruz de La Sierra,2234,Santa Cruz de la Sierra,1012,Escuela San Carlos,4,220,0,0,0,0,0,0,98,0,0,0,0,0,0,17,0,1,0,0,0,0,0,0,0,0,1,0,0,0,0,0,7,0,0,0,124,45,2,171,124,171
7002142,ASAMBLEISTA POBLACION,32,Bolivia,7,Santa Cruz,1,Andrés Ibáñez,1,Santa Cruz de La Sierra,2234,Santa Cruz de la Sierra,1012,Escuela San Carlos,5,220,0,0,1,0,0,0,114,0,0,0,0,0,0,14,0,0,0,0,0,0,0,0,0,0,4,0,0,0,0,0,4,0,0,0,137,44,0,181,137,181
7002202,ASAMBLEISTA POBLACION,32,Bolivia,7,Santa Cruz,1,Andrés Ibáñez,1,Santa Cruz de La Sierra,2234,Santa Cruz de la Sierra,1012,Escuela San Carlos,11,220,0,0,0,0,0,0,126,0,0,0,0,0,0,8,0,1,0,0,0,0,0,0,0,0,4,0,0,0,0,0,2,0,0,0,141,34,3,178,141,178
7002232,ASAMBLEISTA POBLACION,32,Bolivia,7,Santa Cruz,1,Andrés Ibáñez,1,Santa Cruz de La Sierra,2234,Santa Cruz de la Sierra,1012,Escuela San Carlos,14,220,0,0,0,0,0,0,128,0,0,0,0,0,0,16,0,0,0,0,0,0,0,0,0,0,3,0,0,0,0,0,10,0,0,0,157,20,4,181,157,181
7002352,ASAMBLEISTA POBLACION,32,Bolivia,7,Santa Cruz,1,Andrés Ibáñez,1,Santa Cruz de La Sierra,2234,Santa Cruz de la Sierra,5007,Col. Virgen De Cotoca,2,220,0,0,1,0,0,0,130,0,0,0,0,0,0,15,0,0,0,0,0,0,0,0,0,0,2,0,0,0,0,0,4,0,0,0,152,38,2,192,152,192
7002362,ASAMBLEISTA POBLACION,32,Bolivia,7,Santa Cruz,1,Andrés Ibáñez,1,Santa Cruz de La Sierra,2234,Santa Cruz de la Sierra,5007,Col. Virgen De Cotoca,3,220,0,0,2,0,0,0,113,0,0,0,0,0,0,23,0,0,0,0,0,0,0,0,0,0,2,0,0,0,0,0,5,0,0,0,145,53,2,200,145,200
7002422,ASAMBLEISTA POBLACION,32,Bolivia,7,Santa Cruz,1,Andrés Ibáñez,1,Santa Cruz de La Sierra,2234,Santa Cruz de la Sierra,11033,Unidad Educativa San Jorge Norte,1,26,0,0,0,0,0,0,12,0,0,0,0,0,0,1,0,0,0,0,0,0,0,0,0,0,0,0,0,0,0,0,0,0,0,0,13,6,2,21,13,21
7002432,ASAMBLEISTA POBLACION,32,Bolivia,7,Santa Cruz,1,Andrés Ibáñez,1,Santa Cruz de La Sierra,2234,Santa Cruz de la Sierra,26400,U.E. San Jorge Norte,1,44,0,0,0,0,0,0,21,0,0,0,0,0,0,4,0,0,0,0,0,0,0,0,0,0,0,0,0,0,0,0,1,0,0,0,26,14,1,41,26,41
7002572,ASAMBLEISTA POBLACION,32,Bolivia,7,Santa Cruz,1,Andrés Ibáñez,1,Santa Cruz de La Sierra,2234,Santa Cruz de la Sierra,26421,Unidad Educativa Santa Ana D,14,220,0,0,0,0,0,0,122,0,0,0,0,0,0,19,0,0,0,0,0,0,0,0,0,0,3,0,0,0,0,0,3,0,0,0,147,43,1,191,147,191
7002582,ASAMBLEISTA POBLACION,32,Bolivia,7,Santa Cruz,1,Andrés Ibáñez,1,Santa Cruz de La Sierra,2234,Santa Cruz de la Sierra,26421,Unidad Educativa Santa Ana D,15,220,0,0,0,0,0,0,118,0,0,0,0,0,0,29,0,0,0,0,0,0,0,0,0,0,3,0,0,0,0,0,2,0,0,0,152,35,3,190,152,190
7002822,ASAMBLEISTA POBLACION,32,Bolivia,7,Santa Cruz,1,Andrés Ibáñez,1,Santa Cruz de La Sierra,2234,Santa Cruz de la Sierra,5008,Naciones Unidas,2,220,0,0,1,0,0,0,109,0,0,0,0,0,0,19,0,0,0,0,0,0,0,0,0,0,2,0,0,0,0,0,5,0,0,0,136,54,1,191,136,191
7002972,ASAMBLEISTA POBLACION,32,Bolivia,7,Santa Cruz,1,Andrés Ibáñez,1,Santa Cruz de La Sierra,2234,Santa Cruz de la Sierra,25418,Modulo Educativo German Busch,4,220,0,0,3,0,0,0,119,0,0,0,0,0,0,19,0,0,0,0,0,0,0,0,0,0,1,0,0,0,0,0,6,0,0,0,148,47,2,197,148,197
7003022,ASAMBLEISTA POBLACION,32,Bolivia,7,Santa Cruz,1,Andrés Ibáñez,1,Santa Cruz de La Sierra,2234,Santa Cruz de la Sierra,25418,Modulo Educativo German Busch,9,220,0,0,5,0,0,0,112,0,0,0,0,0,0,21,0,0,0,0,0,0,0,0,0,0,0,0,0,0,0,0,5,0,0,0,143,46,0,189,143,189
7003132,ASAMBLEISTA POBLACION,32,Bolivia,7,Santa Cruz,1,Andrés Ibáñez,1,Santa Cruz de La Sierra,2234,Santa Cruz de la Sierra,5009,Col. 7 de Septiembre,10,220,0,0,0,0,0,0,108,0,0,0,0,0,0,19,0,0,0,0,0,0,0,0,0,0,1,0,0,0,0,0,3,0,0,0,131,47,1,179,131,179
7003192,ASAMBLEISTA POBLACION,32,Bolivia,7,Santa Cruz,1,Andrés Ibáñez,1,Santa Cruz de La Sierra,2234,Santa Cruz de la Sierra,5011,Esc. Real America (Esc. F. Florida),1,220,0,0,1,0,0,0,104,0,0,0,0,0,0,16,0,0,0,0,0,0,0,0,0,0,1,0,0,0,0,0,1,0,0,0,123,54,2,179,123,179
7003232,ASAMBLEISTA POBLACION,32,Bolivia,7,Santa Cruz,1,Andrés Ibáñez,1,Santa Cruz de La Sierra,2234,Santa Cruz de la Sierra,5011,Esc. Real America (Esc. F. Florida),5,220,0,0,0,0,0,0,99,0,0,0,0,0,0,17,0,0,0,0,0,0,0,0,0,0,2,0,0,0,0,0,5,0,0,0,123,58,1,182,123,182
7003502,ASAMBLEISTA POBLACION,32,Bolivia,7,Santa Cruz,1,Andrés Ibáñez,1,Santa Cruz de La Sierra,2234,Santa Cruz de la Sierra,5019,Col. Luz Y Saber II,3,220,0,0,0,0,0,0,121,0,0,0,0,0,0,22,0,0,0,0,0,0,0,0,0,0,1,0,0,0,0,0,4,0,0,0,148,49,1,198,148,198
7003512,ASAMBLEISTA POBLACION,32,Bolivia,7,Santa Cruz,1,Andrés Ibáñez,1,Santa Cruz de La Sierra,2234,Santa Cruz de la Sierra,5019,Col. Luz Y Saber II,4,220,0,0,1,0,0,0,87,0,0,0,0,0,0,20,0,0,0,0,0,0,0,0,0,0,0,0,0,0,0,0,5,0,0,0,113,73,5,191,113,191
7003542,ASAMBLEISTA POBLACION,32,Bolivia,7,Santa Cruz,1,Andrés Ibáñez,1,Santa Cruz de La Sierra,2234,Santa Cruz de la Sierra,5019,Col. Luz Y Saber II,7,220,0,0,3,0,0,0,94,0,0,0,0,0,0,29,0,0,0,0,0,0,0,0,0,0,2,0,0,0,0,0,1,0,0,0,129,43,14,186,129,186
7004002,ASAMBLEISTA POBLACION,32,Bolivia,7,Santa Cruz,1,Andrés Ibáñez,1,Santa Cruz de La Sierra,2234,Santa Cruz de la Sierra,5028,Col. Juan La Borde Morel,13,220,0,0,0,0,0,0,120,0,0,0,0,0,0,15,0,0,0,0,0,0,0,0,0,0,3,0,0,0,0,0,3,0,0,0,141,44,7,192,141,192
7004832,ASAMBLEISTA POBLACION,32,Bolivia,7,Santa Cruz,1,Andrés Ibáñez,1,Santa Cruz de La Sierra,2234,Santa Cruz de la Sierra,25470,U.E. Santa Cruz de la Sierra,21,220,0,0,1,0,0,0,134,0,0,0,0,0,0,19,0,1,0,0,0,0,0,0,0,0,2,0,0,0,0,0,4,0,0,0,161,28,1,190,161,190
7006362,ASAMBLEISTA POBLACION,32,Bolivia,7,Santa Cruz,1,Andrés Ibáñez,1,Santa Cruz de La Sierra,2234,Santa Cruz de la Sierra,5005,Col. Villa Bolivia,19,220,0,0,0,0,0,0,109,0,0,0,0,0,0,12,0,0,0,0,0,0,0,0,0,0,1,0,0,0,0,0,4,0,0,0,126,53,5,184,126,184
7006382,ASAMBLEISTA POBLACION,32,Bolivia,7,Santa Cruz,1,Andrés Ibáñez,1,Santa Cruz de La Sierra,2234,Santa Cruz de la Sierra,5005,Col. Villa Bolivia,21,220,0,0,2,0,0,0,105,0,0,0,0,0,0,16,0,0,0,0,0,0,0,0,0,0,5,0,0,0,0,0,5,0,0,0,133,54,1,188,133,188
7006772,ASAMBLEISTA POBLACION,32,Bolivia,7,Santa Cruz,1,Andrés Ibáñez,1,Santa Cruz de La Sierra,2234,Santa Cruz de la Sierra,3000,Colegio Marista,2,220,0,0,0,0,0,0,142,0,0,0,0,0,0,7,0,2,0,0,0,0,0,0,0,0,1,0,0,0,0,0,7,0,0,0,159,18,1,178,159,178
7006782,ASAMBLEISTA POBLACION,32,Bolivia,7,Santa Cruz,1,Andrés Ibáñez,1,Santa Cruz de La Sierra,2234,Santa Cruz de la Sierra,3000,Colegio Marista,3,220,0,0,0,0,0,0,125,0,0,0,0,0,0,8,0,0,0,0,0,0,0,0,0,0,1,0,0,0,0,0,8,0,0,0,142,28,1,171,142,171
7006812,ASAMBLEISTA POBLACION,32,Bolivia,7,Santa Cruz,1,Andrés Ibáñez,1,Santa Cruz de La Sierra,2234,Santa Cruz de la Sierra,3000,Colegio Marista,6,220,0,0,0,0,0,0,128,0,0,0,0,0,0,12,0,1,0,0,0,0,0,0,0,0,2,0,0,0,0,0,6,0,0,0,149,31,1,181,149,181
7006832,ASAMBLEISTA POBLACION,32,Bolivia,7,Santa Cruz,1,Andrés Ibáñez,1,Santa Cruz de La Sierra,2234,Santa Cruz de la Sierra,3000,Colegio Marista,8,220,0,0,1,0,0,0,126,0,0,0,0,0,0,3,0,0,0,0,0,0,0,0,0,0,1,0,0,0,0,0,8,0,0,0,139,34,6,179,139,179
7006842,ASAMBLEISTA POBLACION,32,Bolivia,7,Santa Cruz,1,Andrés Ibáñez,1,Santa Cruz de La Sierra,2234,Santa Cruz de la Sierra,3000,Colegio Marista,9,220,0,0,1,0,0,0,125,0,0,0,0,0,0,11,0,2,0,0,0,0,0,0,0,0,6,0,0,0,0,0,4,0,0,0,149,29,2,180,149,180
7006852,ASAMBLEISTA POBLACION,32,Bolivia,7,Santa Cruz,1,Andrés Ibáñez,1,Santa Cruz de La Sierra,2234,Santa Cruz de la Sierra,3000,Colegio Marista,10,60,0,0,0,0,0,0,37,0,0,0,0,0,0,3,0,0,0,0,0,0,0,0,0,0,3,0,0,0,0,0,2,0,0,0,45,5,2,52,45,52
7006892,ASAMBLEISTA POBLACION,32,Bolivia,7,Santa Cruz,1,Andrés Ibáñez,1,Santa Cruz de La Sierra,2234,Santa Cruz de la Sierra,2004,Col. Republica del Uruguay,4,220,0,0,0,0,0,0,125,0,0,0,0,0,0,17,0,0,0,0,0,0,0,0,0,0,1,0,0,0,0,0,10,0,0,0,153,34,1,188,153,188
7006902,ASAMBLEISTA POBLACION,32,Bolivia,7,Santa Cruz,1,Andrés Ibáñez,1,Santa Cruz de La Sierra,2234,Santa Cruz de la Sierra,2004,Col. Republica del Uruguay,5,220,0,0,0,0,0,0,124,0,0,0,0,0,0,14,0,1,0,0,0,0,0,0,0,0,0,0,0,0,0,0,5,0,0,0,144,27,3,174,144,174
7007072,ASAMBLEISTA POBLACION,32,Bolivia,7,Santa Cruz,1,Andrés Ibáñez,1,Santa Cruz de La Sierra,2234,Santa Cruz de la Sierra,2003,Col. Gaston Guillaux,8,220,0,0,2,0,0,0,112,0,0,0,0,0,0,10,0,0,0,0,0,0,0,0,0,0,4,0,0,0,0,0,6,0,0,0,134,31,0,165,134,165
7007082,ASAMBLEISTA POBLACION,32,Bolivia,7,Santa Cruz,1,Andrés Ibáñez,1,Santa Cruz de La Sierra,2234,Santa Cruz de la Sierra,2003,Col. Gaston Guillaux,9,220,0,0,1,0,0,0,90,0,0,0,0,0,0,23,0,1,0,0,0,0,0,0,0,0,1,0,0,0,0,0,5,0,0,0,121,35,3,159,121,159
7007092,ASAMBLEISTA POBLACION,32,Bolivia,7,Santa Cruz,1,Andrés Ibáñez,1,Santa Cruz de La Sierra,2234,Santa Cruz de la Sierra,2003,Col. Gaston Guillaux,10,220,0,0,2,0,0,0,115,0,0,0,0,0,0,11,0,2,0,0,0,0,0,0,0,0,3,0,0,0,0,0,7,0,0,0,140,34,3,177,140,177
7007362,ASAMBLEISTA POBLACION,32,Bolivia,7,Santa Cruz,1,Andrés Ibáñez,1,Santa Cruz de La Sierra,2234,Santa Cruz de la Sierra,3016,Col. Dios es Amor,4,220,0,0,0,0,0,0,117,0,0,0,0,0,0,18,0,2,0,0,0,0,0,0,0,0,4,0,0,0,0,0,11,0,0,0,152,31,1,184,152,184
7007402,ASAMBLEISTA POBLACION,32,Bolivia,7,Santa Cruz,1,Andrés Ibáñez,1,Santa Cruz de La Sierra,2234,Santa Cruz de la Sierra,3017,Col. Nacional Salesiano,1,220,0,0,2,0,0,0,104,0,0,1,0,0,0,19,0,1,0,0,0,0,0,0,0,0,4,0,0,0,0,0,4,0,0,0,135,42,3,180,135,180
7007412,ASAMBLEISTA POBLACION,32,Bolivia,7,Santa Cruz,1,Andrés Ibáñez,1,Santa Cruz de La Sierra,2234,Santa Cruz de la Sierra,3017,Col. Nacional Salesiano,2,220,0,0,0,0,0,0,111,0,0,0,0,0,0,20,0,0,0,0,0,0,0,0,0,0,2,0,0,0,0,0,9,0,0,0,142,42,2,186,142,186
7007542,ASAMBLEISTA POBLACION,32,Bolivia,7,Santa Cruz,1,Andrés Ibáñez,1,Santa Cruz de La Sierra,2234,Santa Cruz de la Sierra,11048,Col. Club De Leones,5,220,0,0,0,0,0,0,132,0,0,1,0,0,0,28,0,0,0,0,0,0,0,0,0,0,1,0,0,0,0,0,11,0,0,0,173,7,2,182,173,182
7007682,ASAMBLEISTA POBLACION,32,Bolivia,7,Santa Cruz,1,Andrés Ibáñez,1,Santa Cruz de La Sierra,2234,Santa Cruz de la Sierra,3001,Colegio Don Bosco,4,220,0,0,0,0,0,0,129,0,0,0,0,0,0,9,0,2,0,0,0,0,0,0,0,0,6,0,0,0,0,0,5,0,0,0,151,27,1,179,151,179
7008382,ASAMBLEISTA POBLACION,32,Bolivia,7,Santa Cruz,1,Andrés Ibáñez,1,Santa Cruz de La Sierra,2234,Santa Cruz de la Sierra,2013,Col. Domingo Leigue (Boliviano Canadiense),11,63,0,0,0,0,0,0,31,0,0,0,0,0,0,3,0,0,0,0,0,0,0,0,0,0,0,0,0,0,0,0,0,0,0,0,34,16,0,50,34,50
7008592,ASAMBLEISTA POBLACION,32,Bolivia,7,Santa Cruz,1,Andrés Ibáñez,1,Santa Cruz de La Sierra,2234,Santa Cruz de la Sierra,2012,Col. Gualberto Villarroel,14,220,0,0,2,0,0,0,111,0,0,0,0,0,0,16,0,0,0,0,0,0,0,0,0,0,1,0,0,0,0,0,3,0,0,0,133,50,3,186,133,186
7008682,ASAMBLEISTA POBLACION,32,Bolivia,7,Santa Cruz,1,Andrés Ibáñez,1,Santa Cruz de La Sierra,2234,Santa Cruz de la Sierra,3014,Col. Tristan Roca,1,220,0,0,1,0,0,0,105,0,0,0,0,0,0,20,0,0,0,0,0,0,0,0,0,0,4,0,0,0,0,0,7,0,0,0,137,46,4,187,137,187
7008732,ASAMBLEISTA POBLACION,32,Bolivia,7,Santa Cruz,1,Andrés Ibáñez,1,Santa Cruz de La Sierra,2234,Santa Cruz de la Sierra,3014,Col. Tristan Roca,6,220,0,0,0,0,0,0,102,0,0,0,0,0,0,22,0,0,0,0,0,0,0,0,0,0,0,0,0,0,0,0,9,0,0,0,133,58,1,192,133,192
7008742,ASAMBLEISTA POBLACION,32,Bolivia,7,Santa Cruz,1,Andrés Ibáñez,1,Santa Cruz de La Sierra,2234,Santa Cruz de la Sierra,3014,Col. Tristan Roca,7,220,0,0,0,0,0,0,114,0,0,0,0,0,0,10,0,0,0,0,0,0,0,0,0,0,8,0,0,0,0,0,4,0,0,0,136,45,3,184,136,184
7008762,ASAMBLEISTA POBLACION,32,Bolivia,7,Santa Cruz,1,Andrés Ibáñez,1,Santa Cruz de La Sierra,2234,Santa Cruz de la Sierra,3014,Col. Tristan Roca,9,220,0,0,3,0,0,0,97,0,0,0,0,0,0,23,0,0,0,0,0,0,0,0,0,0,2,0,0,0,0,0,6,0,0,0,131,47,2,180,131,180
7009162,ASAMBLEISTA POBLACION,32,Bolivia,7,Santa Cruz,1,Andrés Ibáñez,1,Santa Cruz de La Sierra,2234,Santa Cruz de la Sierra,2023,Col. Pedro Gutierrez,7,220,0,0,1,0,0,0,137,0,0,0,0,0,0,3,0,1,0,0,0,0,0,0,0,0,3,0,0,0,0,0,6,0,0,0,151,38,1,190,151,190
7009192,ASAMBLEISTA POBLACION,32,Bolivia,7,Santa Cruz,1,Andrés Ibáñez,1,Santa Cruz de La Sierra,2234,Santa Cruz de la Sierra,2023,Col. Pedro Gutierrez,10,220,0,0,1,0,0,0,128,0,0,1,0,0,0,9,0,4,0,0,0,0,0,0,0,0,2,0,0,0,0,0,8,0,0,0,153,37,5,195,153,195
7009622,ASAMBLEISTA POBLACION,32,Bolivia,7,Santa Cruz,1,Andrés Ibáñez,1,Santa Cruz de La Sierra,2234,Santa Cruz de la Sierra,2017,Col. 24 de Septiembre,8,220,0,0,0,0,0,0,114,0,0,0,0,0,0,13,0,0,0,0,0,0,0,0,0,0,2,0,0,0,0,0,3,0,0,0,132,53,2,187,132,187
7009932,ASAMBLEISTA POBLACION,32,Bolivia,7,Santa Cruz,1,Andrés Ibáñez,1,Santa Cruz de La Sierra,2234,Santa Cruz de la Sierra,2009,Col. Wenseslao Montero,9,220,0,0,0,0,0,0,129,0,0,0,0,0,0,5,0,1,0,0,0,0,0,0,0,0,2,0,0,0,0,0,4,0,0,0,141,40,1,182,141,182
7009942,ASAMBLEISTA POBLACION,32,Bolivia,7,Santa Cruz,1,Andrés Ibáñez,1,Santa Cruz de La Sierra,2234,Santa Cruz de la Sierra,2009,Col. Wenseslao Montero,10,220,0,0,0,0,0,0,119,0,0,1,0,0,0,18,0,0,0,0,0,0,0,0,0,0,4,0,0,0,0,0,7,0,0,0,149,42,4,195,149,195
7009972,ASAMBLEISTA POBLACION,32,Bolivia,7,Santa Cruz,1,Andrés Ibáñez,1,Santa Cruz de La Sierra,2234,Santa Cruz de la Sierra,2009,Col. Wenseslao Montero,13,220,0,0,0,0,0,0,128,0,0,0,0,0,0,7,0,0,0,0,0,0,0,0,0,0,2,0,0,0,0,0,6,0,0,0,143,31,3,177,143,177
7009982,ASAMBLEISTA POBLACION,32,Bolivia,7,Santa Cruz,1,Andrés Ibáñez,1,Santa Cruz de La Sierra,2234,Santa Cruz de la Sierra,2009,Col. Wenseslao Montero,14,220,0,0,0,0,0,0,123,0,0,1,0,0,0,10,0,1,0,0,0,0,0,0,0,0,0,0,0,0,0,0,3,0,0,0,138,51,7,196,138,196
7009992,ASAMBLEISTA POBLACION,32,Bolivia,7,Santa Cruz,1,Andrés Ibáñez,1,Santa Cruz de La Sierra,2234,Santa Cruz de la Sierra,2009,Col. Wenseslao Montero,15,174,0,0,0,0,0,0,97,0,0,0,0,0,0,11,0,0,0,0,0,0,0,0,0,0,0,0,0,0,0,0,3,0,0,0,111,33,2,146,111,146
7010102,ASAMBLEISTA POBLACION,32,Bolivia,7,Santa Cruz,1,Andrés Ibáñez,1,Santa Cruz de La Sierra,2234,Santa Cruz de la Sierra,3007,Col. Fe y Alegria - Aniceto Arze,3,220,0,0,0,0,0,0,115,0,0,1,0,0,0,11,0,0,0,0,0,0,0,0,0,0,0,0,0,0,0,0,4,0,0,0,131,49,1,181,131,181
7010112,ASAMBLEISTA POBLACION,32,Bolivia,7,Santa Cruz,1,Andrés Ibáñez,1,Santa Cruz de La Sierra,2234,Santa Cruz de la Sierra,3007,Col. Fe y Alegria - Aniceto Arze,4,220,0,0,0,0,0,0,114,0,0,0,0,0,0,28,0,0,0,0,0,0,0,0,0,0,3,0,0,0,0,0,2,0,0,0,147,43,1,191,147,191
7010232,ASAMBLEISTA POBLACION,32,Bolivia,7,Santa Cruz,1,Andrés Ibáñez,1,Santa Cruz de La Sierra,2234,Santa Cruz de la Sierra,3007,Col. Fe y Alegria - Aniceto Arze,16,220,0,0,1,0,0,0,120,0,0,0,0,0,0,19,0,1,0,0,0,0,0,0,0,0,1,0,0,0,0,0,2,0,0,0,144,38,0,182,144,182
7010282,ASAMBLEISTA POBLACION,32,Bolivia,7,Santa Cruz,1,Andrés Ibáñez,1,Santa Cruz de La Sierra,2234,Santa Cruz de la Sierra,3007,Col. Fe y Alegria - Aniceto Arze,21,220,0,0,1,0,0,0,115,0,0,1,0,0,0,16,0,0,0,0,0,0,0,0,0,0,3,0,0,0,0,0,5,0,0,0,141,52,1,194,141,194
7010352,ASAMBLEISTA POBLACION,32,Bolivia,7,Santa Cruz,1,Andrés Ibáñez,1,Santa Cruz de La Sierra,2234,Santa Cruz de la Sierra,26401,U.E. Dennys Antelo Jordan,1,120,0,0,0,0,0,0,71,0,0,0,0,0,0,14,0,1,0,0,0,0,0,0,0,0,1,0,0,0,0,0,3,0,0,0,90,24,2,116,90,116
7010552,ASAMBLEISTA POBLACION,32,Bolivia,7,Santa Cruz,1,Andrés Ibáñez,1,Santa Cruz de La Sierra,2234,Santa Cruz de la Sierra,3011,Colegio Nestor Suarez,6,220,0,0,0,0,0,0,97,0,0,0,0,0,0,26,0,2,0,0,0,0,0,0,0,0,2,0,0,0,0,0,7,0,0,0,134,51,2,187,134,187
7010572,ASAMBLEISTA POBLACION,32,Bolivia,7,Santa Cruz,1,Andrés Ibáñez,1,Santa Cruz de La Sierra,2234,Santa Cruz de la Sierra,3011,Colegio Nestor Suarez,8,220,0,0,0,0,0,0,98,0,0,0,0,0,0,29,0,0,0,0,0,0,0,0,0,0,2,0,0,0,0,0,13,0,0,0,142,51,6,199,142,199
7010642,ASAMBLEISTA POBLACION,32,Bolivia,7,Santa Cruz,1,Andrés Ibáñez,1,Santa Cruz de La Sierra,2234,Santa Cruz de la Sierra,3011,Colegio Nestor Suarez,15,220,0,0,1,0,0,0,103,0,0,0,0,0,0,19,0,0,0,0,0,0,0,0,0,0,2,0,0,0,0,0,8,0,0,0,133,55,1,189,133,189
7010692,ASAMBLEISTA POBLACION,32,Bolivia,7,Santa Cruz,1,Andrés Ibáñez,1,Santa Cruz de La Sierra,2234,Santa Cruz de la Sierra,3011,Colegio Nestor Suarez,20,74,0,0,0,0,0,0,35,0,0,0,0,0,0,5,0,0,0,0,0,0,0,0,0,0,0,0,0,0,0,0,3,0,0,0,43,17,3,63,43,63
7011532,ASAMBLEISTA POBLACION,32,Bolivia,7,Santa Cruz,1,Andrés Ibáñez,1,Santa Cruz de La Sierra,2234,Santa Cruz de la Sierra,5001,Colegio Josefina Balsamo( Los Tusequis),10,220,0,0,1,0,0,0,95,0,0,0,0,0,0,18,0,1,0,0,0,0,0,0,0,0,2,0,0,0,0,0,5,0,0,0,122,55,4,181,122,181
7011542,ASAMBLEISTA POBLACION,32,Bolivia,7,Santa Cruz,1,Andrés Ibáñez,1,Santa Cruz de La Sierra,2234,Santa Cruz de la Sierra,5001,Colegio Josefina Balsamo( Los Tusequis),11,220,0,0,0,0,0,0,102,0,0,0,0,0,0,16,0,0,0,0,0,0,0,0,0,0,2,0,0,0,0,0,6,0,0,0,126,52,4,182,126,182
7011562,ASAMBLEISTA POBLACION,32,Bolivia,7,Santa Cruz,1,Andrés Ibáñez,1,Santa Cruz de La Sierra,2234,Santa Cruz de la Sierra,5001,Colegio Josefina Balsamo( Los Tusequis),13,220,0,0,0,0,0,0,116,0,0,0,0,0,0,15,0,0,0,0,0,0,0,0,0,0,2,0,0,0,0,0,8,0,0,0,141,43,3,187,141,187
7011612,ASAMBLEISTA POBLACION,32,Bolivia,7,Santa Cruz,1,Andrés Ibáñez,1,Santa Cruz de La Sierra,2234,Santa Cruz de la Sierra,5001,Colegio Josefina Balsamo( Los Tusequis),18,220,0,0,0,0,0,0,106,0,0,0,0,0,0,15,0,1,0,0,0,0,0,0,0,0,2,0,0,0,0,0,1,0,0,0,125,57,2,184,125,184
7012072,ASAMBLEISTA POBLACION,32,Bolivia,7,Santa Cruz,1,Andrés Ibáñez,1,Santa Cruz de La Sierra,2234,Santa Cruz de la Sierra,3009,Col. San Carlos,7,220,0,0,1,0,0,0,123,0,0,0,0,0,0,21,0,2,0,0,0,0,0,0,0,0,3,0,0,0,0,0,5,0,0,0,155,38,2,195,155,195
7012132,ASAMBLEISTA POBLACION,32,Bolivia,7,Santa Cruz,1,Andrés Ibáñez,1,Santa Cruz de La Sierra,2234,Santa Cruz de la Sierra,2001,Col. Seccional Monseñor Santiestevan,2,220,0,0,0,0,0,0,70,0,0,0,0,0,0,32,0,1,0,0,0,0,0,0,0,0,2,0,0,0,0,0,5,0,0,0,110,59,6,175,110,175
7013182,ASAMBLEISTA POBLACION,32,Bolivia,7,Santa Cruz,1,Andrés Ibáñez,1,Santa Cruz de La Sierra,2234,Santa Cruz de la Sierra,3022,Col. Juan Pablo II,18,124,0,0,0,0,0,0,68,0,0,0,0,0,0,7,0,0,0,0,0,0,0,0,0,0,1,0,0,0,0,0,2,0,0,0,78,20,3,101,78,101
7013192,ASAMBLEISTA POBLACION,32,Bolivia,7,Santa Cruz,1,Andrés Ibáñez,1,Santa Cruz de La Sierra,2234,Santa Cruz de la Sierra,26403,U.E. Hilarión Tomelicht Ardaya I,1,18,0,0,0,0,0,0,11,0,0,0,0,0,0,2,0,0,0,0,0,0,0,0,0,0,0,0,0,0,0,0,0,0,0,0,13,1,1,15,13,15
7014022,ASAMBLEISTA POBLACION,32,Bolivia,7,Santa Cruz,1,Andrés Ibáñez,1,Santa Cruz de La Sierra,2234,Santa Cruz de la Sierra,11068,16 de Julio,5,220,0,0,1,0,0,0,76,0,0,0,0,0,0,36,0,2,0,0,0,0,0,0,0,0,2,0,0,0,0,0,5,0,0,0,122,65,2,189,122,189
7014452,ASAMBLEISTA POBLACION,32,Bolivia,7,Santa Cruz,1,Andrés Ibáñez,1,Santa Cruz de La Sierra,2234,Santa Cruz de la Sierra,11067,Luz Del Mundo C,1,220,0,0,0,0,0,0,110,0,0,0,0,0,0,25,0,0,0,0,0,0,0,0,0,0,0,0,0,0,0,0,6,0,0,0,141,48,4,193,141,193
7014502,ASAMBLEISTA POBLACION,32,Bolivia,7,Santa Cruz,1,Andrés Ibáñez,1,Santa Cruz de La Sierra,2234,Santa Cruz de la Sierra,11067,Luz Del Mundo C,6,168,0,0,2,0,0,0,72,0,0,0,0,0,0,19,0,1,0,0,0,0,0,0,0,0,0,0,0,0,0,0,6,0,0,0,100,39,4,143,100,143
7014832,ASAMBLEISTA POBLACION,32,Bolivia,7,Santa Cruz,1,Andrés Ibáñez,1,Santa Cruz de La Sierra,2234,Santa Cruz de la Sierra,6015,Col. Esc. Gral. Ismael Montes Gamboa,18,220,0,0,1,0,0,0,86,0,0,0,0,0,0,32,0,1,0,0,0,0,0,0,0,0,0,0,0,0,0,0,6,0,0,0,126,61,4,191,126,191
7015032,ASAMBLEISTA POBLACION,32,Bolivia,7,Santa Cruz,1,Andrés Ibáñez,1,Santa Cruz de La Sierra,2234,Santa Cruz de la Sierra,11092,16 de Febrero,2,220,0,0,0,0,0,0,80,0,0,1,0,0,0,41,0,0,0,0,0,0,0,0,0,0,2,0,0,0,0,0,5,0,0,0,129,56,5,190,129,190
7015042,ASAMBLEISTA POBLACION,32,Bolivia,7,Santa Cruz,1,Andrés Ibáñez,1,Santa Cruz de La Sierra,2234,Santa Cruz de la Sierra,11092,16 de Febrero,3,220,0,0,0,0,0,0,76,0,0,0,0,0,0,41,0,0,0,0,0,0,0,0,0,0,6,0,0,0,0,0,3,0,0,0,126,66,5,197,126,197
7015062,ASAMBLEISTA POBLACION,32,Bolivia,7,Santa Cruz,1,Andrés Ibáñez,1,Santa Cruz de La Sierra,2234,Santa Cruz de la Sierra,11092,16 de Febrero,5,220,0,0,0,0,0,0,87,0,0,0,0,0,0,34,0,0,0,0,0,0,0,0,0,0,1,0,0,0,0,0,2,0,0,0,124,57,4,185,124,185
7015432,ASAMBLEISTA POBLACION,32,Bolivia,7,Santa Cruz,1,Andrés Ibáñez,1,Santa Cruz de La Sierra,2234,Santa Cruz de la Sierra,32034,Modulo Urb. Cotoca (Temporal),33,220,0,0,0,0,0,0,117,0,0,0,0,0,0,12,0,1,0,0,0,0,0,0,0,0,4,0,0,0,0,0,4,0,0,0,138,53,3,194,138,194
7015442,ASAMBLEISTA POBLACION,32,Bolivia,7,Santa Cruz,1,Andrés Ibáñez,1,Santa Cruz de La Sierra,2234,Santa Cruz de la Sierra,32034,Modulo Urb. Cotoca (Temporal),34,220,0,0,0,0,0,0,105,0,0,0,0,0,0,26,0,0,0,0,0,0,0,0,0,0,3,0,0,0,0,0,7,0,0,0,141,54,2,197,141,197
7015452,ASAMBLEISTA POBLACION,32,Bolivia,7,Santa Cruz,1,Andrés Ibáñez,1,Santa Cruz de La Sierra,2234,Santa Cruz de la Sierra,32034,Modulo Urb. Cotoca (Temporal),35,220,0,0,0,0,0,0,109,0,0,0,0,0,0,37,0,2,0,0,0,0,0,0,0,0,2,0,0,0,0,0,8,0,0,0,158,24,3,185,158,185
7015492,ASAMBLEISTA POBLACION,32,Bolivia,7,Santa Cruz,1,Andrés Ibáñez,1,Santa Cruz de La Sierra,2234,Santa Cruz de la Sierra,11094,U.E. 18 de Julio,3,220,0,0,1,0,0,0,69,0,0,0,0,0,0,40,0,0,0,0,0,0,0,0,0,0,1,0,0,0,0,0,2,0,0,0,113,68,0,181,113,181
7015522,ASAMBLEISTA POBLACION,32,Bolivia,7,Santa Cruz,1,Andrés Ibáñez,1,Santa Cruz de La Sierra,2234,Santa Cruz de la Sierra,11094,U.E. 18 de Julio,6,220,0,0,3,0,0,0,72,0,0,0,0,0,0,63,0,0,0,0,0,0,0,0,0,0,0,0,0,0,0,0,3,0,0,0,141,57,0,198,141,198
7017232,ASAMBLEISTA POBLACION,32,Bolivia,7,Santa Cruz,1,Andrés Ibáñez,1,Santa Cruz de La Sierra,2234,Santa Cruz de la Sierra,7024,U. E. El Retoño,1,220,0,0,0,0,0,0,69,0,0,1,0,0,0,36,0,1,0,0,0,0,0,0,0,0,0,0,0,0,0,0,5,0,0,0,112,77,3,192,112,192
7017282,ASAMBLEISTA POBLACION,32,Bolivia,7,Santa Cruz,1,Andrés Ibáñez,1,Santa Cruz de La Sierra,2234,Santa Cruz de la Sierra,7024,U. E. El Retoño,6,220,0,0,2,0,0,0,67,0,0,0,0,0,0,43,0,0,0,0,0,0,0,0,0,0,0,0,0,0,0,0,2,0,0,0,114,76,1,191,114,191
7017352,ASAMBLEISTA POBLACION,32,Bolivia,7,Santa Cruz,1,Andrés Ibáñez,1,Santa Cruz de La Sierra,2234,Santa Cruz de la Sierra,7024,U. E. El Retoño,13,220,0,0,2,0,0,0,85,0,0,0,0,0,0,23,0,0,0,0,0,0,0,0,0,0,2,0,0,0,0,0,3,0,0,0,115,61,2,178,115,178
7017362,ASAMBLEISTA POBLACION,32,Bolivia,7,Santa Cruz,1,Andrés Ibáñez,1,Santa Cruz de La Sierra,2234,Santa Cruz de la Sierra,7024,U. E. El Retoño,14,220,0,0,3,0,0,0,73,0,0,1,0,0,0,26,0,0,0,0,0,0,0,0,0,0,2,0,0,0,0,0,2,0,0,0,107,67,0,174,107,174
7017872,ASAMBLEISTA POBLACION,32,Bolivia,7,Santa Cruz,1,Andrés Ibáñez,1,Santa Cruz de La Sierra,2234,Santa Cruz de la Sierra,25419,U.E. Josefina Balsamo Los Pinos,3,220,0,0,3,0,0,0,106,0,0,0,0,0,0,31,0,1,0,0,0,0,0,0,0,0,3,0,0,0,0,0,4,0,0,0,148,45,0,193,148,193
7017902,ASAMBLEISTA POBLACION,32,Bolivia,7,Santa Cruz,1,Andrés Ibáñez,1,Santa Cruz de La Sierra,2234,Santa Cruz de la Sierra,25419,U.E. Josefina Balsamo Los Pinos,6,220,0,0,2,0,0,0,91,0,0,0,0,0,0,32,0,0,0,0,0,0,0,0,0,0,5,0,0,0,0,0,3,0,0,0,133,42,2,177,133,177
7018102,ASAMBLEISTA POBLACION,32,Bolivia,7,Santa Cruz,1,Andrés Ibáñez,1,Santa Cruz de La Sierra,2234,Santa Cruz de la Sierra,25653,U.E. Santa Cecilia,17,220,0,0,1,0,0,0,86,0,0,0,0,0,0,37,0,0,0,0,0,0,0,0,0,0,1,0,0,0,0,0,5,0,0,0,130,63,1,194,130,194
7019552,ASAMBLEISTA POBLACION,32,Bolivia,7,Santa Cruz,1,Andrés Ibáñez,1,Santa Cruz de La Sierra,2234,Santa Cruz de la Sierra,7003,Col. Felix Bascope,9,220,0,0,1,0,0,0,127,0,0,0,0,0,0,16,0,2,0,0,0,0,0,0,0,0,0,0,0,0,0,0,9,0,0,0,155,36,7,198,155,198
7019582,ASAMBLEISTA POBLACION,32,Bolivia,7,Santa Cruz,1,Andrés Ibáñez,1,Santa Cruz de La Sierra,2234,Santa Cruz de la Sierra,7003,Col. Felix Bascope,12,220,0,0,0,0,0,0,120,0,0,0,0,0,0,15,0,0,0,0,0,0,0,0,0,0,0,0,0,0,0,0,11,0,0,0,146,44,7,197,146,197
7019612,ASAMBLEISTA POBLACION,32,Bolivia,7,Santa Cruz,1,Andrés Ibáñez,1,Santa Cruz de La Sierra,2234,Santa Cruz de la Sierra,7003,Col. Felix Bascope,15,220,0,0,0,0,0,0,124,0,0,0,0,0,0,18,0,0,0,0,0,0,0,0,0,0,0,0,0,0,0,0,6,0,0,0,148,45,3,196,148,196
7019642,ASAMBLEISTA POBLACION,32,Bolivia,7,Santa Cruz,1,Andrés Ibáñez,1,Santa Cruz de La Sierra,2234,Santa Cruz de la Sierra,7003,Col. Felix Bascope,18,220,0,0,1,0,0,0,117,0,0,0,0,0,0,28,0,0,0,0,0,0,0,0,0,0,0,0,0,0,0,0,5,0,0,0,151,41,1,193,151,193
7019652,ASAMBLEISTA POBLACION,32,Bolivia,7,Santa Cruz,1,Andrés Ibáñez,1,Santa Cruz de La Sierra,2234,Santa Cruz de la Sierra,7003,Col. Felix Bascope,19,220,0,0,0,0,0,0,106,0,0,0,0,0,0,18,0,0,0,0,0,0,0,0,0,0,1,0,0,0,0,0,10,0,0,0,135,49,7,191,135,191
