CODIGO_MESA,DESCRIPCION,CODIGO_PAIS,NOMBRE_PAIS,CODIGO_DEPARTAMENTO,NOMBRE_DEPARTAMENTO,CODIGO_PROVINCIA,NOMBRE_PROVINCIA,CODIGO_SECCION,NOMBRE_MUNICIPIO,CODIGO_LOCALIDAD,NOMBRE_LOCALIDAD,CODIGO_RECINTO,NOMBRE_RECINTO,NUMERO_MESA,INSCRITOS_HABILITADOS,BSTH,CZM - APG,CST,C-A,UN,FPV,MAS-IPSP,MIM,MNR,MTS,PAN-BOL,R-2025,SOMHOS,T.P.C.,UNIR-VILLA VACA GUZMAN,UNIDOS,VOTO_VALIDO,VOTO_BLANCO,VOTO_NULO,VOTO_EMITIDO,VOTO_VALIDO_SISTEMA,VOTO_EMITIDO_SISTEMA
1000372,GOBERNADOR(A),32,Bolivia,1,Chuquisaca,1,Oropeza,1,Sucre,2794,Sucre,106,Kinder San Vicente De Paul,3,220,14,0,95,10,0,0,27,0,1,0,0,0,0,0,0,13,160,5,13,178,160,178
1000892,GOBERNADOR(A),32,Bolivia,1,Chuquisaca,1,Oropeza,1,Sucre,2794,Sucre,30013,Coliseo Col. San Cristobal (Temporal),3,220,12,0,104,12,0,0,32,0,0,0,0,0,0,0,0,13,173,5,3,181,173,181
1000972,GOBERNADOR(A),32,Bolivia,1,Chuquisaca,1,Oropeza,1,Sucre,2794,Sucre,103,Esc. Mariscal De Ayacucho,1,220,10,0,136,3,0,0,17,0,1,0,0,0,0,0,0,11,178,5,4,187,178,187
1000982,GOBERNADOR(A),32,Bolivia,1,Chuquisaca,1,Oropeza,1,Sucre,2794,Sucre,103,Esc. Mariscal De Ayacucho,2,220,12,0,128,4,0,0,23,0,0,0,0,0,0,0,0,19,186,1,5,192,186,192
1000992,GOBERNADOR(A),32,Bolivia,1,Chuquisaca,1,Oropeza,1,Sucre,2794,Sucre,103,Esc. Mariscal De Ayacucho,3,108,9,0,51,3,0,0,10,0,2,0,0,0,0,0,0,12,87,2,5,94,87,94
1001382,GOBERNADOR(A),32,Bolivia,1,Chuquisaca,1,Oropeza,1,Sucre,2794,Sucre,30001,Facultad de Tecnología Médica (Temporal),5,220,11,0,104,15,0,0,35,0,1,0,0,0,0,0,0,10,176,4,9,189,176,189
1001442,GOBERNADOR(A),32,Bolivia,1,Chuquisaca,1,Oropeza,1,Sucre,2794,Sucre,30009,Coliseo San José (Temporal),1,220,10,0,100,12,0,0,28,0,2,0,0,0,0,0,0,9,161,7,11,179,161,179
1001452,GOBERNADOR(A),32,Bolivia,1,Chuquisaca,1,Oropeza,1,Sucre,2794,Sucre,30009,Coliseo San José (Temporal),2,220,14,0,114,6,0,0,37,0,0,0,0,0,0,0,0,6,177,1,9,187,177,187
1001472,GOBERNADOR(A),32,Bolivia,1,Chuquisaca,1,Oropeza,1,Sucre,2794,Sucre,30009,Coliseo San José (Temporal),4,238,18,0,111,10,0,0,41,0,1,0,0,0,0,0,0,11,192,3,8,203,192,203
1001532,GOBERNADOR(A),32,Bolivia,1,Chuquisaca,1,Oropeza,1,Sucre,2794,Sucre,210,Esc. Josefina Goytia,1,220,9,0,112,11,0,0,39,0,1,0,0,0,0,0,0,11,183,5,8,196,183,196
1001542,GOBERNADOR(A),32,Bolivia,1,Chuquisaca,1,Oropeza,1,Sucre,2794,Sucre,210,Esc. Josefina Goytia,2,220,11,0,100,4,0,0,49,0,0,0,0,0,0,0,0,8,172,10,9,191,172,191
1001552,GOBERNADOR(A),32,Bolivia,1,Chuquisaca,1,Oropeza,1,Sucre,2794,Sucre,210,Esc. Josefina Goytia,3,220,21,0,81,14,0,0,43,0,0,0,0,0,0,0,0,7,166,9,11,186,166,186
1001562,GOBERNADOR(A),32,Bolivia,1,Chuquisaca,1,Oropeza,1,Sucre,2794,Sucre,210,Esc. Josefina Goytia,4,220,15,0,90,12,0,0,48,0,5,0,0,0,0,0,0,11,181,8,12,201,181,201
1001572,GOBERNADOR(A),32,Bolivia,1,Chuquisaca,1,Oropeza,1,Sucre,2794,Sucre,210,Esc. Josefina Goytia,5,220,12,0,82,7,0,0,49,0,1,0,0,0,0,0,0,8,159,13,10,182,159,182
1001602,GOBERNADOR(A),32,Bolivia,1,Chuquisaca,1,Oropeza,1,Sucre,2794,Sucre,210,Esc. Josefina Goytia,8,220,18,0,89,4,0,0,53,0,2,0,0,0,0,0,0,14,180,1,7,188,180,188
1001612,GOBERNADOR(A),32,Bolivia,1,Chuquisaca,1,Oropeza,1,Sucre,2794,Sucre,210,Esc. Josefina Goytia,9,207,11,0,98,9,0,0,37,0,2,0,0,0,0,0,0,7,164,6,5,175,164,175
1003522,GOBERNADOR(A),32,Bolivia,1,Chuquisaca,1,Oropeza,1,Sucre,2794,Sucre,407,Estadium Patria,5,220,12,0,85,8,0,0,37,0,1,0,0,0,0,0,0,17,160,3,12,175,160,175
1003662,GOBERNADOR(A),32,Bolivia,1,Chuquisaca,1,Oropeza,1,Sucre,2794,Sucre,529,Iglesia San Matías,1,220,13,0,87,17,0,0,37,0,1,0,0,0,0,0,0,10,165,7,8,180,165,180
1003672,GOBERNADOR(A),32,Bolivia,1,Chuquisaca,1,Oropeza,1,Sucre,2794,Sucre,529,Iglesia San Matías,2,220,11,0,105,13,0,0,36,0,0,0,0,0,0,0,0,13,178,7,9,194,178,194
1003682,GOBERNADOR(A),32,Bolivia,1,Chuquisaca,1,Oropeza,1,Sucre,2794,Sucre,529,Iglesia San Matías,3,220,16,0,90,8,0,0,27,0,0,0,0,0,0,0,0,17,158,8,10,176,158,176
1003692,GOBERNADOR(A),32,Bolivia,1,Chuquisaca,1,Oropeza,1,Sucre,2794,Sucre,529,Iglesia San Matías,4,220,20,0,103,11,0,0,35,0,1,0,0,0,0,0,0,3,173,8,6,187,173,187
1003712,GOBERNADOR(A),32,Bolivia,1,Chuquisaca,1,Oropeza,1,Sucre,2794,Sucre,529,Iglesia San Matías,6,220,15,0,94,14,0,0,37,0,1,0,0,0,0,0,0,12,173,9,5,187,173,187
1003722,GOBERNADOR(A),32,Bolivia,1,Chuquisaca,1,Oropeza,1,Sucre,2794,Sucre,529,Iglesia San Matías,7,220,12,0,98,10,0,0,33,0,0,0,0,0,0,0,0,10,163,8,10,181,163,181
1003732,GOBERNADOR(A),32,Bolivia,1,Chuquisaca,1,Oropeza,1,Sucre,2794,Sucre,529,Iglesia San Matías,8,225,13,0,95,19,0,0,39,0,1,0,0,0,0,0,0,13,180,7,12,199,180,199
1003812,GOBERNADOR(A),32,Bolivia,1,Chuquisaca,1,Oropeza,1,Sucre,2794,Sucre,25530,Campo Deportivo Noria Alta,8,41,4,0,17,0,0,0,9,0,0,0,0,0,0,0,0,3,33,0,2,35,33,35
1003822,GOBERNADOR(A),32,Bolivia,1,Chuquisaca,1,Oropeza,1,Sucre,2794,Sucre,25577,U.E. Cristo Rey,1,106,5,0,39,6,0,0,19,0,0,0,0,0,0,0,0,7,76,4,1,81,76,81
1004862,GOBERNADOR(A),32,Bolivia,1,Chuquisaca,1,Oropeza,1,Sucre,2794,Sucre,30011,Campo Deportivo SETESUR (Temporal),1,220,13,0,87,12,0,0,40,0,0,0,0,0,0,0,0,10,162,4,15,181,162,181
1006782,GOBERNADOR(A),32,Bolivia,1,Chuquisaca,1,Oropeza,1,Sucre,2794,Sucre,26372,Salón Multifuncional Sancho,1,142,3,0,57,4,0,0,39,0,0,0,0,0,0,0,0,11,114,9,11,134,114,134
1008042,GOBERNADOR(A),32,Bolivia,1,Chuquisaca,1,Oropeza,1,Sucre,2794,Sucre,534,Escuela Tucsupaya,1,220,7,0,86,13,0,0,54,0,2,0,0,0,0,0,0,9,171,11,8,190,171,190
1008072,GOBERNADOR(A),32,Bolivia,1,Chuquisaca,1,Oropeza,1,Sucre,2794,Sucre,534,Escuela Tucsupaya,4,220,13,0,80,7,0,0,52,0,1,0,0,0,0,0,0,12,165,11,20,196,165,196
1008092,GOBERNADOR(A),32,Bolivia,1,Chuquisaca,1,Oropeza,1,Sucre,2794,Sucre,534,Escuela Tucsupaya,6,220,12,0,96,14,0,0,41,0,2,0,0,0,0,0,0,12,177,14,7,198,177,198
1008102,GOBERNADOR(A),32,Bolivia,1,Chuquisaca,1,Oropeza,1,Sucre,2794,Sucre,534,Escuela Tucsupaya,7,220,14,0,92,17,0,0,36,0,1,0,0,0,0,0,0,12,172,7,7,186,172,186
1008152,GOBERNADOR(A),32,Bolivia,1,Chuquisaca,1,Oropeza,1,Sucre,2794,Sucre,534,Escuela Tucsupaya,12,220,7,0,103,8,0,0,42,0,1,0,0,0,0,0,0,9,170,10,19,199,170,199
1008162,GOBERNADOR(A),32,Bolivia,1,Chuquisaca,1,Oropeza,1,Sucre,2794,Sucre,534,Escuela Tucsupaya,13,220,14,0,88,8,0,0,60,0,0,0,0,0,0,0,0,11,181,11,12,204,181,204
1008192,GOBERNADOR(A),32,Bolivia,1,Chuquisaca,1,Oropeza,1,Sucre,2794,Sucre,534,Escuela Tucsupaya,16,220,6,0,111,6,0,0,46,0,1,0,0,0,0,0,0,6,176,3,14,193,176,193
1008232,GOBERNADOR(A),32,Bolivia,1,Chuquisaca,1,Oropeza,1,Sucre,2794,Sucre,25027,Salon Multifuncional El Niño,1,220,15,0,104,5,0,0,38,0,0,0,0,0,0,0,0,14,176,7,5,188,176,188
1008252,GOBERNADOR(A),32,Bolivia,1,Chuquisaca,1,Oropeza,1,Sucre,2794,Sucre,25027,Salon Multifuncional El Niño,3,220,17,0,86,13,0,0,49,0,0,0,0,0,0,0,0,12,177,2,13,192,177,192
1008262,GOBERNADOR(A),32,Bolivia,1,Chuquisaca,1,Oropeza,1,Sucre,2794,Sucre,25027,Salon Multifuncional El Niño,4,220,8,0,104,12,0,0,44,0,0,0,0,0,0,0,0,10,178,5,9,192,178,192
1008282,GOBERNADOR(A),32,Bolivia,1,Chuquisaca,1,Oropeza,1,Sucre,2794,Sucre,25027,Salon Multifuncional El Niño,6,121,7,0,54,8,0,0,26,0,0,0,0,0,0,0,0,7,102,3,6,111,102,111
1010292,GOBERNADOR(A),32,Bolivia,1,Chuquisaca,1,Oropeza,1,Sucre,2794,Sucre,26374,U.E. Kurusa Llawi,1,63,2,0,12,5,0,0,21,0,2,0,0,0,0,0,0,2,44,5,5,54,44,54
1010302,GOBERNADOR(A),32,Bolivia,1,Chuquisaca,1,Oropeza,1,Sucre,2794,Sucre,26375,U.E. Tomas Katari Sucre,1,209,17,0,69,8,0,0,53,0,1,0,0,0,0,0,0,7,155,8,24,187,155,187
1000372,ASAMBLEISTA TERRITORIO,32,Bolivia,1,Chuquisaca,1,Oropeza,1,Sucre,2794,Sucre,106,Kinder San Vicente De Paul,3,220,11,0,68,9,3,0,26,0,0,0,0,0,0,0,0,30,147,19,12,178,147,178
1000892,ASAMBLEISTA TERRITORIO,32,Bolivia,1,Chuquisaca,1,Oropeza,1,Sucre,2794,Sucre,30013,Coliseo Col. San Cristobal (Temporal),3,220,12,0,69,18,8,0,27,0,0,0,0,0,0,0,0,22,156,22,3,181,156,181
1000972,ASAMBLEISTA TERRITORIO,32,Bolivia,1,Chuquisaca,1,Oropeza,1,Sucre,2794,Sucre,103,Esc. Mariscal De Ayacucho,1,220,9,0,86,9,9,0,16,0,0,0,0,0,0,0,0,28,157,24,6,187,157,187
1000982,ASAMBLEISTA TERRITORIO,32,Bolivia,1,Chuquisaca,1,Oropeza,1,Sucre,2794,Sucre,103,Esc. Mariscal De Ayacucho,2,220,9,0,97,11,4,0,23,0,0,0,0,0,0,0,0,30,174,13,5,192,174,192
1000992,ASAMBLEISTA TERRITORIO,32,Bolivia,1,Chuquisaca,1,Oropeza,1,Sucre,2794,Sucre,103,Esc. Mariscal De Ayacucho,3,108,3,0,31,7,6,0,11,0,0,0,0,0,0,0,0,16,74,16,4,94,74,94
1001382,ASAMBLEISTA TERRITORIO,32,Bolivia,1,Chuquisaca,1,Oropeza,1,Sucre,2794,Sucre,30001,Facultad de Tecnología Médica (Temporal),5,220,8,0,70,20,2,0,36,0,0,0,0,0,0,0,0,14,150,26,13,189,150,189
1001442,ASAMBLEISTA TERRITORIO,32,Bolivia,1,Chuquisaca,1,Oropeza,1,Sucre,2794,Sucre,30009,Coliseo San José (Temporal),1,220,14,0,60,18,5,0,25,0,0,0,0,0,0,0,0,17,139,32,8,179,139,179
1001452,ASAMBLEISTA TERRITORIO,32,Bolivia,1,Chuquisaca,1,Oropeza,1,Sucre,2794,Sucre,30009,Coliseo San José (Temporal),2,220,18,0,64,16,2,0,32,0,0,0,0,0,0,0,0,27,159,23,5,187,159,187
1001472,ASAMBLEISTA TERRITORIO,32,Bolivia,1,Chuquisaca,1,Oropeza,1,Sucre,2794,Sucre,30009,Coliseo San José (Temporal),4,238,20,0,79,20,3,0,29,0,0,0,0,0,0,0,0,20,171,27,5,203,171,203
1001532,ASAMBLEISTA TERRITORIO,32,Bolivia,1,Chuquisaca,1,Oropeza,1,Sucre,2794,Sucre,210,Esc. Josefina Goytia,1,220,5,0,81,20,5,0,33,0,0,0,0,0,0,0,0,18,162,25,9,196,162,196
1001542,ASAMBLEISTA TERRITORIO,32,Bolivia,1,Chuquisaca,1,Oropeza,1,Sucre,2794,Sucre,210,Esc. Josefina Goytia,2,220,16,0,63,8,4,0,43,0,0,0,0,0,0,0,0,19,153,31,7,191,153,191
1001552,ASAMBLEISTA TERRITORIO,32,Bolivia,1,Chuquisaca,1,Oropeza,1,Sucre,2794,Sucre,210,Esc. Josefina Goytia,3,220,13,0,49,25,7,0,39,0,0,0,0,0,0,0,0,17,150,25,11,186,150,186
1001562,ASAMBLEISTA TERRITORIO,32,Bolivia,1,Chuquisaca,1,Oropeza,1,Sucre,2794,Sucre,210,Esc. Josefina Goytia,4,220,10,0,63,16,5,0,47,0,0,0,0,0,0,0,0,19,160,31,10,201,160,201
1001572,ASAMBLEISTA TERRITORIO,32,Bolivia,1,Chuquisaca,1,Oropeza,1,Sucre,2794,Sucre,210,Esc. Josefina Goytia,5,220,13,0,60,11,6,0,43,0,0,0,0,0,0,0,0,19,152,25,5,182,152,182
1001602,ASAMBLEISTA TERRITORIO,32,Bolivia,1,Chuquisaca,1,Oropeza,1,Sucre,2794,Sucre,210,Esc. Josefina Goytia,8,220,15,0,63,11,4,0,44,0,0,0,0,0,0,0,0,20,157,27,4,188,157,188
1001612,ASAMBLEISTA TERRITORIO,32,Bolivia,1,Chuquisaca,1,Oropeza,1,Sucre,2794,Sucre,210,Esc. Josefina Goytia,9,207,11,0,76,13,4,0,35,0,0,0,0,0,0,0,0,17,156,16,3,175,156,175
1003522,ASAMBLEISTA TERRITORIO,32,Bolivia,1,Chuquisaca,1,Oropeza,1,Sucre,2794,Sucre,407,Estadium Patria,5,220,8,0,54,15,4,0,37,0,0,0,0,0,0,0,0,24,142,24,9,175,142,175
1003662,ASAMBLEISTA TERRITORIO,32,Bolivia,1,Chuquisaca,1,Oropeza,1,Sucre,2794,Sucre,529,Iglesia San Matías,1,220,8,0,61,26,6,0,30,0,0,0,0,0,0,0,0,15,146,28,6,180,146,180
1003672,ASAMBLEISTA TERRITORIO,32,Bolivia,1,Chuquisaca,1,Oropeza,1,Sucre,2794,Sucre,529,Iglesia San Matías,2,220,13,0,71,24,7,0,31,0,0,0,0,0,0,0,0,22,168,20,6,194,168,194
1003682,ASAMBLEISTA TERRITORIO,32,Bolivia,1,Chuquisaca,1,Oropeza,1,Sucre,2794,Sucre,529,Iglesia San Matías,3,220,7,0,54,20,7,0,22,0,0,0,0,0,0,0,0,27,137,30,9,176,137,176
1003692,ASAMBLEISTA TERRITORIO,32,Bolivia,1,Chuquisaca,1,Oropeza,1,Sucre,2794,Sucre,529,Iglesia San Matías,4,220,10,0,70,16,0,0,41,0,0,0,0,0,0,0,0,17,154,23,10,187,154,187
1003712,ASAMBLEISTA TERRITORIO,32,Bolivia,1,Chuquisaca,1,Oropeza,1,Sucre,2794,Sucre,529,Iglesia San Matías,6,220,8,0,62,29,3,0,35,0,0,0,0,0,0,0,0,18,155,27,5,187,155,187
1003722,ASAMBLEISTA TERRITORIO,32,Bolivia,1,Chuquisaca,1,Oropeza,1,Sucre,2794,Sucre,529,Iglesia San Matías,7,220,11,0,66,18,7,0,28,0,0,0,0,0,0,0,0,20,150,21,10,181,150,181
1003732,ASAMBLEISTA TERRITORIO,32,Bolivia,1,Chuquisaca,1,Oropeza,1,Sucre,2794,Sucre,529,Iglesia San Matías,8,225,9,0,62,23,6,0,32,0,0,0,0,0,0,0,0,25,157,33,9,199,157,199
1003812,ASAMBLEISTA TERRITORIO,32,Bolivia,1,Chuquisaca,1,Oropeza,1,Sucre,2794,Sucre,25530,Campo Deportivo Noria Alta,8,41,2,0,12,6,1,0,9,0,0,0,0,0,0,0,0,3,33,2,0,35,33,35
1003822,ASAMBLEISTA TERRITORIO,32,Bolivia,1,Chuquisaca,1,Oropeza,1,Sucre,2794,Sucre,25577,U.E. Cristo Rey,1,106,3,0,25,11,3,0,18,0,0,0,0,0,0,0,0,11,71,10,0,81,71,81
1004862,ASAMBLEISTA TERRITORIO,32,Bolivia,1,Chuquisaca,1,Oropeza,1,Sucre,2794,Sucre,30011,Campo Deportivo SETESUR (Temporal),1,220,10,0,58,15,0,0,38,0,0,0,0,0,0,0,0,23,144,29,8,181,144,181
1006782,ASAMBLEISTA TERRITORIO,32,Bolivia,1,Chuquisaca,1,Oropeza,1,Sucre,2794,Sucre,26372,Salón Multifuncional Sancho,1,142,5,0,37,3,1,0,31,0,0,0,0,0,0,0,0,21,98,25,11,134,98,134
1008042,ASAMBLEISTA TERRITORIO,32,Bolivia,1,Chuquisaca,1,Oropeza,1,Sucre,2794,Sucre,534,Escuela Tucsupaya,1,220,5,0,62,22,4,0,48,0,0,0,0,0,0,0,0,22,163,20,7,190,163,190
1008072,ASAMBLEISTA TERRITORIO,32,Bolivia,1,Chuquisaca,1,Oropeza,1,Sucre,2794,Sucre,534,Escuela Tucsupaya,4,220,9,0,44,15,5,0,46,0,0,0,0,0,0,0,0,26,145,33,18,196,145,196
1008092,ASAMBLEISTA TERRITORIO,32,Bolivia,1,Chuquisaca,1,Oropeza,1,Sucre,2794,Sucre,534,Escuela Tucsupaya,6,220,9,0,61,20,4,0,38,0,0,0,0,0,0,0,0,26,158,31,9,198,158,198
1008102,ASAMBLEISTA TERRITORIO,32,Bolivia,1,Chuquisaca,1,Oropeza,1,Sucre,2794,Sucre,534,Escuela Tucsupaya,7,220,9,0,53,26,3,0,38,0,0,0,0,0,0,0,0,23,152,32,2,186,152,186
1008152,ASAMBLEISTA TERRITORIO,32,Bolivia,1,Chuquisaca,1,Oropeza,1,Sucre,2794,Sucre,534,Escuela Tucsupaya,12,220,4,0,74,12,5,0,35,0,0,0,0,0,0,0,0,17,147,36,16,199,147,199
1008162,ASAMBLEISTA TERRITORIO,32,Bolivia,1,Chuquisaca,1,Oropeza,1,Sucre,2794,Sucre,534,Escuela Tucsupaya,13,220,11,0,62,16,2,0,60,0,0,0,0,0,0,0,0,13,164,27,13,204,164,204
1008192,ASAMBLEISTA TERRITORIO,32,Bolivia,1,Chuquisaca,1,Oropeza,1,Sucre,2794,Sucre,534,Escuela Tucsupaya,16,220,6,0,59,20,10,0,39,0,0,0,0,0,0,0,0,18,152,32,9,193,152,193
1008232,ASAMBLEISTA TERRITORIO,32,Bolivia,1,Chuquisaca,1,Oropeza,1,Sucre,2794,Sucre,25027,Salon Multifuncional El Niño,1,220,7,0,71,11,2,0,39,0,0,0,0,0,0,0,0,21,151,34,3,188,151,188
1008252,ASAMBLEISTA TERRITORIO,32,Bolivia,1,Chuquisaca,1,Oropeza,1,Sucre,2794,Sucre,25027,Salon Multifuncional El Niño,3,220,11,0,58,20,8,0,42,0,0,0,0,0,0,0,0,23,162,23,7,192,162,192
1008262,ASAMBLEISTA TERRITORIO,32,Bolivia,1,Chuquisaca,1,Oropeza,1,Sucre,2794,Sucre,25027,Salon Multifuncional El Niño,4,220,9,0,73,17,5,0,42,0,0,0,0,0,0,0,0,13,159,27,6,192,159,192
1008282,ASAMBLEISTA TERRITORIO,32,Bolivia,1,Chuquisaca,1,Oropeza,1,Sucre,2794,Sucre,25027,Salon Multifuncional El Niño,6,121,3,0,43,13,2,0,23,0,0,0,0,0,0,0,0,8,92,13,6,111,92,111
1010292,ASAMBLEISTA TERRITORIO,32,Bolivia,1,Chuquisaca,1,Oropeza,1,Sucre,2794,Sucre,26374,U.E. Kurusa Llawi,1,63,2,0,9,6,2,0,23,0,0,0,0,0,0,0,0,3,45,4,5,54,45,54
1010302,ASAMBLEISTA TERRITORIO,32,Bolivia,1,Chuquisaca,1,Oropeza,1,Sucre,2794,Sucre,26375,U.E. Tomas Katari Sucre,1,209,9,0,40,16,2,0,55,0,0,0,0,0,0,0,0,15,137,38,12,187,137,187
1000372,ASAMBLEISTA POBLACION,32,Bolivia,1,Chuquisaca,1,Oropeza,1,Sucre,2794,Sucre,106,Kinder San Vicente De Paul,3,220,11,0,66,11,2,0,22,0,1,0,0,0,0,0,0,12,125,45,8,178,125,178
1000892,ASAMBLEISTA POBLACION,32,Bolivia,1,Chuquisaca,1,Oropeza,1,Sucre,2794,Sucre,30013,Coliseo Col. San Cristobal (Temporal),3,220,6,0,68,14,6,0,17,0,0,0,0,0,0,0,0,13,124,54,3,181,124,181
1000972,ASAMBLEISTA POBLACION,32,Bolivia,1,Chuquisaca,1,Oropeza,1,Sucre,2794,Sucre,103,Esc. Mariscal De Ayacucho,1,220,8,0,85,12,3,0,14,0,0,0,0,0,0,0,0,11,133,49,5,187,133,187
1000982,ASAMBLEISTA POBLACION,32,Bolivia,1,Chuquisaca,1,Oropeza,1,Sucre,2794,Sucre,103,Esc. Mariscal De Ayacucho,2,220,7,0,85,7,2,0,21,0,1,0,0,0,0,0,0,23,146,45,1,192,146,192
1000992,ASAMBLEISTA POBLACION,32,Bolivia,1,Chuquisaca,1,Oropeza,1,Sucre,2794,Sucre,103,Esc. Mariscal De Ayacucho,3,108,6,0,33,5,4,0,8,0,1,0,0,0,0,0,0,11,68,23,3,94,68,94
1001382,ASAMBLEISTA POBLACION,32,Bolivia,1,Chuquisaca,1,Oropeza,1,Sucre,2794,Sucre,30001,Facultad de Tecnología Médica (Temporal),5,220,4,0,56,19,0,0,28,0,1,0,0,0,0,0,0,14,122,61,6,189,122,189
1001442,ASAMBLEISTA POBLACION,32,Bolivia,1,Chuquisaca,1,Oropeza,1,Sucre,2794,Sucre,30009,Coliseo San José (Temporal),1,220,6,0,51,17,6,0,23,0,2,0,0,0,0,0,0,15,120,53,6,179,120,179
1001452,ASAMBLEISTA POBLACION,32,Bolivia,1,Chuquisaca,1,Oropeza,1,Sucre,2794,Sucre,30009,Coliseo San José (Temporal),2,220,14,0,60,15,1,0,27,0,0,0,0,0,0,0,0,15,132,54,1,187,132,187
1001472,ASAMBLEISTA POBLACION,32,Bolivia,1,Chuquisaca,1,Oropeza,1,Sucre,2794,Sucre,30009,Coliseo San José (Temporal),4,238,9,0,71,17,3,0,29,0,1,0,0,0,0,0,0,10,140,60,3,203,140,203
1001532,ASAMBLEISTA POBLACION,32,Bolivia,1,Chuquisaca,1,Oropeza,1,Sucre,2794,Sucre,210,Esc. Josefina Goytia,1,220,3,0,73,14,1,0,34,0,2,0,0,0,0,0,0,15,142,45,9,196,142,196
1001542,ASAMBLEISTA POBLACION,32,Bolivia,1,Chuquisaca,1,Oropeza,1,Sucre,2794,Sucre,210,Esc. Josefina Goytia,2,220,7,0,61,8,4,0,36,0,0,0,0,0,0,0,0,10,126,57,8,191,126,191
1001552,ASAMBLEISTA POBLACION,32,Bolivia,1,Chuquisaca,1,Oropeza,1,Sucre,2794,Sucre,210,Esc. Josefina Goytia,3,220,10,0,49,21,2,0,35,0,0,0,0,0,0,0,0,11,128,50,8,186,128,186
1001562,ASAMBLEISTA POBLACION,32,Bolivia,1,Chuquisaca,1,Oropeza,1,Sucre,2794,Sucre,210,Esc. Josefina Goytia,4,220,7,0,61,10,4,0,41,0,3,0,0,0,0,0,0,13,139,56,6,201,139,201
1001572,ASAMBLEISTA POBLACION,32,Bolivia,1,Chuquisaca,1,Oropeza,1,Sucre,2794,Sucre,210,Esc. Josefina Goytia,5,220,7,0,53,12,5,0,39,0,0,0,0,0,0,0,0,11,127,50,5,182,127,182
1001602,ASAMBLEISTA POBLACION,32,Bolivia,1,Chuquisaca,1,Oropeza,1,Sucre,2794,Sucre,210,Esc. Josefina Goytia,8,220,13,0,60,9,1,0,41,0,3,0,0,0,0,0,0,12,139,44,5,188,139,188
1001612,ASAMBLEISTA POBLACION,32,Bolivia,1,Chuquisaca,1,Oropeza,1,Sucre,2794,Sucre,210,Esc. Josefina Goytia,9,207,9,0,68,15,3,0,30,0,3,0,0,0,0,0,0,7,135,38,2,175,135,175
1003522,ASAMBLEISTA POBLACION,32,Bolivia,1,Chuquisaca,1,Oropeza,1,Sucre,2794,Sucre,407,Estadium Patria,5,220,7,0,45,15,2,0,28,0,1,0,0,0,0,0,0,12,110,60,5,175,110,175
1003662,ASAMBLEISTA POBLACION,32,Bolivia,1,Chuquisaca,1,Oropeza,1,Sucre,2794,Sucre,529,Iglesia San Matías,1,220,6,0,54,22,6,0,28,0,0,0,0,0,0,0,0,8,124,51,5,180,124,180
1003672,ASAMBLEISTA POBLACION,32,Bolivia,1,Chuquisaca,1,Oropeza,1,Sucre,2794,Sucre,529,Iglesia San Matías,2,220,6,0,60,18,5,0,24,0,0,0,0,0,0,0,0,17,130,60,4,194,130,194
1003682,ASAMBLEISTA POBLACION,32,Bolivia,1,Chuquisaca,1,Oropeza,1,Sucre,2794,Sucre,529,Iglesia San Matías,3,220,4,0,52,20,5,0,17,0,0,0,0,0,0,0,0,16,114,56,6,176,114,176
1003692,ASAMBLEISTA POBLACION,32,Bolivia,1,Chuquisaca,1,Oropeza,1,Sucre,2794,Sucre,529,Iglesia San Matías,4,220,7,0,61,18,0,0,32,0,3,0,0,0,0,0,0,9,130,50,7,187,130,187
1003712,ASAMBLEISTA POBLACION,32,Bolivia,1,Chuquisaca,1,Oropeza,1,Sucre,2794,Sucre,529,Iglesia San Matías,6,220,5,0,52,25,0,0,30,0,1,0,0,0,0,0,0,17,130,55,2,187,130,187
1003722,ASAMBLEISTA POBLACION,32,Bolivia,1,Chuquisaca,1,Oropeza,1,Sucre,2794,Sucre,529,Iglesia San Matías,7,220,7,0,52,16,6,0,28,0,0,0,0,0,0,0,0,11,120,54,7,181,120,181
1003732,ASAMBLEISTA POBLACION,32,Bolivia,1,Chuquisaca,1,Oropeza,1,Sucre,2794,Sucre,529,Iglesia San Matías,8,225,4,0,58,22,5,0,30,0,1,0,0,0,0,0,0,12,132,61,6,199,132,199
1003812,ASAMBLEISTA POBLACION,32,Bolivia,1,Chuquisaca,1,Oropeza,1,Sucre,2794,Sucre,25530,Campo Deportivo Noria Alta,8,41,0,0,14,3,0,0,8,0,0,0,0,0,0,0,0,2,27,8,0,35,27,35
1003822,ASAMBLEISTA POBLACION,32,Bolivia,1,Chuquisaca,1,Oropeza,1,Sucre,2794,Sucre,25577,U.E. Cristo Rey,1,106,3,0,24,5,2,0,16,0,0,0,0,0,0,0,0,8,58,23,0,81,58,81
1004862,ASAMBLEISTA POBLACION,32,Bolivia,1,Chuquisaca,1,Oropeza,1,Sucre,2794,Sucre,30011,Campo Deportivo SETESUR (Temporal),1,220,3,0,46,17,0,0,22,0,0,0,0,0,0,0,0,14,102,73,6,181,102,181
1006782,ASAMBLEISTA POBLACION,32,Bolivia,1,Chuquisaca,1,Oropeza,1,Sucre,2794,Sucre,26372,Salón Multifuncional Sancho,1,142,1,0,34,1,0,0,23,0,0,0,0,0,0,0,0,20,79,51,4,134,79,134
1008042,ASAMBLEISTA POBLACION,32,Bolivia,1,Chuquisaca,1,Oropeza,1,Sucre,2794,Sucre,534,Escuela Tucsupaya,1,220,6,0,55,17,3,0,36,0,3,0,0,0,0,0,0,8,128,58,4,190,128,190
1008072,ASAMBLEISTA POBLACION,32,Bolivia,1,Chuquisaca,1,Oropeza,1,Sucre,2794,Sucre,534,Escuela Tucsupaya,4,220,6,0,32,11,3,0,43,0,1,0,0,0,0,0,0,15,111,73,12,196,111,196
1008092,ASAMBLEISTA POBLACION,32,Bolivia,1,Chuquisaca,1,Oropeza,1,Sucre,2794,Sucre,534,Escuela Tucsupaya,6,220,6,0,52,17,1,0,36,0,2,0,0,0,0,0,0,16,130,64,4,198,130,198
1008102,ASAMBLEISTA POBLACION,32,Bolivia,1,Chuquisaca,1,Oropeza,1,Sucre,2794,Sucre,534,Escuela Tucsupaya,7,220,6,0,54,19,2,0,28,0,2,0,0,0,0,0,0,11,122,62,2,186,122,186
1008152,ASAMBLEISTA POBLACION,32,Bolivia,1,Chuquisaca,1,Oropeza,1,Sucre,2794,Sucre,534,Escuela Tucsupaya,12,220,7,0,63,11,4,0,27,0,3,0,0,0,0,0,0,14,129,60,10,199,129,199
1008162,ASAMBLEISTA POBLACION,32,Bolivia,1,Chuquisaca,1,Oropeza,1,Sucre,2794,Sucre,534,Escuela Tucsupaya,13,220,6,0,45,15,1,0,46,0,1,0,0,0,0,0,0,8,122,72,10,204,122,204
1008192,ASAMBLEISTA POBLACION,32,Bolivia,1,Chuquisaca,1,Oropeza,1,Sucre,2794,Sucre,534,Escuela Tucsupaya,16,220,6,0,57,16,5,0,28,0,1,0,0,0,0,0,0,13,126,62,5,193,126,193
1008232,ASAMBLEISTA POBLACION,32,Bolivia,1,Chuquisaca,1,Oropeza,1,Sucre,2794,Sucre,25027,Salon Multifuncional El Niño,1,220,6,0,59,9,1,0,30,0,0,0,0,0,0,0,0,13,118,67,3,188,118,188
1008252,ASAMBLEISTA POBLACION,32,Bolivia,1,Chuquisaca,1,Oropeza,1,Sucre,2794,Sucre,25027,Salon Multifuncional El Niño,3,220,5,0,46,16,4,0,27,0,0,0,0,0,0,0,0,18,116,75,1,192,116,192
1008262,ASAMBLEISTA POBLACION,32,Bolivia,1,Chuquisaca,1,Oropeza,1,Sucre,2794,Sucre,25027,Salon Multifuncional El Niño,4,220,7,0,63,15,2,0,32,0,2,0,0,0,0,0,0,11,132,57,3,192,132,192
1008282,ASAMBLEISTA POBLACION,32,Bolivia,1,Chuquisaca,1,Oropeza,1,Sucre,2794,Sucre,25027,Salon Multifuncional El Niño,6,121,4,0,39,6,3,0,20,0,0,0,0,0,0,0,0,6,78,30,3,111,78,111
1010292,ASAMBLEISTA POBLACION,32,Bolivia,1,Chuquisaca,1,Oropeza,1,Sucre,2794,Sucre,26374,U.E. Kurusa Llawi,1,63,1,0,5,6,0,0,16,0,1,0,0,0,0,0,0,3,32,19,3,54,32,54
1010302,ASAMBLEISTA POBLACION,32,Bolivia,1,Chuquisaca,1,Oropeza,1,Sucre,2794,Sucre,26375,U.E. Tomas Katari Sucre,1,209,7,0,37,10,4,0,42,0,1,0,0,0,0,0,0,8,109,69,9,187,109,187
1000376,ALCALDESA/ALCALDE,32,Bolivia,1,Chuquisaca,1,Oropeza,1,Sucre,2794,Sucre,106,Kinder San Vicente De Paul,3,220,0,0,13,15,2,2,33,0,0,0,4,85,0,0,0,13,167,5,6,178,167,178
1000886,ALCALDESA/ALCALDE,32,Bolivia,1,Chuquisaca,1,Oropeza,1,Sucre,2794,Sucre,30013,Coliseo Col. San Cristobal (Temporal),2,220,0,0,8,16,5,1,31,0,1,0,4,95,0,0,0,7,168,2,3,173,168,173
1000906,ALCALDESA/ALCALDE,32,Bolivia,1,Chuquisaca,1,Oropeza,1,Sucre,2794,Sucre,30013,Coliseo Col. San Cristobal (Temporal),4,87,0,0,5,5,3,0,14,0,0,1,0,34,0,0,0,4,66,1,3,70,66,70
1000976,ALCALDESA/ALCALDE,32,Bolivia,1,Chuquisaca,1,Oropeza,1,Sucre,2794,Sucre,103,Esc. Mariscal De Ayacucho,1,220,0,0,9,7,3,0,27,0,2,0,1,123,0,0,0,8,180,3,4,187,180,187
1000986,ALCALDESA/ALCALDE,32,Bolivia,1,Chuquisaca,1,Oropeza,1,Sucre,2794,Sucre,103,Esc. Mariscal De Ayacucho,2,220,0,0,10,12,3,0,33,0,3,0,3,110,0,0,0,13,187,3,2,192,187,192
1001376,ALCALDESA/ALCALDE,32,Bolivia,1,Chuquisaca,1,Oropeza,1,Sucre,2794,Sucre,30001,Facultad de Tecnología Médica (Temporal),4,220,0,0,16,18,2,1,47,0,3,1,2,74,0,0,0,10,174,3,4,181,174,181
1001386,ALCALDESA/ALCALDE,32,Bolivia,1,Chuquisaca,1,Oropeza,1,Sucre,2794,Sucre,30001,Facultad de Tecnología Médica (Temporal),5,220,0,0,15,27,4,1,41,0,2,0,0,80,0,0,0,11,181,2,6,189,181,189
1001426,ALCALDESA/ALCALDE,32,Bolivia,1,Chuquisaca,1,Oropeza,1,Sucre,2794,Sucre,30001,Facultad de Tecnología Médica (Temporal),9,220,0,0,20,16,2,0,38,0,3,0,0,79,0,0,0,16,174,5,9,188,174,188
1001446,ALCALDESA/ALCALDE,32,Bolivia,1,Chuquisaca,1,Oropeza,1,Sucre,2794,Sucre,30009,Coliseo San José (Temporal),1,220,0,0,12,24,1,6,35,0,5,0,3,74,0,0,0,9,169,2,8,179,169,179
1001456,ALCALDESA/ALCALDE,32,Bolivia,1,Chuquisaca,1,Oropeza,1,Sucre,2794,Sucre,30009,Coliseo San José (Temporal),2,220,0,0,19,12,0,1,46,0,2,0,2,78,0,0,0,15,175,1,12,188,175,188
1001466,ALCALDESA/ALCALDE,32,Bolivia,1,Chuquisaca,1,Oropeza,1,Sucre,2794,Sucre,30009,Coliseo San José (Temporal),3,220,0,0,20,17,2,2,56,0,1,0,4,60,0,0,0,16,178,3,6,187,178,187
1001476,ALCALDESA/ALCALDE,32,Bolivia,1,Chuquisaca,1,Oropeza,1,Sucre,2794,Sucre,30009,Coliseo San José (Temporal),4,238,0,0,19,19,6,2,57,0,1,0,1,81,0,0,0,13,199,1,3,203,199,203
1001546,ALCALDESA/ALCALDE,32,Bolivia,1,Chuquisaca,1,Oropeza,1,Sucre,2794,Sucre,210,Esc. Josefina Goytia,2,220,0,0,16,20,4,2,59,0,2,0,3,66,0,0,0,10,182,5,4,191,182,191
1001556,ALCALDESA/ALCALDE,32,Bolivia,1,Chuquisaca,1,Oropeza,1,Sucre,2794,Sucre,210,Esc. Josefina Goytia,3,220,0,0,11,20,6,0,54,0,0,0,6,71,0,0,0,7,175,2,9,186,175,186
1001566,ALCALDESA/ALCALDE,32,Bolivia,1,Chuquisaca,1,Oropeza,1,Sucre,2794,Sucre,210,Esc. Josefina Goytia,4,220,0,0,19,16,1,0,65,0,1,0,4,65,0,0,0,12,183,4,14,201,183,201
1001576,ALCALDESA/ALCALDE,32,Bolivia,1,Chuquisaca,1,Oropeza,1,Sucre,2794,Sucre,210,Esc. Josefina Goytia,5,220,0,0,17,21,7,2,51,0,6,1,1,58,0,0,0,6,170,4,8,182,170,182
1001596,ALCALDESA/ALCALDE,32,Bolivia,1,Chuquisaca,1,Oropeza,1,Sucre,2794,Sucre,210,Esc. Josefina Goytia,7,220,0,0,18,9,3,0,42,0,2,1,1,84,0,0,0,17,177,4,5,186,177,186
1001606,ALCALDESA/ALCALDE,32,Bolivia,1,Chuquisaca,1,Oropeza,1,Sucre,2794,Sucre,210,Esc. Josefina Goytia,8,220,0,0,17,11,1,0,59,0,4,0,4,65,0,0,0,20,181,0,7,188,181,188
1001616,ALCALDESA/ALCALDE,32,Bolivia,1,Chuquisaca,1,Oropeza,1,Sucre,2794,Sucre,210,Esc. Josefina Goytia,9,207,0,0,12,17,0,1,47,0,2,0,0,79,0,0,0,6,164,2,9,175,164,175
1003526,ALCALDESA/ALCALDE,32,Bolivia,1,Chuquisaca,1,Oropeza,1,Sucre,2794,Sucre,407,Estadium Patria,5,220,0,0,11,14,3,1,50,0,4,0,4,62,0,0,0,13,162,2,11,175,162,175
1003696,ALCALDESA/ALCALDE,32,Bolivia,1,Chuquisaca,1,Oropeza,1,Sucre,2794,Sucre,529,Iglesia San Matías,4,220,0,0,11,24,3,1,50,0,3,0,3,80,0,0,0,5,180,3,4,187,180,187
1003706,ALCALDESA/ALCALDE,32,Bolivia,1,Chuquisaca,1,Oropeza,1,Sucre,2794,Sucre,529,Iglesia San Matías,5,220,0,0,18,17,2,1,31,0,4,0,2,92,0,0,0,17,184,4,5,193,184,193
1003736,ALCALDESA/ALCALDE,32,Bolivia,1,Chuquisaca,1,Oropeza,1,Sucre,2794,Sucre,529,Iglesia San Matías,8,225,0,0,17,28,4,2,52,0,5,0,6,63,0,0,0,9,186,5,8,199,186,199
1003816,ALCALDESA/ALCALDE,32,Bolivia,1,Chuquisaca,1,Oropeza,1,Sucre,2794,Sucre,25530,Campo Deportivo Noria Alta,8,41,0,0,4,3,0,0,13,0,0,0,0,12,0,0,0,2,34,0,1,35,34,35
1003826,ALCALDESA/ALCALDE,32,Bolivia,1,Chuquisaca,1,Oropeza,1,Sucre,2794,Sucre,25577,U.E. Cristo Rey,1,106,0,0,4,13,1,0,25,0,0,1,0,35,0,0,0,1,80,1,0,81,80,81
1004876,ALCALDESA/ALCALDE,32,Bolivia,1,Chuquisaca,1,Oropeza,1,Sucre,2794,Sucre,30011,Campo Deportivo SETESUR (Temporal),2,220,0,0,25,22,0,1,48,0,1,0,0,72,0,0,0,16,185,3,4,192,185,192
1004886,ALCALDESA/ALCALDE,32,Bolivia,1,Chuquisaca,1,Oropeza,1,Sucre,2794,Sucre,30011,Campo Deportivo SETESUR (Temporal),3,220,0,0,16,17,0,1,49,0,1,0,0,70,0,0,0,19,173,5,11,189,173,189
1006786,ALCALDESA/ALCALDE,32,Bolivia,1,Chuquisaca,1,Oropeza,1,Sucre,2794,Sucre,26372,Salón Multifuncional Sancho,1,142,0,0,11,6,1,1,50,0,0,0,0,38,0,0,0,10,117,3,14,134,117,134
1008056,ALCALDESA/ALCALDE,32,Bolivia,1,Chuquisaca,1,Oropeza,1,Sucre,2794,Sucre,534,Escuela Tucsupaya,2,220,0,0,10,19,4,1,53,0,2,2,4,62,0,0,0,17,174,3,10,187,174,187
1008086,ALCALDESA/ALCALDE,32,Bolivia,1,Chuquisaca,1,Oropeza,1,Sucre,2794,Sucre,534,Escuela Tucsupaya,5,220,0,0,19,17,0,0,56,0,6,1,7,45,0,0,0,9,160,6,19,185,160,185
1008096,ALCALDESA/ALCALDE,32,Bolivia,1,Chuquisaca,1,Oropeza,1,Sucre,2794,Sucre,534,Escuela Tucsupaya,6,220,0,0,9,28,3,2,55,0,2,0,2,69,0,0,0,11,181,8,9,198,181,198
1008106,ALCALDESA/ALCALDE,32,Bolivia,1,Chuquisaca,1,Oropeza,1,Sucre,2794,Sucre,534,Escuela Tucsupaya,7,220,0,0,16,17,4,1,58,0,3,1,6,56,0,0,0,15,177,3,6,186,177,186
1008136,ALCALDESA/ALCALDE,32,Bolivia,1,Chuquisaca,1,Oropeza,1,Sucre,2794,Sucre,534,Escuela Tucsupaya,10,220,0,0,8,12,1,3,81,0,3,1,8,46,0,0,0,9,172,4,17,193,172,193
1008156,ALCALDESA/ALCALDE,32,Bolivia,1,Chuquisaca,1,Oropeza,1,Sucre,2794,Sucre,534,Escuela Tucsupaya,12,220,0,0,17,18,1,3,47,0,2,0,3,67,0,0,0,16,174,7,18,199,174,199
1008166,ALCALDESA/ALCALDE,32,Bolivia,1,Chuquisaca,1,Oropeza,1,Sucre,2794,Sucre,534,Escuela Tucsupaya,13,220,0,0,12,30,1,1,65,0,3,0,2,54,0,0,0,8,176,9,19,204,176,204
1008176,ALCALDESA/ALCALDE,32,Bolivia,1,Chuquisaca,1,Oropeza,1,Sucre,2794,Sucre,534,Escuela Tucsupaya,14,220,0,0,12,25,2,1,57,0,1,0,4,45,0,0,0,10,157,4,17,178,157,178
1008186,ALCALDESA/ALCALDE,32,Bolivia,1,Chuquisaca,1,Oropeza,1,Sucre,2794,Sucre,534,Escuela Tucsupaya,15,220,0,0,19,22,1,0,64,0,3,0,2,53,0,0,0,7,171,5,6,182,171,182
1008196,ALCALDESA/ALCALDE,32,Bolivia,1,Chuquisaca,1,Oropeza,1,Sucre,2794,Sucre,534,Escuela Tucsupaya,16,220,0,0,25,14,2,0,60,0,3,1,3,64,0,0,0,7,179,2,12,193,179,193
1008206,ALCALDESA/ALCALDE,32,Bolivia,1,Chuquisaca,1,Oropeza,1,Sucre,2794,Sucre,534,Escuela Tucsupaya,17,220,0,0,24,11,3,2,57,0,7,0,4,47,0,0,0,10,165,8,14,187,165,187
1008216,ALCALDESA/ALCALDE,32,Bolivia,1,Chuquisaca,1,Oropeza,1,Sucre,2794,Sucre,534,Escuela Tucsupaya,18,220,0,0,19,28,5,3,51,0,7,0,2,49,0,0,0,10,174,10,9,193,174,193
1008226,ALCALDESA/ALCALDE,32,Bolivia,1,Chuquisaca,1,Oropeza,1,Sucre,2794,Sucre,534,Escuela Tucsupaya,19,44,0,0,0,1,0,0,11,0,3,0,0,16,0,0,0,2,33,1,3,37,33,37
1008236,ALCALDESA/ALCALDE,32,Bolivia,1,Chuquisaca,1,Oropeza,1,Sucre,2794,Sucre,25027,Salon Multifuncional El Niño,1,220,0,0,17,13,1,0,48,0,3,0,3,78,0,0,0,14,177,4,7,188,177,188
1008246,ALCALDESA/ALCALDE,32,Bolivia,1,Chuquisaca,1,Oropeza,1,Sucre,2794,Sucre,25027,Salon Multifuncional El Niño,2,220,0,0,17,11,2,0,44,0,2,0,5,81,0,0,0,14,176,5,7,188,176,188
1008256,ALCALDESA/ALCALDE,32,Bolivia,1,Chuquisaca,1,Oropeza,1,Sucre,2794,Sucre,25027,Salon Multifuncional El Niño,3,220,0,0,19,24,3,2,58,0,4,0,0,61,0,0,0,12,183,1,8,192,183,192
1008276,ALCALDESA/ALCALDE,32,Bolivia,1,Chuquisaca,1,Oropeza,1,Sucre,2794,Sucre,25027,Salon Multifuncional El Niño,5,220,0,0,14,21,1,1,52,0,3,0,4,70,0,0,0,15,181,3,4,188,181,188
1008286,ALCALDESA/ALCALDE,32,Bolivia,1,Chuquisaca,1,Oropeza,1,Sucre,2794,Sucre,25027,Salon Multifuncional El Niño,6,121,0,0,12,11,1,0,35,0,1,0,1,41,0,0,0,3,105,3,3,111,105,111
1010296,ALCALDESA/ALCALDE,32,Bolivia,1,Chuquisaca,1,Oropeza,1,Sucre,2794,Sucre,26374,U.E. Kurusa Llawi,1,63,0,0,1,9,1,1,19,0,3,0,1,7,0,0,0,3,45,4,5,54,45,54
1010306,ALCALDESA/ALCALDE,32,Bolivia,1,Chuquisaca,1,Oropeza,1,Sucre,2794,Sucre,26375,U.E. Tomas Katari Sucre,1,209,0,0,12,20,3,1,69,0,2,1,2,27,0,0,0,11,148,10,29,187,148,187
1000376,CONCEJALES,32,Bolivia,1,Chuquisaca,1,Oropeza,1,Sucre,2794,Sucre,106,Kinder San Vicente De Paul,3,220,0,0,11,14,4,0,28,0,0,0,4,67,0,0,0,10,138,35,5,178,138,178
1000886,CONCEJALES,32,Bolivia,1,Chuquisaca,1,Oropeza,1,Sucre,2794,Sucre,30013,Coliseo Col. San Cristobal (Temporal),2,220,0,0,8,24,2,0,17,0,1,0,3,67,0,0,0,8,130,41,2,173,130,173
1000906,CONCEJALES,32,Bolivia,1,Chuquisaca,1,Oropeza,1,Sucre,2794,Sucre,30013,Coliseo Col. San Cristobal (Temporal),4,87,0,0,4,8,2,0,11,0,0,1,0,25,0,0,0,3,54,14,2,70,54,70
1000976,CONCEJALES,32,Bolivia,1,Chuquisaca,1,Oropeza,1,Sucre,2794,Sucre,103,Esc. Mariscal De Ayacucho,1,220,0,0,9,10,7,0,19,0,2,0,1,105,0,0,0,8,161,23,3,187,161,187
1000986,CONCEJALES,32,Bolivia,1,Chuquisaca,1,Oropeza,1,Sucre,2794,Sucre,103,Esc. Mariscal De Ayacucho,2,220,0,0,8,14,7,0,23,0,3,0,2,92,0,0,0,17,166,23,3,192,166,192
1001376,CONCEJALES,32,Bolivia,1,Chuquisaca,1,Oropeza,1,Sucre,2794,Sucre,30001,Facultad de Tecnología Médica (Temporal),4,220,0,0,16,24,3,0,33,0,3,1,3,49,0,0,0,10,142,34,5,181,142,181
1001386,CONCEJALES,32,Bolivia,1,Chuquisaca,1,Oropeza,1,Sucre,2794,Sucre,30001,Facultad de Tecnología Médica (Temporal),5,220,0,0,14,24,6,0,31,0,4,0,1,51,0,0,0,11,142,40,7,189,142,189
1001426,CONCEJALES,32,Bolivia,1,Chuquisaca,1,Oropeza,1,Sucre,2794,Sucre,30001,Facultad de Tecnología Médica (Temporal),9,220,0,0,19,19,1,0,30,0,3,1,0,54,0,0,0,14,141,41,6,188,141,188
1001446,CONCEJALES,32,Bolivia,1,Chuquisaca,1,Oropeza,1,Sucre,2794,Sucre,30009,Coliseo San José (Temporal),1,220,0,0,18,24,1,0,25,0,3,0,2,48,0,0,0,15,136,36,7,179,136,179
1001456,CONCEJALES,32,Bolivia,1,Chuquisaca,1,Oropeza,1,Sucre,2794,Sucre,30009,Coliseo San José (Temporal),2,220,0,0,17,20,0,0,33,0,4,0,2,59,0,0,0,14,149,36,3,188,149,188
1001466,CONCEJALES,32,Bolivia,1,Chuquisaca,1,Oropeza,1,Sucre,2794,Sucre,30009,Coliseo San José (Temporal),3,220,0,0,15,19,0,0,46,0,1,0,6,46,0,0,0,9,142,41,4,187,142,187
1001476,CONCEJALES,32,Bolivia,1,Chuquisaca,1,Oropeza,1,Sucre,2794,Sucre,30009,Coliseo San José (Temporal),4,238,0,0,26,23,5,0,30,0,3,1,2,54,0,0,0,11,155,45,3,203,155,203
1001546,CONCEJALES,32,Bolivia,1,Chuquisaca,1,Oropeza,1,Sucre,2794,Sucre,210,Esc. Josefina Goytia,2,220,0,0,19,15,1,0,44,0,0,0,4,47,0,0,0,12,142,45,4,191,142,191
1001556,CONCEJALES,32,Bolivia,1,Chuquisaca,1,Oropeza,1,Sucre,2794,Sucre,210,Esc. Josefina Goytia,3,220,0,0,14,21,5,0,38,0,1,1,7,43,0,0,0,7,137,44,5,186,137,186
1001566,CONCEJALES,32,Bolivia,1,Chuquisaca,1,Oropeza,1,Sucre,2794,Sucre,210,Esc. Josefina Goytia,4,220,0,0,22,16,1,0,48,0,2,0,3,38,0,0,0,14,144,46,11,201,144,201
1001576,CONCEJALES,32,Bolivia,1,Chuquisaca,1,Oropeza,1,Sucre,2794,Sucre,210,Esc. Josefina Goytia,5,220,0,0,15,22,6,0,42,0,1,1,2,42,0,0,0,10,141,37,4,182,141,182
1001596,CONCEJALES,32,Bolivia,1,Chuquisaca,1,Oropeza,1,Sucre,2794,Sucre,210,Esc. Josefina Goytia,7,220,0,0,15,13,6,0,31,0,4,1,1,56,0,0,0,16,143,37,6,186,143,186
1001606,CONCEJALES,32,Bolivia,1,Chuquisaca,1,Oropeza,1,Sucre,2794,Sucre,210,Esc. Josefina Goytia,8,220,0,0,18,19,3,0,48,0,2,1,5,42,0,0,0,13,151,33,4,188,151,188
1001616,CONCEJALES,32,Bolivia,1,Chuquisaca,1,Oropeza,1,Sucre,2794,Sucre,210,Esc. Josefina Goytia,9,207,0,0,12,24,2,0,35,0,2,0,1,61,0,0,0,8,145,26,4,175,145,175
1003526,CONCEJALES,32,Bolivia,1,Chuquisaca,1,Oropeza,1,Sucre,2794,Sucre,407,Estadium Patria,5,220,0,0,10,17,1,0,35,0,2,2,5,44,0,0,0,13,129,40,6,175,129,175
1003696,CONCEJALES,32,Bolivia,1,Chuquisaca,1,Oropeza,1,Sucre,2794,Sucre,529,Iglesia San Matías,4,220,0,0,9,27,4,0,38,0,3,0,7,52,0,0,0,6,146,39,2,187,146,187
1003706,CONCEJALES,32,Bolivia,1,Chuquisaca,1,Oropeza,1,Sucre,2794,Sucre,529,Iglesia San Matías,5,220,0,0,20,21,2,0,26,0,2,1,3,65,0,0,0,13,153,33,7,193,153,193
1003736,CONCEJALES,32,Bolivia,1,Chuquisaca,1,Oropeza,1,Sucre,2794,Sucre,529,Iglesia San Matías,8,225,0,0,19,32,1,0,38,0,1,0,6,45,0,0,0,10,152,44,3,199,152,199
1003816,CONCEJALES,32,Bolivia,1,Chuquisaca,1,Oropeza,1,Sucre,2794,Sucre,25530,Campo Deportivo Noria Alta,8,41,0,0,2,7,0,0,10,0,0,0,1,9,0,0,0,1,30,5,0,35,30,35
1003826,CONCEJALES,32,Bolivia,1,Chuquisaca,1,Oropeza,1,Sucre,2794,Sucre,25577,U.E. Cristo Rey,1,106,0,0,5,15,1,0,18,0,0,1,0,20,0,0,0,5,65,16,0,81,65,81
1004876,CONCEJALES,32,Bolivia,1,Chuquisaca,1,Oropeza,1,Sucre,2794,Sucre,30011,Campo Deportivo SETESUR (Temporal),2,220,0,0,23,22,0,0,33,0,2,1,0,43,0,0,0,15,139,47,6,192,139,192
1004886,CONCEJALES,32,Bolivia,1,Chuquisaca,1,Oropeza,1,Sucre,2794,Sucre,30011,Campo Deportivo SETESUR (Temporal),3,220,0,0,18,17,0,0,37,0,2,0,0,48,0,0,0,15,137,43,9,189,137,189
1006786,CONCEJALES,32,Bolivia,1,Chuquisaca,1,Oropeza,1,Sucre,2794,Sucre,26372,Salón Multifuncional Sancho,1,142,0,0,11,5,2,0,34,0,0,0,0,25,0,0,0,10,87,40,7,134,87,134
1008056,CONCEJALES,32,Bolivia,1,Chuquisaca,1,Oropeza,1,Sucre,2794,Sucre,534,Escuela Tucsupaya,2,220,0,0,8,20,5,0,38,0,0,2,3,46,0,0,0,18,140,40,7,187,140,187
1008086,CONCEJALES,32,Bolivia,1,Chuquisaca,1,Oropeza,1,Sucre,2794,Sucre,534,Escuela Tucsupaya,5,220,0,0,13,16,1,0,42,0,4,1,6,33,0,0,0,7,123,50,12,185,123,185
1008096,CONCEJALES,32,Bolivia,1,Chuquisaca,1,Oropeza,1,Sucre,2794,Sucre,534,Escuela Tucsupaya,6,220,0,0,11,25,3,0,43,0,2,0,3,45,0,0,0,10,142,52,4,198,142,198
1008106,CONCEJALES,32,Bolivia,1,Chuquisaca,1,Oropeza,1,Sucre,2794,Sucre,534,Escuela Tucsupaya,7,220,0,0,14,17,5,0,41,0,3,2,5,42,0,0,0,10,139,45,2,186,139,186
1008136,CONCEJALES,32,Bolivia,1,Chuquisaca,1,Oropeza,1,Sucre,2794,Sucre,534,Escuela Tucsupaya,10,220,0,0,11,18,4,0,60,0,2,0,4,29,0,0,0,8,136,47,10,193,136,193
1008156,CONCEJALES,32,Bolivia,1,Chuquisaca,1,Oropeza,1,Sucre,2794,Sucre,534,Escuela Tucsupaya,12,220,0,0,19,16,2,0,35,0,2,0,3,51,0,0,0,14,142,44,13,199,142,199
1008166,CONCEJALES,32,Bolivia,1,Chuquisaca,1,Oropeza,1,Sucre,2794,Sucre,534,Escuela Tucsupaya,13,220,0,0,11,23,2,0,55,0,0,0,1,40,0,0,0,3,135,53,16,204,135,204
1008176,CONCEJALES,32,Bolivia,1,Chuquisaca,1,Oropeza,1,Sucre,2794,Sucre,534,Escuela Tucsupaya,14,220,0,0,12,26,5,0,45,0,1,0,3,21,0,0,0,9,122,45,11,178,122,178
1008186,CONCEJALES,32,Bolivia,1,Chuquisaca,1,Oropeza,1,Sucre,2794,Sucre,534,Escuela Tucsupaya,15,220,0,0,18,20,5,0,46,0,2,0,6,32,0,0,0,7,136,44,2,182,136,182
1008196,CONCEJALES,32,Bolivia,1,Chuquisaca,1,Oropeza,1,Sucre,2794,Sucre,534,Escuela Tucsupaya,16,220,0,0,22,20,5,0,41,0,1,5,3,40,0,0,0,3,140,48,5,193,140,193
1008206,CONCEJALES,32,Bolivia,1,Chuquisaca,1,Oropeza,1,Sucre,2794,Sucre,534,Escuela Tucsupaya,17,220,0,0,21,14,4,0,37,0,0,0,3,39,0,0,0,4,122,53,12,187,122,187
1008216,CONCEJALES,32,Bolivia,1,Chuquisaca,1,Oropeza,1,Sucre,2794,Sucre,534,Escuela Tucsupaya,18,220,0,0,21,27,3,0,39,0,4,0,1,36,0,0,0,7,138,47,8,193,138,193
1008226,CONCEJALES,32,Bolivia,1,Chuquisaca,1,Oropeza,1,Sucre,2794,Sucre,534,Escuela Tucsupaya,19,44,0,0,2,3,0,0,6,0,1,0,0,13,0,0,0,3,28,7,2,37,28,37
1008236,CONCEJALES,32,Bolivia,1,Chuquisaca,1,Oropeza,1,Sucre,2794,Sucre,25027,Salon Multifuncional El Niño,1,220,0,0,14,11,1,0,37,0,3,0,4,59,0,0,0,17,146,39,3,188,146,188
1008246,CONCEJALES,32,Bolivia,1,Chuquisaca,1,Oropeza,1,Sucre,2794,Sucre,25027,Salon Multifuncional El Niño,2,220,0,0,16,10,1,0,30,0,1,0,3,68,0,0,0,13,142,41,5,188,142,188
1008256,CONCEJALES,32,Bolivia,1,Chuquisaca,1,Oropeza,1,Sucre,2794,Sucre,25027,Salon Multifuncional El Niño,3,220,0,0,14,21,3,0,47,0,1,0,0,40,0,0,0,13,139,51,2,192,139,192
1008276,CONCEJALES,32,Bolivia,1,Chuquisaca,1,Oropeza,1,Sucre,2794,Sucre,25027,Salon Multifuncional El Niño,5,220,0,0,13,20,2,0,34,0,2,0,2,48,0,0,0,17,138,49,1,188,138,188
1008286,CONCEJALES,32,Bolivia,1,Chuquisaca,1,Oropeza,1,Sucre,2794,Sucre,25027,Salon Multifuncional El Niño,6,121,0,0,18,10,0,0,24,0,0,0,1,32,0,0,0,3,88,21,2,111,88,111
1010296,CONCEJALES,32,Bolivia,1,Chuquisaca,1,Oropeza,1,Sucre,2794,Sucre,26374,U.E. Kurusa Llawi,1,63,0,0,0,9,0,0,18,0,3,0,1,4,0,0,0,4,39,12,3,54,39,54
1010306,CONCEJALES,32,Bolivia,1,Chuquisaca,1,Oropeza,1,Sucre,2794,Sucre,26375,U.E. Tomas Katari Sucre,1,209,0,0,11,11,3,0,49,0,0,1,5,17,0,0,0,7,104,66,17,187,104,187
