CODIGO_MESA,DESCRIPCION,CODIGO_PAIS,NOMBRE_PAIS,CODIGO_DEPARTAMENTO,NOMBRE_DEPARTAMENTO,CODIGO_PROVINCIA,NOMBRE_PROVINCIA,CODIGO_SECCION,NOMBRE_MUNICIPIO,CODIGO_LOCALIDAD,NOMBRE_LOCALIDAD,CODIGO_RECINTO,NOMBRE_RECINTO,NUMERO_MESA,INSCRITOS_HABILITADOS,ADN,A.A.O.Q,AS,AINI,C-A,CAOCH,C.G.J.A.P.,CONACH-W,FPV,JAY,MAS-IPSP,MCP,DEMOCRATAS,MOP,MTS,PAN-BOL,PSR,PU,UCS,PUKA SUNQU,VOTO_VALIDO,VOTO_BLANCO,VOTO_NULO,VOTO_EMITIDO,VOTO_VALIDO_SISTEMA,VOTO_EMITIDO_SISTEMA
5000022,GOBERNADOR(A),32,Bolivia,5,Potosí,1,Tomás Frías,1,Potosí,1494,Potosí,36,Kinder Ismael Montes,2,220,0,0,13,0,2,0,0,0,1,0,38,0,10,21,0,71,0,0,0,10,166,8,16,190,166,190
5000492,GOBERNADOR(A),32,Bolivia,5,Potosí,1,Tomás Frías,1,Potosí,1494,Potosí,25047,U.E. Dr. Gonzalo Calderon Rios,1,220,0,0,32,0,3,0,0,0,1,0,47,0,9,13,3,43,0,0,0,19,170,12,8,190,170,190
5000512,GOBERNADOR(A),32,Bolivia,5,Potosí,1,Tomás Frías,1,Potosí,1494,Potosí,25047,U.E. Dr. Gonzalo Calderon Rios,3,220,0,0,34,0,2,0,0,0,1,0,51,0,10,8,1,47,0,0,0,9,163,15,16,194,163,194
5000552,GOBERNADOR(A),32,Bolivia,5,Potosí,1,Tomás Frías,1,Potosí,1494,Potosí,25047,U.E. Dr. Gonzalo Calderon Rios,7,45,0,0,6,0,0,0,0,0,0,0,9,0,1,0,0,9,0,0,0,3,28,6,5,39,28,39
5000722,GOBERNADOR(A),32,Bolivia,5,Potosí,1,Tomás Frías,1,Potosí,1494,Potosí,31103,"U. E. Elizardo Perez, Villa Victoria (Temporal)",8,220,0,0,24,0,2,0,0,0,0,0,44,0,3,17,7,57,0,0,0,21,175,16,9,200,175,200
5000772,GOBERNADOR(A),32,Bolivia,5,Potosí,1,Tomás Frías,1,Potosí,1494,Potosí,31103,"U. E. Elizardo Perez, Villa Victoria (Temporal)",13,220,0,0,30,0,0,0,0,0,1,0,42,0,3,12,3,65,0,0,0,8,164,12,20,196,164,196
5000832,GOBERNADOR(A),32,Bolivia,5,Potosí,1,Tomás Frías,1,Potosí,1494,Potosí,25037,Esc. Jose Maria Linares,1,220,0,0,27,0,3,0,0,0,3,0,26,0,3,12,2,90,0,0,0,13,179,4,8,191,179,191
5000892,GOBERNADOR(A),32,Bolivia,5,Potosí,1,Tomás Frías,1,Potosí,1494,Potosí,25037,Esc. Jose Maria Linares,7,220,0,0,15,0,5,0,0,0,0,0,28,0,3,21,0,85,0,0,0,11,168,11,18,197,168,197
5000912,GOBERNADOR(A),32,Bolivia,5,Potosí,1,Tomás Frías,1,Potosí,1494,Potosí,25037,Esc. Jose Maria Linares,9,220,0,0,15,0,2,0,0,0,1,0,25,0,8,16,3,95,0,0,0,5,170,14,8,192,170,192
5000932,GOBERNADOR(A),32,Bolivia,5,Potosí,1,Tomás Frías,1,Potosí,1494,Potosí,25037,Esc. Jose Maria Linares,11,220,0,0,33,0,1,0,0,0,0,0,28,0,5,12,1,75,0,0,0,5,160,13,14,187,160,187
5000942,GOBERNADOR(A),32,Bolivia,5,Potosí,1,Tomás Frías,1,Potosí,1494,Potosí,25037,Esc. Jose Maria Linares,12,35,0,0,3,0,0,0,0,0,0,0,5,0,0,0,0,15,0,0,0,1,24,4,1,29,24,29
5000982,GOBERNADOR(A),32,Bolivia,5,Potosí,1,Tomás Frías,1,Potosí,1494,Potosí,30,Unid. Educ. Oscar Alfaro,4,220,0,0,25,0,1,0,0,0,0,0,19,0,3,26,1,88,0,0,0,11,174,8,9,191,174,191
5001012,GOBERNADOR(A),32,Bolivia,5,Potosí,1,Tomás Frías,1,Potosí,1494,Potosí,25052,U.E. 1º de Mayo San Idelfonso,1,35,0,0,13,0,1,0,0,0,0,0,7,0,2,0,1,4,0,0,0,0,28,2,4,34,28,34
5001022,GOBERNADOR(A),32,Bolivia,5,Potosí,1,Tomás Frías,1,Potosí,1494,Potosí,15,Esc. Benicio Montero Mallo,1,220,0,0,19,0,3,0,0,0,0,0,33,0,9,13,2,69,0,0,0,12,160,15,8,183,160,183
5001032,GOBERNADOR(A),32,Bolivia,5,Potosí,1,Tomás Frías,1,Potosí,1494,Potosí,15,Esc. Benicio Montero Mallo,2,220,0,0,20,0,2,0,0,0,0,0,26,0,4,20,1,91,0,0,0,10,174,10,12,196,174,196
5001062,GOBERNADOR(A),32,Bolivia,5,Potosí,1,Tomás Frías,1,Potosí,1494,Potosí,15,Esc. Benicio Montero Mallo,5,220,0,0,19,0,4,0,0,0,2,0,32,0,3,12,1,77,0,0,0,10,160,12,19,191,160,191
5001072,GOBERNADOR(A),32,Bolivia,5,Potosí,1,Tomás Frías,1,Potosí,1494,Potosí,15,Esc. Benicio Montero Mallo,6,220,0,0,20,0,2,0,0,0,1,0,20,0,8,19,0,99,0,0,0,6,175,10,14,199,175,199
5001922,GOBERNADOR(A),32,Bolivia,5,Potosí,1,Tomás Frías,1,Potosí,1494,Potosí,18,Esc. Jose A.Zampa,5,220,0,0,29,0,1,0,0,0,1,0,24,0,4,13,1,86,0,0,0,18,177,9,11,197,177,197
5001932,GOBERNADOR(A),32,Bolivia,5,Potosí,1,Tomás Frías,1,Potosí,1494,Potosí,18,Esc. Jose A.Zampa,6,220,0,0,18,0,2,0,0,0,0,0,28,0,6,8,2,85,0,0,0,6,155,12,19,186,155,186
5001942,GOBERNADOR(A),32,Bolivia,5,Potosí,1,Tomás Frías,1,Potosí,1494,Potosí,18,Esc. Jose A.Zampa,7,220,0,0,27,0,1,0,0,0,0,0,26,0,3,14,0,86,0,0,0,9,166,11,11,188,166,188
5001952,GOBERNADOR(A),32,Bolivia,5,Potosí,1,Tomás Frías,1,Potosí,1494,Potosí,18,Esc. Jose A.Zampa,8,137,0,0,17,0,2,0,0,0,0,0,21,0,1,14,0,45,0,0,0,10,110,8,3,121,110,121
5001992,GOBERNADOR(A),32,Bolivia,5,Potosí,1,Tomás Frías,1,Potosí,1494,Potosí,19,Coleg. Cristo Maestro,4,220,0,0,12,0,3,0,0,0,1,0,24,0,8,11,2,89,0,0,0,14,164,5,7,176,164,176
5002002,GOBERNADOR(A),32,Bolivia,5,Potosí,1,Tomás Frías,1,Potosí,1494,Potosí,19,Coleg. Cristo Maestro,5,220,0,0,15,0,3,0,0,0,2,0,44,0,4,12,1,63,0,0,0,7,151,6,14,171,151,171
5002012,GOBERNADOR(A),32,Bolivia,5,Potosí,1,Tomás Frías,1,Potosí,1494,Potosí,19,Coleg. Cristo Maestro,6,220,0,0,17,0,0,0,0,0,1,0,21,0,9,19,3,89,0,0,0,10,169,6,11,186,169,186
5002032,GOBERNADOR(A),32,Bolivia,5,Potosí,1,Tomás Frías,1,Potosí,1494,Potosí,19,Coleg. Cristo Maestro,8,215,0,0,9,0,4,0,0,0,0,0,33,0,6,20,0,81,0,0,0,11,164,4,14,182,164,182
5002332,GOBERNADOR(A),32,Bolivia,5,Potosí,1,Tomás Frías,1,Potosí,1494,Potosí,10,Coleg. Bancario,1,220,0,0,19,0,4,0,0,0,2,0,28,0,8,23,0,79,0,0,0,15,178,5,10,193,178,193
5002352,GOBERNADOR(A),32,Bolivia,5,Potosí,1,Tomás Frías,1,Potosí,1494,Potosí,10,Coleg. Bancario,3,220,0,0,14,0,3,0,0,0,2,0,34,0,7,21,2,89,0,0,0,6,178,9,7,194,178,194
5002382,GOBERNADOR(A),32,Bolivia,5,Potosí,1,Tomás Frías,1,Potosí,1494,Potosí,27,Coleg. Don Bosco,1,220,0,0,11,0,4,0,0,0,0,0,17,0,6,21,0,104,0,0,0,9,172,6,12,190,172,190
5002402,GOBERNADOR(A),32,Bolivia,5,Potosí,1,Tomás Frías,1,Potosí,1494,Potosí,27,Coleg. Don Bosco,3,220,0,0,19,0,3,0,0,0,2,0,21,0,3,16,3,103,0,0,0,8,178,5,7,190,178,190
5002412,GOBERNADOR(A),32,Bolivia,5,Potosí,1,Tomás Frías,1,Potosí,1494,Potosí,27,Coleg. Don Bosco,4,220,0,0,9,0,3,0,0,0,0,0,23,0,9,28,3,87,0,0,0,5,167,8,7,182,167,182
5002472,GOBERNADOR(A),32,Bolivia,5,Potosí,1,Tomás Frías,1,Potosí,1494,Potosí,572,Esc. Salvador Revilla,3,220,0,0,10,0,4,0,0,0,2,0,36,0,9,24,0,84,0,0,0,7,176,2,17,195,176,195
5002482,GOBERNADOR(A),32,Bolivia,5,Potosí,1,Tomás Frías,1,Potosí,1494,Potosí,572,Esc. Salvador Revilla,4,220,0,0,7,0,2,0,0,0,3,0,19,0,3,21,1,110,0,0,0,8,174,12,10,196,174,196
5002662,GOBERNADOR(A),32,Bolivia,5,Potosí,1,Tomás Frías,1,Potosí,1494,Potosí,7,Esc. Antonio Quijarro,3,115,0,0,16,0,1,0,0,0,0,0,6,0,5,11,1,52,0,0,0,4,96,1,4,101,96,101
5003302,GOBERNADOR(A),32,Bolivia,5,Potosí,1,Tomás Frías,1,Potosí,1494,Potosí,25039,Col. Aniceto Arce,1,220,0,0,9,0,10,0,0,0,1,0,30,0,6,23,2,93,0,0,0,6,180,2,11,193,180,193
5003322,GOBERNADOR(A),32,Bolivia,5,Potosí,1,Tomás Frías,1,Potosí,1494,Potosí,25039,Col. Aniceto Arce,3,220,0,0,18,0,3,0,0,0,1,0,21,0,1,23,0,74,0,0,0,4,145,9,34,188,145,188
5003332,GOBERNADOR(A),32,Bolivia,5,Potosí,1,Tomás Frías,1,Potosí,1494,Potosí,25039,Col. Aniceto Arce,4,220,0,0,18,0,3,0,0,0,1,0,36,0,6,30,0,72,0,0,0,5,171,12,5,188,171,188
5003392,GOBERNADOR(A),32,Bolivia,5,Potosí,1,Tomás Frías,1,Potosí,1494,Potosí,31114,Kindergarten Potosí (Temporal),1,220,0,0,23,0,2,0,0,0,2,0,32,0,4,23,0,93,0,0,0,6,185,3,6,194,185,194
5003412,GOBERNADOR(A),32,Bolivia,5,Potosí,1,Tomás Frías,1,Potosí,1494,Potosí,31114,Kindergarten Potosí (Temporal),3,220,0,0,24,0,10,0,0,0,1,0,19,0,5,26,3,82,0,0,0,9,179,8,8,195,179,195
5003422,GOBERNADOR(A),32,Bolivia,5,Potosí,1,Tomás Frías,1,Potosí,1494,Potosí,31114,Kindergarten Potosí (Temporal),4,170,0,0,11,0,2,0,0,0,1,0,15,0,3,16,0,76,0,0,0,14,138,7,6,151,138,151
5003782,GOBERNADOR(A),32,Bolivia,5,Potosí,1,Tomás Frías,1,Potosí,1494,Potosí,13,Esc. Copacabana,1,220,0,0,22,0,3,0,0,0,1,0,33,0,5,23,1,75,0,0,0,6,169,11,10,190,169,190
5003812,GOBERNADOR(A),32,Bolivia,5,Potosí,1,Tomás Frías,1,Potosí,1494,Potosí,13,Esc. Copacabana,4,220,0,0,23,0,3,0,0,0,2,0,34,0,6,13,1,95,0,0,0,5,182,8,11,201,182,201
5004032,GOBERNADOR(A),32,Bolivia,5,Potosí,1,Tomás Frías,1,Potosí,1494,Potosí,589,Instituto San Juan,1,220,0,0,22,0,1,0,0,0,1,0,23,0,4,12,2,86,0,0,0,9,160,18,16,194,160,194
5004052,GOBERNADOR(A),32,Bolivia,5,Potosí,1,Tomás Frías,1,Potosí,1494,Potosí,589,Instituto San Juan,3,220,0,0,25,0,2,0,0,0,2,0,16,0,2,15,1,99,0,0,0,8,170,10,16,196,170,196
5004062,GOBERNADOR(A),32,Bolivia,5,Potosí,1,Tomás Frías,1,Potosí,1494,Potosí,589,Instituto San Juan,4,220,0,0,35,0,1,0,0,0,0,0,15,0,7,19,0,91,0,0,0,7,175,10,12,197,175,197
5004302,GOBERNADOR(A),32,Bolivia,5,Potosí,1,Tomás Frías,1,Potosí,1494,Potosí,25044,U.E. Humberto Iporre Salinas,1,220,0,0,26,0,3,0,0,0,0,0,54,0,4,13,1,40,0,0,0,14,155,23,15,193,155,193
5004312,GOBERNADOR(A),32,Bolivia,5,Potosí,1,Tomás Frías,1,Potosí,1494,Potosí,25044,U.E. Humberto Iporre Salinas,2,220,0,0,34,0,2,0,0,0,0,0,65,0,0,5,0,42,0,0,0,7,155,22,19,196,155,196
5004322,GOBERNADOR(A),32,Bolivia,5,Potosí,1,Tomás Frías,1,Potosí,1494,Potosí,25044,U.E. Humberto Iporre Salinas,3,220,0,0,24,0,1,0,0,0,1,0,61,0,1,10,2,55,0,0,0,7,162,16,15,193,162,193
5004332,GOBERNADOR(A),32,Bolivia,5,Potosí,1,Tomás Frías,1,Potosí,1494,Potosí,25044,U.E. Humberto Iporre Salinas,4,220,0,0,45,0,1,0,0,0,0,0,47,0,1,6,3,35,0,0,0,11,149,24,19,192,149,192
5004342,GOBERNADOR(A),32,Bolivia,5,Potosí,1,Tomás Frías,1,Potosí,1494,Potosí,25044,U.E. Humberto Iporre Salinas,5,220,0,0,30,0,0,0,0,0,1,0,63,0,6,14,2,34,0,0,0,10,160,14,18,192,160,192
5004362,GOBERNADOR(A),32,Bolivia,5,Potosí,1,Tomás Frías,1,Potosí,1494,Potosí,25044,U.E. Humberto Iporre Salinas,7,220,0,0,29,0,3,0,0,0,3,0,68,0,4,3,0,49,0,0,0,10,169,17,9,195,169,195
5004392,GOBERNADOR(A),32,Bolivia,5,Potosí,1,Tomás Frías,1,Potosí,1494,Potosí,31126,Centro Tecnológico Boliviano del Litio (Temporal),1,220,0,0,41,0,0,0,0,0,1,0,62,0,3,8,0,35,0,0,0,13,163,11,18,192,163,192
5004402,GOBERNADOR(A),32,Bolivia,5,Potosí,1,Tomás Frías,1,Potosí,1494,Potosí,31126,Centro Tecnológico Boliviano del Litio (Temporal),2,220,0,0,40,0,1,0,0,0,1,0,50,0,9,11,0,41,0,0,0,2,155,17,21,193,155,193
5004412,GOBERNADOR(A),32,Bolivia,5,Potosí,1,Tomás Frías,1,Potosí,1494,Potosí,31126,Centro Tecnológico Boliviano del Litio (Temporal),3,220,0,0,38,0,4,0,0,0,0,0,46,0,3,4,3,42,0,0,0,13,153,24,16,193,153,193
5004442,GOBERNADOR(A),32,Bolivia,5,Potosí,1,Tomás Frías,1,Potosí,1494,Potosí,31126,Centro Tecnológico Boliviano del Litio (Temporal),6,220,0,0,41,0,1,0,0,0,1,0,48,0,2,16,1,38,0,0,0,10,158,18,18,194,158,194
5004462,GOBERNADOR(A),32,Bolivia,5,Potosí,1,Tomás Frías,1,Potosí,1494,Potosí,31126,Centro Tecnológico Boliviano del Litio (Temporal),8,217,0,0,36,0,2,0,0,0,0,0,39,0,5,7,1,36,0,0,0,11,137,19,20,176,137,176
5004612,GOBERNADOR(A),32,Bolivia,5,Potosí,1,Tomás Frías,1,Potosí,1494,Potosí,31125,Instituto Nuevo Amanecer (Temporal),1,220,0,0,28,0,0,0,0,0,1,0,31,0,5,7,0,76,0,0,0,9,157,20,12,189,157,189
5004762,GOBERNADOR(A),32,Bolivia,5,Potosí,1,Tomás Frías,1,Potosí,1494,Potosí,31122,Jardín de Infantes Niño Jesús (Temporal),1,220,0,0,28,0,1,0,0,0,0,0,28,0,2,14,3,78,0,0,0,5,159,12,18,189,159,189
5004782,GOBERNADOR(A),32,Bolivia,5,Potosí,1,Tomás Frías,1,Potosí,1494,Potosí,31122,Jardín de Infantes Niño Jesús (Temporal),3,220,0,0,26,0,4,0,0,0,0,0,29,0,4,15,1,82,0,0,0,9,170,5,13,188,170,188
5004792,GOBERNADOR(A),32,Bolivia,5,Potosí,1,Tomás Frías,1,Potosí,1494,Potosí,31122,Jardín de Infantes Niño Jesús (Temporal),4,189,0,0,22,0,5,0,0,0,2,0,24,0,3,19,0,62,0,0,0,8,145,11,9,165,145,165
5004882,GOBERNADOR(A),32,Bolivia,5,Potosí,1,Tomás Frías,1,Potosí,1494,Potosí,50,Esc. Kenny Prieto Melgarejo,2,220,0,0,39,0,5,0,0,0,0,0,33,0,5,15,2,63,0,0,0,8,170,12,14,196,170,196
5004902,GOBERNADOR(A),32,Bolivia,5,Potosí,1,Tomás Frías,1,Potosí,1494,Potosí,50,Esc. Kenny Prieto Melgarejo,4,220,0,0,23,0,3,0,0,0,1,0,39,0,2,17,1,60,0,0,0,13,159,14,17,190,159,190
5004912,GOBERNADOR(A),32,Bolivia,5,Potosí,1,Tomás Frías,1,Potosí,1494,Potosí,50,Esc. Kenny Prieto Melgarejo,5,220,0,0,37,0,0,0,0,0,0,0,40,0,3,10,1,63,0,0,0,10,164,13,15,192,164,192
5004932,GOBERNADOR(A),32,Bolivia,5,Potosí,1,Tomás Frías,1,Potosí,1494,Potosí,50,Esc. Kenny Prieto Melgarejo,7,220,0,0,31,0,3,0,0,0,3,0,50,0,5,7,1,58,0,0,0,12,170,15,11,196,170,196
5004942,GOBERNADOR(A),32,Bolivia,5,Potosí,1,Tomás Frías,1,Potosí,1494,Potosí,50,Esc. Kenny Prieto Melgarejo,8,220,0,0,19,0,4,0,0,0,1,0,56,0,2,12,2,72,0,0,0,11,179,12,9,200,179,200
5004962,GOBERNADOR(A),32,Bolivia,5,Potosí,1,Tomás Frías,1,Potosí,1494,Potosí,50,Esc. Kenny Prieto Melgarejo,10,220,0,0,20,0,7,0,0,0,1,0,30,0,3,12,1,94,0,0,0,9,177,9,13,199,177,199
5004972,GOBERNADOR(A),32,Bolivia,5,Potosí,1,Tomás Frías,1,Potosí,1494,Potosí,50,Esc. Kenny Prieto Melgarejo,11,220,0,0,25,0,6,0,0,0,1,0,24,0,2,19,1,81,0,0,0,9,168,15,12,195,168,195
5005142,GOBERNADOR(A),32,Bolivia,5,Potosí,1,Tomás Frías,1,Potosí,1494,Potosí,25031,Esc. Cobija,3,220,0,0,26,0,1,0,0,0,1,0,25,0,6,20,0,92,0,0,0,9,180,7,10,197,180,197
5005212,GOBERNADOR(A),32,Bolivia,5,Potosí,1,Tomás Frías,1,Potosí,1494,Potosí,25031,Esc. Cobija,10,220,0,0,35,0,2,0,0,0,0,0,34,0,8,17,3,61,0,0,0,7,167,9,11,187,167,187
5005262,GOBERNADOR(A),32,Bolivia,5,Potosí,1,Tomás Frías,1,Potosí,1494,Potosí,25031,Esc. Cobija,15,220,0,0,20,0,5,0,0,0,2,0,33,0,6,18,1,88,0,0,0,3,176,10,7,193,176,193
5005272,GOBERNADOR(A),32,Bolivia,5,Potosí,1,Tomás Frías,1,Potosí,1494,Potosí,25031,Esc. Cobija,16,220,0,0,31,0,4,0,0,0,0,0,21,0,6,15,2,94,0,0,0,8,181,16,4,201,181,201
5005302,GOBERNADOR(A),32,Bolivia,5,Potosí,1,Tomás Frías,1,Potosí,1494,Potosí,483,Mariscal Santa Cruz,2,220,0,0,31,0,4,0,0,0,1,0,24,0,8,14,3,81,0,0,0,5,171,8,17,196,171,196
5005322,GOBERNADOR(A),32,Bolivia,5,Potosí,1,Tomás Frías,1,Potosí,1494,Potosí,483,Mariscal Santa Cruz,4,220,0,0,17,0,3,0,0,0,3,0,34,0,4,13,1,86,0,0,0,9,170,9,14,193,170,193
5005352,GOBERNADOR(A),32,Bolivia,5,Potosí,1,Tomás Frías,1,Potosí,1494,Potosí,483,Mariscal Santa Cruz,7,220,0,0,40,0,1,0,0,0,0,0,34,0,1,16,1,68,0,0,0,10,171,12,13,196,171,196
5005432,GOBERNADOR(A),32,Bolivia,5,Potosí,1,Tomás Frías,1,Potosí,1494,Potosí,31115,Kinder Mariscal Andrés de Santa Cruz (Temporal),1,220,0,0,25,0,4,0,0,0,1,0,42,0,3,14,0,69,0,0,0,15,173,9,10,192,173,192
5005442,GOBERNADOR(A),32,Bolivia,5,Potosí,1,Tomás Frías,1,Potosí,1494,Potosí,31115,Kinder Mariscal Andrés de Santa Cruz (Temporal),2,220,0,0,34,0,4,0,0,0,0,0,38,0,5,13,1,64,0,0,0,14,173,7,13,193,173,193
5005452,GOBERNADOR(A),32,Bolivia,5,Potosí,1,Tomás Frías,1,Potosí,1494,Potosí,31115,Kinder Mariscal Andrés de Santa Cruz (Temporal),3,201,0,0,26,0,3,0,0,0,0,0,22,0,3,20,3,70,0,0,0,10,157,15,6,178,157,178
5005722,GOBERNADOR(A),32,Bolivia,5,Potosí,1,Tomás Frías,1,Potosí,1494,Potosí,29,Fe y Alegría y San Clemente,2,220,0,0,15,0,2,0,0,0,1,0,34,0,6,16,2,83,0,0,0,10,169,10,7,186,169,186
5005732,GOBERNADOR(A),32,Bolivia,5,Potosí,1,Tomás Frías,1,Potosí,1494,Potosí,29,Fe y Alegría y San Clemente,3,220,0,0,19,0,5,0,0,0,3,0,21,0,11,19,0,94,0,0,0,11,183,8,9,200,183,200
5005762,GOBERNADOR(A),32,Bolivia,5,Potosí,1,Tomás Frías,1,Potosí,1494,Potosí,29,Fe y Alegría y San Clemente,6,220,0,0,24,0,3,0,0,0,1,0,32,0,9,15,1,83,0,0,0,7,175,6,12,193,175,193
5005772,GOBERNADOR(A),32,Bolivia,5,Potosí,1,Tomás Frías,1,Potosí,1494,Potosí,29,Fe y Alegría y San Clemente,7,220,0,0,20,0,2,0,0,0,3,0,37,0,11,21,2,69,0,0,0,11,176,6,8,190,176,190
5005802,GOBERNADOR(A),32,Bolivia,5,Potosí,1,Tomás Frías,1,Potosí,1494,Potosí,29,Fe y Alegría y San Clemente,10,220,0,0,28,0,6,0,0,0,1,0,32,0,11,17,1,70,0,0,0,5,171,8,13,192,171,192
5005812,GOBERNADOR(A),32,Bolivia,5,Potosí,1,Tomás Frías,1,Potosí,1494,Potosí,29,Fe y Alegría y San Clemente,11,220,0,0,20,0,2,0,0,0,0,0,29,0,8,17,0,89,0,0,0,11,176,9,15,200,176,200
5005912,GOBERNADOR(A),32,Bolivia,5,Potosí,1,Tomás Frías,1,Potosí,1494,Potosí,25504,U.E. Elizardo Perez,1,220,3,0,23,0,2,0,0,0,1,0,31,0,7,6,3,60,0,0,0,9,145,16,23,184,145,184
5005962,GOBERNADOR(A),32,Bolivia,5,Potosí,1,Tomás Frías,1,Potosí,1494,Potosí,25504,U.E. Elizardo Perez,6,220,0,0,24,0,5,0,0,0,1,0,22,0,4,22,1,77,0,0,0,7,163,7,10,180,163,180
5006202,GOBERNADOR(A),32,Bolivia,5,Potosí,1,Tomás Frías,1,Potosí,1494,Potosí,31124,U. E. 21 de enero (Temporal),2,220,0,0,28,0,4,0,0,0,0,0,14,0,8,23,0,95,0,0,0,4,176,8,12,196,176,196
5006232,GOBERNADOR(A),32,Bolivia,5,Potosí,1,Tomás Frías,1,Potosí,1494,Potosí,31124,U. E. 21 de enero (Temporal),5,220,0,0,32,0,4,0,0,0,1,0,25,0,4,20,2,74,0,0,0,14,176,10,8,194,176,194
5006432,GOBERNADOR(A),32,Bolivia,5,Potosí,1,Tomás Frías,1,Potosí,1494,Potosí,25505,U.E. Jesus Valle,1,130,0,0,19,0,3,0,0,0,0,0,34,0,5,6,0,24,0,0,0,4,95,6,3,104,95,104
5006582,GOBERNADOR(A),32,Bolivia,5,Potosí,1,Tomás Frías,1,Potosí,1494,Potosí,25036,(Cárcel) Penal de Cantumarca,3,21,0,0,2,0,0,0,0,0,0,0,8,0,0,0,2,2,0,0,0,1,15,1,2,18,15,18
5006822,GOBERNADOR(A),32,Bolivia,5,Potosí,1,Tomás Frías,1,Potosí,1494,Potosí,31118,Kinder Juan Pablo II (Temporal),1,220,0,0,23,0,2,0,0,0,1,0,40,0,3,20,1,72,0,0,0,7,169,11,10,190,169,190
5006832,GOBERNADOR(A),32,Bolivia,5,Potosí,1,Tomás Frías,1,Potosí,1494,Potosí,31118,Kinder Juan Pablo II (Temporal),2,220,0,0,27,0,2,0,0,0,0,0,39,0,6,14,2,61,0,0,0,15,166,17,15,198,166,198
5006842,GOBERNADOR(A),32,Bolivia,5,Potosí,1,Tomás Frías,1,Potosí,1494,Potosí,31118,Kinder Juan Pablo II (Temporal),3,220,0,0,31,0,2,0,0,0,2,0,55,0,2,25,2,38,0,0,0,10,167,11,12,190,167,190
5006852,GOBERNADOR(A),32,Bolivia,5,Potosí,1,Tomás Frías,1,Potosí,1494,Potosí,31118,Kinder Juan Pablo II (Temporal),4,155,0,0,18,0,2,0,0,0,1,0,37,0,11,8,0,39,0,0,0,5,121,10,5,136,121,136
5006872,GOBERNADOR(A),32,Bolivia,5,Potosí,1,Tomás Frías,1,Potosí,1494,Potosí,31119,Polideportivo Villa Copacabana (Temporal),2,183,0,0,24,0,3,0,0,0,0,0,25,0,3,17,1,62,0,0,0,3,138,9,11,158,138,158
5006902,GOBERNADOR(A),32,Bolivia,5,Potosí,1,Tomás Frías,1,Potosí,1494,Potosí,31120,Coliseo Bella Vista (Temporal),3,220,0,0,28,0,2,0,0,0,2,0,36,0,10,13,2,65,0,0,0,7,165,15,9,189,165,189
5006912,GOBERNADOR(A),32,Bolivia,5,Potosí,1,Tomás Frías,1,Potosí,1494,Potosí,31120,Coliseo Bella Vista (Temporal),4,89,0,0,9,0,0,0,0,0,1,0,18,0,4,4,1,23,0,0,0,2,62,6,7,75,62,75
5007122,GOBERNADOR(A),32,Bolivia,5,Potosí,1,Tomás Frías,1,Potosí,1494,Potosí,25638,U.E. Liceo de Señoritas Maria Gutierrez,1,220,0,0,26,0,3,0,0,0,1,0,45,0,2,6,0,66,0,0,0,12,161,13,16,190,161,190
5007132,GOBERNADOR(A),32,Bolivia,5,Potosí,1,Tomás Frías,1,Potosí,1494,Potosí,25638,U.E. Liceo de Señoritas Maria Gutierrez,2,220,0,0,32,0,4,0,0,0,0,0,47,0,6,5,1,48,0,0,0,17,160,14,17,191,160,191
5007142,GOBERNADOR(A),32,Bolivia,5,Potosí,1,Tomás Frías,1,Potosí,1494,Potosí,25638,U.E. Liceo de Señoritas Maria Gutierrez,3,220,0,0,25,0,2,0,0,0,2,0,41,0,2,6,0,64,0,0,0,11,153,18,7,178,153,178
5007152,GOBERNADOR(A),32,Bolivia,5,Potosí,1,Tomás Frías,1,Potosí,1494,Potosí,25638,U.E. Liceo de Señoritas Maria Gutierrez,4,220,0,0,26,0,1,0,0,0,1,0,45,0,5,8,3,64,0,0,0,7,160,15,11,186,160,186
5007162,GOBERNADOR(A),32,Bolivia,5,Potosí,1,Tomás Frías,1,Potosí,1494,Potosí,25638,U.E. Liceo de Señoritas Maria Gutierrez,5,220,0,0,26,0,4,0,0,0,3,0,68,0,5,6,1,50,0,0,0,14,177,10,10,197,177,197
5007172,GOBERNADOR(A),32,Bolivia,5,Potosí,1,Tomás Frías,1,Potosí,1494,Potosí,25638,U.E. Liceo de Señoritas Maria Gutierrez,6,220,0,0,29,0,4,0,0,0,0,0,39,0,7,11,2,62,0,0,0,15,169,6,11,186,169,186
5007182,GOBERNADOR(A),32,Bolivia,5,Potosí,1,Tomás Frías,1,Potosí,1494,Potosí,25638,U.E. Liceo de Señoritas Maria Gutierrez,7,57,0,0,6,0,0,0,0,0,1,0,8,0,1,4,1,16,0,0,0,1,38,2,3,43,38,43
5000022,ASAMBLEISTA TERRITORIO,32,Bolivia,5,Potosí,1,Tomás Frías,1,Potosí,1494,Potosí,36,Kinder Ismael Montes,2,220,0,0,19,0,8,0,0,0,0,0,24,0,7,18,2,38,0,0,0,15,131,49,10,190,131,190
5000492,ASAMBLEISTA TERRITORIO,32,Bolivia,5,Potosí,1,Tomás Frías,1,Potosí,1494,Potosí,25047,U.E. Dr. Gonzalo Calderon Rios,1,220,0,0,29,0,5,0,0,0,0,0,35,0,9,9,2,21,0,0,0,19,129,53,8,190,129,190
5000512,ASAMBLEISTA TERRITORIO,32,Bolivia,5,Potosí,1,Tomás Frías,1,Potosí,1494,Potosí,25047,U.E. Dr. Gonzalo Calderon Rios,3,220,0,0,31,0,5,0,0,0,0,0,39,0,15,6,5,24,0,0,0,8,133,53,8,194,133,194
5000552,ASAMBLEISTA TERRITORIO,32,Bolivia,5,Potosí,1,Tomás Frías,1,Potosí,1494,Potosí,25047,U.E. Dr. Gonzalo Calderon Rios,7,45,0,0,5,0,1,0,0,0,0,0,6,0,0,3,0,3,0,0,0,3,21,14,4,39,21,39
5000722,ASAMBLEISTA TERRITORIO,32,Bolivia,5,Potosí,1,Tomás Frías,1,Potosí,1494,Potosí,31103,"U. E. Elizardo Perez, Villa Victoria (Temporal)",8,220,0,0,22,0,7,0,0,0,1,0,33,0,4,20,5,25,0,0,0,10,127,62,11,200,127,200
5000772,ASAMBLEISTA TERRITORIO,32,Bolivia,5,Potosí,1,Tomás Frías,1,Potosí,1494,Potosí,31103,"U. E. Elizardo Perez, Villa Victoria (Temporal)",13,220,0,0,24,0,1,0,0,0,0,0,21,0,4,17,6,24,0,0,0,15,112,51,33,196,112,196
5000832,ASAMBLEISTA TERRITORIO,32,Bolivia,5,Potosí,1,Tomás Frías,1,Potosí,1494,Potosí,25037,Esc. Jose Maria Linares,1,220,0,0,31,0,9,0,0,0,1,0,10,0,9,13,6,43,0,0,0,17,139,35,17,191,139,191
5000892,ASAMBLEISTA TERRITORIO,32,Bolivia,5,Potosí,1,Tomás Frías,1,Potosí,1494,Potosí,25037,Esc. Jose Maria Linares,7,220,0,0,26,0,9,0,0,0,1,0,8,0,2,14,2,23,0,0,0,15,100,56,41,197,100,197
5000912,ASAMBLEISTA TERRITORIO,32,Bolivia,5,Potosí,1,Tomás Frías,1,Potosí,1494,Potosí,25037,Esc. Jose Maria Linares,9,220,0,0,22,0,5,0,0,0,1,0,20,0,12,11,7,44,0,0,0,15,137,38,17,192,137,192
5000932,ASAMBLEISTA TERRITORIO,32,Bolivia,5,Potosí,1,Tomás Frías,1,Potosí,1494,Potosí,25037,Esc. Jose Maria Linares,11,220,0,0,24,0,7,0,0,0,0,0,8,0,8,19,2,22,0,0,0,18,108,45,34,187,108,187
5000942,ASAMBLEISTA TERRITORIO,32,Bolivia,5,Potosí,1,Tomás Frías,1,Potosí,1494,Potosí,25037,Esc. Jose Maria Linares,12,35,0,0,3,0,0,0,0,0,0,0,4,0,0,2,1,6,0,0,0,5,21,6,2,29,21,29
5000982,ASAMBLEISTA TERRITORIO,32,Bolivia,5,Potosí,1,Tomás Frías,1,Potosí,1494,Potosí,30,Unid. Educ. Oscar Alfaro,4,220,0,0,17,0,6,0,0,0,2,0,10,0,9,25,2,30,0,0,0,19,120,45,26,191,120,191
5001012,ASAMBLEISTA TERRITORIO,32,Bolivia,5,Potosí,1,Tomás Frías,1,Potosí,1494,Potosí,25052,U.E. 1º de Mayo San Idelfonso,1,35,0,0,8,0,0,0,0,0,0,0,2,0,1,2,1,1,0,0,0,1,16,15,3,34,16,34
5001022,ASAMBLEISTA TERRITORIO,32,Bolivia,5,Potosí,1,Tomás Frías,1,Potosí,1494,Potosí,15,Esc. Benicio Montero Mallo,1,220,0,0,19,0,6,0,0,0,0,0,13,0,11,14,6,24,0,0,0,10,103,46,34,183,103,183
5001032,ASAMBLEISTA TERRITORIO,32,Bolivia,5,Potosí,1,Tomás Frías,1,Potosí,1494,Potosí,15,Esc. Benicio Montero Mallo,2,220,0,0,23,0,7,0,0,0,0,0,15,0,11,9,7,24,0,0,0,15,111,42,43,196,111,196
5001062,ASAMBLEISTA TERRITORIO,32,Bolivia,5,Potosí,1,Tomás Frías,1,Potosí,1494,Potosí,15,Esc. Benicio Montero Mallo,5,220,0,0,26,0,8,0,0,0,1,0,12,0,6,9,6,27,0,0,0,15,110,35,46,191,110,191
5001072,ASAMBLEISTA TERRITORIO,32,Bolivia,5,Potosí,1,Tomás Frías,1,Potosí,1494,Potosí,15,Esc. Benicio Montero Mallo,6,220,0,0,18,0,11,0,0,0,1,0,9,0,14,15,4,27,0,0,0,6,105,50,44,199,105,199
5001922,ASAMBLEISTA TERRITORIO,32,Bolivia,5,Potosí,1,Tomás Frías,1,Potosí,1494,Potosí,18,Esc. Jose A.Zampa,5,220,0,0,30,0,3,0,0,0,0,0,15,0,3,16,1,36,0,0,0,17,121,57,19,197,121,197
5001932,ASAMBLEISTA TERRITORIO,32,Bolivia,5,Potosí,1,Tomás Frías,1,Potosí,1494,Potosí,18,Esc. Jose A.Zampa,6,220,0,0,27,0,12,0,0,0,0,0,18,0,5,5,5,36,0,0,0,12,120,52,14,186,120,186
5001942,ASAMBLEISTA TERRITORIO,32,Bolivia,5,Potosí,1,Tomás Frías,1,Potosí,1494,Potosí,18,Esc. Jose A.Zampa,7,220,0,0,28,0,9,0,0,0,0,0,20,0,3,10,5,43,0,0,0,11,129,47,12,188,129,188
5001952,ASAMBLEISTA TERRITORIO,32,Bolivia,5,Potosí,1,Tomás Frías,1,Potosí,1494,Potosí,18,Esc. Jose A.Zampa,8,137,0,0,15,0,2,0,0,0,0,0,7,0,4,10,0,19,0,0,0,14,71,37,13,121,71,121
5001992,ASAMBLEISTA TERRITORIO,32,Bolivia,5,Potosí,1,Tomás Frías,1,Potosí,1494,Potosí,19,Coleg. Cristo Maestro,4,220,0,0,15,0,9,0,0,0,1,0,15,0,14,15,3,39,0,0,0,22,133,25,18,176,133,176
5002002,ASAMBLEISTA TERRITORIO,32,Bolivia,5,Potosí,1,Tomás Frías,1,Potosí,1494,Potosí,19,Coleg. Cristo Maestro,5,220,0,0,14,0,8,0,0,0,2,0,35,0,9,13,4,32,0,0,0,11,128,29,14,171,128,171
5002012,ASAMBLEISTA TERRITORIO,32,Bolivia,5,Potosí,1,Tomás Frías,1,Potosí,1494,Potosí,19,Coleg. Cristo Maestro,6,220,0,0,15,0,14,0,0,0,0,0,14,0,11,17,3,35,0,0,0,22,131,43,12,186,131,186
5002032,ASAMBLEISTA TERRITORIO,32,Bolivia,5,Potosí,1,Tomás Frías,1,Potosí,1494,Potosí,19,Coleg. Cristo Maestro,8,215,0,0,13,0,11,0,0,0,0,0,21,0,9,18,2,48,0,0,0,15,137,33,12,182,137,182
5002332,ASAMBLEISTA TERRITORIO,32,Bolivia,5,Potosí,1,Tomás Frías,1,Potosí,1494,Potosí,10,Coleg. Bancario,1,220,0,0,16,0,10,0,0,0,0,0,18,0,12,28,1,30,0,0,0,22,137,43,13,193,137,193
5002352,ASAMBLEISTA TERRITORIO,32,Bolivia,5,Potosí,1,Tomás Frías,1,Potosí,1494,Potosí,10,Coleg. Bancario,3,220,0,0,17,0,20,0,0,0,2,0,22,0,14,24,0,32,0,0,0,14,145,40,9,194,145,194
5002382,ASAMBLEISTA TERRITORIO,32,Bolivia,5,Potosí,1,Tomás Frías,1,Potosí,1494,Potosí,27,Coleg. Don Bosco,1,220,0,0,14,0,12,0,0,0,0,0,10,0,11,21,1,35,0,0,0,13,117,34,39,190,117,190
5002402,ASAMBLEISTA TERRITORIO,32,Bolivia,5,Potosí,1,Tomás Frías,1,Potosí,1494,Potosí,27,Coleg. Don Bosco,3,220,0,0,13,0,17,0,0,0,3,0,13,0,9,16,9,28,0,0,0,27,135,34,21,190,135,190
5002412,ASAMBLEISTA TERRITORIO,32,Bolivia,5,Potosí,1,Tomás Frías,1,Potosí,1494,Potosí,27,Coleg. Don Bosco,4,220,0,0,12,0,10,0,0,0,0,0,18,0,14,23,4,40,0,0,0,21,142,28,12,182,142,182
5002472,ASAMBLEISTA TERRITORIO,32,Bolivia,5,Potosí,1,Tomás Frías,1,Potosí,1494,Potosí,572,Esc. Salvador Revilla,3,220,0,0,13,0,10,0,0,0,0,0,18,0,8,22,3,39,0,0,0,20,133,36,26,195,133,195
5002482,ASAMBLEISTA TERRITORIO,32,Bolivia,5,Potosí,1,Tomás Frías,1,Potosí,1494,Potosí,572,Esc. Salvador Revilla,4,220,0,0,10,0,13,0,0,0,1,0,8,0,7,12,6,29,0,0,0,23,109,47,40,196,109,196
5002662,ASAMBLEISTA TERRITORIO,32,Bolivia,5,Potosí,1,Tomás Frías,1,Potosí,1494,Potosí,7,Esc. Antonio Quijarro,3,115,0,0,14,0,5,0,0,0,0,0,4,0,10,9,3,24,0,0,0,12,81,15,5,101,81,101
5003302,ASAMBLEISTA TERRITORIO,32,Bolivia,5,Potosí,1,Tomás Frías,1,Potosí,1494,Potosí,25039,Col. Aniceto Arce,1,220,0,0,17,0,11,0,0,0,0,0,20,0,15,20,6,43,0,0,0,9,141,35,17,193,141,193
5003322,ASAMBLEISTA TERRITORIO,32,Bolivia,5,Potosí,1,Tomás Frías,1,Potosí,1494,Potosí,25039,Col. Aniceto Arce,3,220,0,0,16,0,11,0,0,0,2,0,9,0,8,13,8,19,0,0,0,13,99,39,50,188,99,188
5003332,ASAMBLEISTA TERRITORIO,32,Bolivia,5,Potosí,1,Tomás Frías,1,Potosí,1494,Potosí,25039,Col. Aniceto Arce,4,220,0,0,21,0,10,0,0,0,1,0,28,0,10,23,6,30,0,0,0,15,144,31,13,188,144,188
5003392,ASAMBLEISTA TERRITORIO,32,Bolivia,5,Potosí,1,Tomás Frías,1,Potosí,1494,Potosí,31114,Kindergarten Potosí (Temporal),1,220,0,0,17,0,7,0,0,0,2,0,20,0,8,24,6,46,0,0,0,17,147,36,11,194,147,194
5003412,ASAMBLEISTA TERRITORIO,32,Bolivia,5,Potosí,1,Tomás Frías,1,Potosí,1494,Potosí,31114,Kindergarten Potosí (Temporal),3,220,0,0,26,0,21,0,0,0,0,0,11,0,7,19,6,39,0,0,0,16,145,38,12,195,145,195
5003422,ASAMBLEISTA TERRITORIO,32,Bolivia,5,Potosí,1,Tomás Frías,1,Potosí,1494,Potosí,31114,Kindergarten Potosí (Temporal),4,170,0,0,9,0,7,0,0,0,1,0,8,0,10,13,5,24,0,0,0,19,96,41,14,151,96,151
5003782,ASAMBLEISTA TERRITORIO,32,Bolivia,5,Potosí,1,Tomás Frías,1,Potosí,1494,Potosí,13,Esc. Copacabana,1,220,0,0,22,0,8,0,0,0,0,0,23,0,12,17,6,35,0,0,0,13,136,43,11,190,136,190
5003812,ASAMBLEISTA TERRITORIO,32,Bolivia,5,Potosí,1,Tomás Frías,1,Potosí,1494,Potosí,13,Esc. Copacabana,4,220,0,0,25,0,11,0,0,0,1,0,28,0,6,20,7,44,0,0,0,13,155,31,15,201,155,201
5004032,ASAMBLEISTA TERRITORIO,32,Bolivia,5,Potosí,1,Tomás Frías,1,Potosí,1494,Potosí,589,Instituto San Juan,1,220,0,0,21,0,10,0,0,0,2,0,13,0,7,19,4,35,0,0,0,15,126,51,17,194,126,194
5004052,ASAMBLEISTA TERRITORIO,32,Bolivia,5,Potosí,1,Tomás Frías,1,Potosí,1494,Potosí,589,Instituto San Juan,3,220,0,0,25,0,18,0,0,0,0,0,9,0,6,18,1,40,0,0,0,21,138,44,14,196,138,196
5004062,ASAMBLEISTA TERRITORIO,32,Bolivia,5,Potosí,1,Tomás Frías,1,Potosí,1494,Potosí,589,Instituto San Juan,4,220,0,0,33,0,14,0,0,0,1,0,9,0,8,20,5,44,0,0,0,10,144,44,9,197,144,197
5004302,ASAMBLEISTA TERRITORIO,32,Bolivia,5,Potosí,1,Tomás Frías,1,Potosí,1494,Potosí,25044,U.E. Humberto Iporre Salinas,1,220,0,0,23,0,7,0,0,0,0,0,37,0,7,12,4,21,0,0,0,6,117,62,14,193,117,193
5004312,ASAMBLEISTA TERRITORIO,32,Bolivia,5,Potosí,1,Tomás Frías,1,Potosí,1494,Potosí,25044,U.E. Humberto Iporre Salinas,2,220,0,0,28,0,2,0,0,0,0,0,17,0,2,6,1,8,0,0,0,7,71,85,40,196,71,196
5004322,ASAMBLEISTA TERRITORIO,32,Bolivia,5,Potosí,1,Tomás Frías,1,Potosí,1494,Potosí,25044,U.E. Humberto Iporre Salinas,3,220,0,0,21,0,7,0,0,0,1,0,47,0,4,10,2,32,0,0,0,6,130,50,13,193,130,193
5004332,ASAMBLEISTA TERRITORIO,32,Bolivia,5,Potosí,1,Tomás Frías,1,Potosí,1494,Potosí,25044,U.E. Humberto Iporre Salinas,4,220,0,0,35,0,7,0,0,0,0,0,24,0,0,11,8,12,0,0,0,10,107,72,13,192,107,192
5004342,ASAMBLEISTA TERRITORIO,32,Bolivia,5,Potosí,1,Tomás Frías,1,Potosí,1494,Potosí,25044,U.E. Humberto Iporre Salinas,5,220,0,0,26,0,2,0,0,0,0,0,46,0,5,9,2,21,0,0,0,11,122,59,11,192,122,192
5004362,ASAMBLEISTA TERRITORIO,32,Bolivia,5,Potosí,1,Tomás Frías,1,Potosí,1494,Potosí,25044,U.E. Humberto Iporre Salinas,7,220,0,0,25,0,2,0,0,0,1,0,43,0,2,7,3,26,0,0,0,6,115,69,11,195,115,195
5004392,ASAMBLEISTA TERRITORIO,32,Bolivia,5,Potosí,1,Tomás Frías,1,Potosí,1494,Potosí,31126,Centro Tecnológico Boliviano del Litio (Temporal),1,220,0,0,37,0,2,0,0,0,1,0,22,0,3,3,5,12,0,0,0,10,95,68,29,192,95,192
5004402,ASAMBLEISTA TERRITORIO,32,Bolivia,5,Potosí,1,Tomás Frías,1,Potosí,1494,Potosí,31126,Centro Tecnológico Boliviano del Litio (Temporal),2,220,0,0,29,0,2,0,0,0,0,0,9,0,2,6,0,19,0,0,0,6,73,80,40,193,73,193
5004412,ASAMBLEISTA TERRITORIO,32,Bolivia,5,Potosí,1,Tomás Frías,1,Potosí,1494,Potosí,31126,Centro Tecnológico Boliviano del Litio (Temporal),3,220,0,0,33,0,0,0,0,0,0,0,32,0,5,7,7,25,0,0,0,11,120,62,11,193,120,193
5004442,ASAMBLEISTA TERRITORIO,32,Bolivia,5,Potosí,1,Tomás Frías,1,Potosí,1494,Potosí,31126,Centro Tecnológico Boliviano del Litio (Temporal),6,220,0,0,32,0,2,0,0,0,1,0,26,0,3,18,0,16,0,0,0,8,106,71,17,194,106,194
5004462,ASAMBLEISTA TERRITORIO,32,Bolivia,5,Potosí,1,Tomás Frías,1,Potosí,1494,Potosí,31126,Centro Tecnológico Boliviano del Litio (Temporal),8,217,0,0,21,0,7,0,0,0,0,0,24,0,6,9,1,15,0,0,0,13,96,66,14,176,96,176
5004612,ASAMBLEISTA TERRITORIO,32,Bolivia,5,Potosí,1,Tomás Frías,1,Potosí,1494,Potosí,31125,Instituto Nuevo Amanecer (Temporal),1,220,0,0,32,0,8,0,0,0,0,0,7,0,3,12,3,16,0,0,0,8,89,62,38,189,89,189
5004762,ASAMBLEISTA TERRITORIO,32,Bolivia,5,Potosí,1,Tomás Frías,1,Potosí,1494,Potosí,31122,Jardín de Infantes Niño Jesús (Temporal),1,220,0,0,31,0,11,0,0,0,0,0,5,0,6,14,4,36,0,0,0,7,114,36,39,189,114,189
5004782,ASAMBLEISTA TERRITORIO,32,Bolivia,5,Potosí,1,Tomás Frías,1,Potosí,1494,Potosí,31122,Jardín de Infantes Niño Jesús (Temporal),3,220,0,0,34,0,8,0,0,0,0,0,19,0,11,12,5,31,0,0,0,15,135,31,22,188,135,188
5004792,ASAMBLEISTA TERRITORIO,32,Bolivia,5,Potosí,1,Tomás Frías,1,Potosí,1494,Potosí,31122,Jardín de Infantes Niño Jesús (Temporal),4,189,0,0,19,0,11,0,0,0,1,0,19,0,8,17,3,32,0,0,0,16,126,33,6,165,126,165
5004882,ASAMBLEISTA TERRITORIO,32,Bolivia,5,Potosí,1,Tomás Frías,1,Potosí,1494,Potosí,50,Esc. Kenny Prieto Melgarejo,2,220,0,0,33,0,5,0,0,0,1,0,10,0,5,17,8,19,0,0,0,17,115,48,33,196,115,196
5004902,ASAMBLEISTA TERRITORIO,32,Bolivia,5,Potosí,1,Tomás Frías,1,Potosí,1494,Potosí,50,Esc. Kenny Prieto Melgarejo,4,220,0,0,26,0,4,0,0,0,0,0,29,0,5,17,4,31,0,0,0,12,128,53,9,190,128,190
5004912,ASAMBLEISTA TERRITORIO,32,Bolivia,5,Potosí,1,Tomás Frías,1,Potosí,1494,Potosí,50,Esc. Kenny Prieto Melgarejo,5,220,0,0,29,0,5,0,0,0,0,0,20,0,2,11,3,30,0,0,0,14,114,65,13,192,114,192
5004932,ASAMBLEISTA TERRITORIO,32,Bolivia,5,Potosí,1,Tomás Frías,1,Potosí,1494,Potosí,50,Esc. Kenny Prieto Melgarejo,7,220,0,0,27,0,9,0,0,0,0,0,37,0,4,8,5,23,0,0,0,20,133,51,12,196,133,196
5004942,ASAMBLEISTA TERRITORIO,32,Bolivia,5,Potosí,1,Tomás Frías,1,Potosí,1494,Potosí,50,Esc. Kenny Prieto Melgarejo,8,220,0,0,22,0,13,0,0,0,1,0,42,0,4,12,3,34,0,0,0,13,144,44,12,200,144,200
5004962,ASAMBLEISTA TERRITORIO,32,Bolivia,5,Potosí,1,Tomás Frías,1,Potosí,1494,Potosí,50,Esc. Kenny Prieto Melgarejo,10,220,0,0,17,0,12,0,0,0,2,0,22,0,7,13,6,46,0,0,0,14,139,43,17,199,139,199
5004972,ASAMBLEISTA TERRITORIO,32,Bolivia,5,Potosí,1,Tomás Frías,1,Potosí,1494,Potosí,50,Esc. Kenny Prieto Melgarejo,11,220,0,0,24,0,10,0,0,0,0,0,19,0,4,20,8,39,0,0,0,13,137,51,7,195,137,195
5005142,ASAMBLEISTA TERRITORIO,32,Bolivia,5,Potosí,1,Tomás Frías,1,Potosí,1494,Potosí,25031,Esc. Cobija,3,220,0,0,26,0,8,0,0,0,0,0,18,0,11,18,2,41,0,0,0,14,138,46,13,197,138,197
5005212,ASAMBLEISTA TERRITORIO,32,Bolivia,5,Potosí,1,Tomás Frías,1,Potosí,1494,Potosí,25031,Esc. Cobija,10,220,0,0,27,0,15,0,0,0,0,0,19,0,5,18,6,27,0,0,0,13,130,32,25,187,130,187
5005262,ASAMBLEISTA TERRITORIO,32,Bolivia,5,Potosí,1,Tomás Frías,1,Potosí,1494,Potosí,25031,Esc. Cobija,15,220,0,0,24,0,17,0,0,0,2,0,29,0,5,17,3,43,0,0,0,7,147,37,9,193,147,193
5005272,ASAMBLEISTA TERRITORIO,32,Bolivia,5,Potosí,1,Tomás Frías,1,Potosí,1494,Potosí,25031,Esc. Cobija,16,220,0,0,34,0,11,0,0,0,1,0,13,0,12,23,6,46,0,0,0,15,161,37,3,201,161,201
5005302,ASAMBLEISTA TERRITORIO,32,Bolivia,5,Potosí,1,Tomás Frías,1,Potosí,1494,Potosí,483,Mariscal Santa Cruz,2,220,0,0,31,0,11,0,0,0,1,0,6,0,8,18,3,31,0,0,0,10,119,44,33,196,119,196
5005322,ASAMBLEISTA TERRITORIO,32,Bolivia,5,Potosí,1,Tomás Frías,1,Potosí,1494,Potosí,483,Mariscal Santa Cruz,4,220,0,0,20,0,10,0,0,0,0,0,23,0,7,15,1,39,0,0,0,10,125,51,17,193,125,193
5005352,ASAMBLEISTA TERRITORIO,32,Bolivia,5,Potosí,1,Tomás Frías,1,Potosí,1494,Potosí,483,Mariscal Santa Cruz,7,220,0,0,36,0,8,0,0,0,0,0,21,0,2,11,2,32,0,0,0,18,130,55,11,196,130,196
5005432,ASAMBLEISTA TERRITORIO,32,Bolivia,5,Potosí,1,Tomás Frías,1,Potosí,1494,Potosí,31115,Kinder Mariscal Andrés de Santa Cruz (Temporal),1,220,0,0,25,0,9,0,0,0,0,0,28,0,4,13,1,30,0,0,0,10,120,60,12,192,120,192
5005442,ASAMBLEISTA TERRITORIO,32,Bolivia,5,Potosí,1,Tomás Frías,1,Potosí,1494,Potosí,31115,Kinder Mariscal Andrés de Santa Cruz (Temporal),2,220,0,0,29,0,11,0,0,0,0,0,28,0,9,15,4,29,0,0,0,15,140,42,11,193,140,193
5005452,ASAMBLEISTA TERRITORIO,32,Bolivia,5,Potosí,1,Tomás Frías,1,Potosí,1494,Potosí,31115,Kinder Mariscal Andrés de Santa Cruz (Temporal),3,201,0,0,29,0,5,0,0,0,0,0,16,0,4,12,3,43,0,0,0,13,125,44,9,178,125,178
5005722,ASAMBLEISTA TERRITORIO,32,Bolivia,5,Potosí,1,Tomás Frías,1,Potosí,1494,Potosí,29,Fe y Alegría y San Clemente,2,220,0,0,14,0,13,0,0,0,1,0,15,0,20,13,3,22,0,0,0,12,113,42,31,186,113,186
5005732,ASAMBLEISTA TERRITORIO,32,Bolivia,5,Potosí,1,Tomás Frías,1,Potosí,1494,Potosí,29,Fe y Alegría y San Clemente,3,220,0,0,18,0,12,0,0,0,3,0,9,0,17,19,2,27,0,0,0,23,130,38,32,200,130,200
5005762,ASAMBLEISTA TERRITORIO,32,Bolivia,5,Potosí,1,Tomás Frías,1,Potosí,1494,Potosí,29,Fe y Alegría y San Clemente,6,220,0,0,28,0,13,0,0,0,2,0,24,0,15,16,1,32,0,0,0,17,148,33,12,193,148,193
5005772,ASAMBLEISTA TERRITORIO,32,Bolivia,5,Potosí,1,Tomás Frías,1,Potosí,1494,Potosí,29,Fe y Alegría y San Clemente,7,220,0,0,23,0,12,0,0,0,0,0,20,0,23,18,4,27,0,0,0,12,139,33,18,190,139,190
5005802,ASAMBLEISTA TERRITORIO,32,Bolivia,5,Potosí,1,Tomás Frías,1,Potosí,1494,Potosí,29,Fe y Alegría y San Clemente,10,220,0,0,20,0,17,0,0,0,0,0,23,0,10,18,1,30,0,0,0,24,143,36,13,192,143,192
5005812,ASAMBLEISTA TERRITORIO,32,Bolivia,5,Potosí,1,Tomás Frías,1,Potosí,1494,Potosí,29,Fe y Alegría y San Clemente,11,220,0,0,26,0,11,0,0,0,1,0,21,0,16,22,7,38,0,0,0,19,161,26,13,200,161,200
5005912,ASAMBLEISTA TERRITORIO,32,Bolivia,5,Potosí,1,Tomás Frías,1,Potosí,1494,Potosí,25504,U.E. Elizardo Perez,1,220,4,0,23,0,8,0,0,0,0,0,19,0,6,11,3,28,0,0,0,12,114,34,36,184,114,184
5005962,ASAMBLEISTA TERRITORIO,32,Bolivia,5,Potosí,1,Tomás Frías,1,Potosí,1494,Potosí,25504,U.E. Elizardo Perez,6,220,0,0,26,0,10,0,0,0,0,0,16,0,15,21,8,38,0,0,0,6,140,27,13,180,140,180
5006202,ASAMBLEISTA TERRITORIO,32,Bolivia,5,Potosí,1,Tomás Frías,1,Potosí,1494,Potosí,31124,U. E. 21 de enero (Temporal),2,220,0,0,23,0,10,0,0,0,0,0,6,0,18,17,2,26,0,0,0,17,119,43,34,196,119,196
5006232,ASAMBLEISTA TERRITORIO,32,Bolivia,5,Potosí,1,Tomás Frías,1,Potosí,1494,Potosí,31124,U. E. 21 de enero (Temporal),5,220,0,0,32,0,10,0,0,0,1,0,11,0,16,16,2,22,0,0,0,20,130,39,25,194,130,194
5006432,ASAMBLEISTA TERRITORIO,32,Bolivia,5,Potosí,1,Tomás Frías,1,Potosí,1494,Potosí,25505,U.E. Jesus Valle,1,130,0,0,23,0,5,0,0,0,0,0,17,0,4,5,0,12,0,0,0,7,73,29,2,104,73,104
5006582,ASAMBLEISTA TERRITORIO,32,Bolivia,5,Potosí,1,Tomás Frías,1,Potosí,1494,Potosí,25036,(Cárcel) Penal de Cantumarca,3,21,0,0,3,0,0,0,0,0,0,0,4,0,0,1,0,0,0,0,0,0,8,4,6,18,8,18
5006822,ASAMBLEISTA TERRITORIO,32,Bolivia,5,Potosí,1,Tomás Frías,1,Potosí,1494,Potosí,31118,Kinder Juan Pablo II (Temporal),1,220,0,0,21,0,6,0,0,0,1,0,26,0,6,18,3,33,0,0,0,11,125,54,11,190,125,190
5006832,ASAMBLEISTA TERRITORIO,32,Bolivia,5,Potosí,1,Tomás Frías,1,Potosí,1494,Potosí,31118,Kinder Juan Pablo II (Temporal),2,220,0,0,25,0,6,0,0,0,0,0,14,0,11,17,5,21,0,0,0,13,112,42,44,198,112,198
5006842,ASAMBLEISTA TERRITORIO,32,Bolivia,5,Potosí,1,Tomás Frías,1,Potosí,1494,Potosí,31118,Kinder Juan Pablo II (Temporal),3,220,0,0,23,0,6,0,0,0,0,0,29,0,5,19,10,19,0,0,0,12,123,42,25,190,123,190
5006852,ASAMBLEISTA TERRITORIO,32,Bolivia,5,Potosí,1,Tomás Frías,1,Potosí,1494,Potosí,31118,Kinder Juan Pablo II (Temporal),4,155,0,0,24,0,5,0,0,0,0,0,26,0,8,7,5,19,0,0,0,10,104,24,8,136,104,136
5006872,ASAMBLEISTA TERRITORIO,32,Bolivia,5,Potosí,1,Tomás Frías,1,Potosí,1494,Potosí,31119,Polideportivo Villa Copacabana (Temporal),2,183,0,0,25,0,7,0,0,0,0,0,18,0,2,18,3,30,0,0,0,11,114,32,12,158,114,158
5006902,ASAMBLEISTA TERRITORIO,32,Bolivia,5,Potosí,1,Tomás Frías,1,Potosí,1494,Potosí,31120,Coliseo Bella Vista (Temporal),3,220,0,0,27,0,13,0,0,0,3,0,20,0,10,11,4,31,0,0,0,9,128,54,7,189,128,189
5006912,ASAMBLEISTA TERRITORIO,32,Bolivia,5,Potosí,1,Tomás Frías,1,Potosí,1494,Potosí,31120,Coliseo Bella Vista (Temporal),4,89,0,0,11,0,4,0,0,0,0,0,10,0,2,5,3,7,0,0,0,4,46,22,7,75,46,75
5007122,ASAMBLEISTA TERRITORIO,32,Bolivia,5,Potosí,1,Tomás Frías,1,Potosí,1494,Potosí,25638,U.E. Liceo de Señoritas Maria Gutierrez,1,220,0,0,26,0,6,0,0,0,0,0,31,0,1,3,2,32,0,0,0,12,113,59,18,190,113,190
5007132,ASAMBLEISTA TERRITORIO,32,Bolivia,5,Potosí,1,Tomás Frías,1,Potosí,1494,Potosí,25638,U.E. Liceo de Señoritas Maria Gutierrez,2,220,0,0,33,0,6,0,0,0,0,0,35,0,6,3,1,25,0,0,0,15,124,50,17,191,124,191
5007142,ASAMBLEISTA TERRITORIO,32,Bolivia,5,Potosí,1,Tomás Frías,1,Potosí,1494,Potosí,25638,U.E. Liceo de Señoritas Maria Gutierrez,3,220,0,0,25,0,7,0,0,0,0,0,16,0,6,12,2,12,0,0,0,13,93,50,35,178,93,178
5007152,ASAMBLEISTA TERRITORIO,32,Bolivia,5,Potosí,1,Tomás Frías,1,Potosí,1494,Potosí,25638,U.E. Liceo de Señoritas Maria Gutierrez,4,220,0,0,25,0,6,0,0,0,1,0,33,0,4,12,7,23,0,0,0,12,123,55,8,186,123,186
5007162,ASAMBLEISTA TERRITORIO,32,Bolivia,5,Potosí,1,Tomás Frías,1,Potosí,1494,Potosí,25638,U.E. Liceo de Señoritas Maria Gutierrez,5,220,0,0,24,0,3,0,0,0,0,0,51,0,4,14,3,26,0,0,0,16,141,48,8,197,141,197
5007172,ASAMBLEISTA TERRITORIO,32,Bolivia,5,Potosí,1,Tomás Frías,1,Potosí,1494,Potosí,25638,U.E. Liceo de Señoritas Maria Gutierrez,6,220,0,0,30,0,4,0,0,0,0,0,15,0,4,10,3,16,0,0,0,13,95,64,27,186,95,186
5007182,ASAMBLEISTA TERRITORIO,32,Bolivia,5,Potosí,1,Tomás Frías,1,Potosí,1494,Potosí,25638,U.E. Liceo de Señoritas Maria Gutierrez,7,57,0,0,5,0,6,0,0,0,0,0,6,0,2,5,0,3,0,0,0,1,28,11,4,43,28,43
5000022,ASAMBLEISTA POBLACION,32,Bolivia,5,Potosí,1,Tomás Frías,1,Potosí,1494,Potosí,36,Kinder Ismael Montes,2,220,0,0,14,0,6,0,0,0,0,0,17,0,5,15,1,31,0,0,0,14,103,77,10,190,103,190
5000492,ASAMBLEISTA POBLACION,32,Bolivia,5,Potosí,1,Tomás Frías,1,Potosí,1494,Potosí,25047,U.E. Dr. Gonzalo Calderon Rios,1,220,0,0,32,0,5,0,0,0,1,0,31,0,7,10,1,18,0,0,0,7,112,71,7,190,112,190
5000512,ASAMBLEISTA POBLACION,32,Bolivia,5,Potosí,1,Tomás Frías,1,Potosí,1494,Potosí,25047,U.E. Dr. Gonzalo Calderon Rios,3,220,0,0,26,0,2,0,0,0,0,0,35,0,8,7,1,18,0,0,0,5,102,89,3,194,102,194
5000552,ASAMBLEISTA POBLACION,32,Bolivia,5,Potosí,1,Tomás Frías,1,Potosí,1494,Potosí,25047,U.E. Dr. Gonzalo Calderon Rios,7,45,0,0,4,0,1,0,0,0,0,0,6,0,0,2,0,3,0,0,0,0,16,21,2,39,16,39
5000722,ASAMBLEISTA POBLACION,32,Bolivia,5,Potosí,1,Tomás Frías,1,Potosí,1494,Potosí,31103,"U. E. Elizardo Perez, Villa Victoria (Temporal)",8,220,0,0,26,0,2,0,0,0,1,0,26,0,2,16,14,24,0,0,0,5,116,82,2,200,116,200
5000772,ASAMBLEISTA POBLACION,32,Bolivia,5,Potosí,1,Tomás Frías,1,Potosí,1494,Potosí,31103,"U. E. Elizardo Perez, Villa Victoria (Temporal)",13,220,0,0,20,0,0,0,0,0,0,0,25,0,2,10,2,26,0,0,0,6,91,95,10,196,91,196
5000832,ASAMBLEISTA POBLACION,32,Bolivia,5,Potosí,1,Tomás Frías,1,Potosí,1494,Potosí,25037,Esc. Jose Maria Linares,1,220,0,0,29,0,9,0,0,0,2,0,19,0,2,7,2,43,0,0,0,9,122,61,8,191,122,191
5000892,ASAMBLEISTA POBLACION,32,Bolivia,5,Potosí,1,Tomás Frías,1,Potosí,1494,Potosí,25037,Esc. Jose Maria Linares,7,220,0,0,24,0,5,0,0,0,0,0,15,0,1,11,3,32,0,0,0,19,110,69,18,197,110,197
5000912,ASAMBLEISTA POBLACION,32,Bolivia,5,Potosí,1,Tomás Frías,1,Potosí,1494,Potosí,25037,Esc. Jose Maria Linares,9,220,0,0,21,0,4,0,0,0,0,0,20,0,8,11,4,42,0,0,0,11,121,65,6,192,121,192
5000932,ASAMBLEISTA POBLACION,32,Bolivia,5,Potosí,1,Tomás Frías,1,Potosí,1494,Potosí,25037,Esc. Jose Maria Linares,11,220,0,0,36,0,8,0,0,0,1,0,18,0,3,8,0,31,0,0,0,7,112,61,14,187,112,187
5000942,ASAMBLEISTA POBLACION,32,Bolivia,5,Potosí,1,Tomás Frías,1,Potosí,1494,Potosí,25037,Esc. Jose Maria Linares,12,35,0,0,3,0,0,0,0,0,0,0,3,0,0,1,0,6,0,0,0,2,15,12,2,29,15,29
5000982,ASAMBLEISTA POBLACION,32,Bolivia,5,Potosí,1,Tomás Frías,1,Potosí,1494,Potosí,30,Unid. Educ. Oscar Alfaro,4,220,0,0,18,0,6,0,0,0,1,0,12,0,4,16,2,43,0,0,0,11,113,63,15,191,113,191
5001012,ASAMBLEISTA POBLACION,32,Bolivia,5,Potosí,1,Tomás Frías,1,Potosí,1494,Potosí,25052,U.E. 1º de Mayo San Idelfonso,1,35,0,0,9,0,1,0,0,0,0,0,3,0,0,0,1,0,0,0,0,2,16,15,3,34,16,34
5001022,ASAMBLEISTA POBLACION,32,Bolivia,5,Potosí,1,Tomás Frías,1,Potosí,1494,Potosí,15,Esc. Benicio Montero Mallo,1,220,0,0,21,0,4,0,0,0,0,0,25,0,6,12,1,35,0,0,0,7,111,67,5,183,111,183
5001032,ASAMBLEISTA POBLACION,32,Bolivia,5,Potosí,1,Tomás Frías,1,Potosí,1494,Potosí,15,Esc. Benicio Montero Mallo,2,220,0,0,25,0,8,0,0,0,0,0,25,0,4,14,1,34,0,0,0,10,121,59,16,196,121,196
5001062,ASAMBLEISTA POBLACION,32,Bolivia,5,Potosí,1,Tomás Frías,1,Potosí,1494,Potosí,15,Esc. Benicio Montero Mallo,5,220,0,0,31,0,4,0,0,0,1,0,24,0,4,7,4,35,0,0,0,12,122,56,13,191,122,191
5001072,ASAMBLEISTA POBLACION,32,Bolivia,5,Potosí,1,Tomás Frías,1,Potosí,1494,Potosí,15,Esc. Benicio Montero Mallo,6,220,0,0,18,0,13,0,0,0,1,0,16,0,9,9,1,35,0,0,0,7,109,71,19,199,109,199
5001922,ASAMBLEISTA POBLACION,32,Bolivia,5,Potosí,1,Tomás Frías,1,Potosí,1494,Potosí,18,Esc. Jose A.Zampa,5,220,0,0,17,0,4,0,0,0,0,0,21,0,1,13,1,33,0,0,0,10,100,90,7,197,100,197
5001932,ASAMBLEISTA POBLACION,32,Bolivia,5,Potosí,1,Tomás Frías,1,Potosí,1494,Potosí,18,Esc. Jose A.Zampa,6,220,0,0,23,0,6,0,0,0,0,0,17,0,3,7,2,28,0,0,0,8,94,67,25,186,94,186
5001942,ASAMBLEISTA POBLACION,32,Bolivia,5,Potosí,1,Tomás Frías,1,Potosí,1494,Potosí,18,Esc. Jose A.Zampa,7,220,0,0,30,0,6,0,0,0,0,0,17,0,3,5,2,38,0,0,0,12,113,65,10,188,113,188
5001952,ASAMBLEISTA POBLACION,32,Bolivia,5,Potosí,1,Tomás Frías,1,Potosí,1494,Potosí,18,Esc. Jose A.Zampa,8,137,0,0,18,0,2,0,0,0,0,0,13,0,1,7,0,23,0,0,0,7,71,48,2,121,71,121
5001992,ASAMBLEISTA POBLACION,32,Bolivia,5,Potosí,1,Tomás Frías,1,Potosí,1494,Potosí,19,Coleg. Cristo Maestro,4,220,0,0,14,0,8,0,0,0,1,0,16,0,7,14,4,45,0,0,0,15,124,44,8,176,124,176
5002002,ASAMBLEISTA POBLACION,32,Bolivia,5,Potosí,1,Tomás Frías,1,Potosí,1494,Potosí,19,Coleg. Cristo Maestro,5,220,0,0,18,0,6,0,0,0,3,0,35,0,5,6,3,34,0,0,0,7,117,43,11,171,117,171
5002012,ASAMBLEISTA POBLACION,32,Bolivia,5,Potosí,1,Tomás Frías,1,Potosí,1494,Potosí,19,Coleg. Cristo Maestro,6,220,0,0,20,0,9,0,0,0,0,0,12,0,8,17,2,34,0,0,0,15,117,58,11,186,117,186
5002032,ASAMBLEISTA POBLACION,32,Bolivia,5,Potosí,1,Tomás Frías,1,Potosí,1494,Potosí,19,Coleg. Cristo Maestro,8,215,0,0,19,0,11,0,0,0,0,0,16,0,2,14,0,45,0,0,0,12,119,51,12,182,119,182
5002332,ASAMBLEISTA POBLACION,32,Bolivia,5,Potosí,1,Tomás Frías,1,Potosí,1494,Potosí,10,Coleg. Bancario,1,220,0,0,16,0,5,0,0,0,1,0,19,0,3,20,3,29,0,0,0,17,113,66,14,193,113,193
5002352,ASAMBLEISTA POBLACION,32,Bolivia,5,Potosí,1,Tomás Frías,1,Potosí,1494,Potosí,10,Coleg. Bancario,3,220,0,0,19,0,15,0,0,0,2,0,19,0,4,22,1,33,0,0,0,8,123,68,3,194,123,194
5002382,ASAMBLEISTA POBLACION,32,Bolivia,5,Potosí,1,Tomás Frías,1,Potosí,1494,Potosí,27,Coleg. Don Bosco,1,220,0,0,15,0,10,0,0,0,1,0,12,0,2,14,1,52,0,0,0,9,116,55,19,190,116,190
5002402,ASAMBLEISTA POBLACION,32,Bolivia,5,Potosí,1,Tomás Frías,1,Potosí,1494,Potosí,27,Coleg. Don Bosco,3,220,0,0,20,0,10,0,0,0,2,0,16,0,4,11,4,41,0,0,0,23,131,47,12,190,131,190
5002412,ASAMBLEISTA POBLACION,32,Bolivia,5,Potosí,1,Tomás Frías,1,Potosí,1494,Potosí,27,Coleg. Don Bosco,4,220,0,0,14,0,10,0,0,0,0,0,16,0,3,20,3,39,0,0,0,16,121,46,15,182,121,182
5002472,ASAMBLEISTA POBLACION,32,Bolivia,5,Potosí,1,Tomás Frías,1,Potosí,1494,Potosí,572,Esc. Salvador Revilla,3,220,0,0,11,0,11,0,0,0,2,0,20,0,5,13,4,42,0,0,0,18,126,49,20,195,126,195
5002482,ASAMBLEISTA POBLACION,32,Bolivia,5,Potosí,1,Tomás Frías,1,Potosí,1494,Potosí,572,Esc. Salvador Revilla,4,220,0,0,18,0,8,0,0,0,1,0,11,0,3,5,3,52,0,0,0,18,119,64,13,196,119,196
5002662,ASAMBLEISTA POBLACION,32,Bolivia,5,Potosí,1,Tomás Frías,1,Potosí,1494,Potosí,7,Esc. Antonio Quijarro,3,115,0,0,20,0,5,0,0,0,0,0,4,0,3,5,4,20,0,0,0,9,70,26,5,101,70,101
5003302,ASAMBLEISTA POBLACION,32,Bolivia,5,Potosí,1,Tomás Frías,1,Potosí,1494,Potosí,25039,Col. Aniceto Arce,1,220,0,0,15,0,12,0,0,0,1,0,19,0,3,14,9,44,0,0,0,11,128,50,16,194,128,194
5003322,ASAMBLEISTA POBLACION,32,Bolivia,5,Potosí,1,Tomás Frías,1,Potosí,1494,Potosí,25039,Col. Aniceto Arce,3,220,0,0,20,0,12,0,0,0,2,0,18,0,6,15,0,34,0,0,0,8,115,56,17,188,115,188
5003332,ASAMBLEISTA POBLACION,32,Bolivia,5,Potosí,1,Tomás Frías,1,Potosí,1494,Potosí,25039,Col. Aniceto Arce,4,220,0,0,18,0,8,0,0,0,2,0,27,0,11,18,1,26,0,0,0,10,121,57,10,188,121,188
5003392,ASAMBLEISTA POBLACION,32,Bolivia,5,Potosí,1,Tomás Frías,1,Potosí,1494,Potosí,31114,Kindergarten Potosí (Temporal),1,220,0,0,18,0,4,0,0,0,2,0,21,0,4,21,1,50,0,0,0,12,133,51,10,194,133,194
5003412,ASAMBLEISTA POBLACION,32,Bolivia,5,Potosí,1,Tomás Frías,1,Potosí,1494,Potosí,31114,Kindergarten Potosí (Temporal),3,220,0,0,25,0,11,0,0,0,1,0,11,0,3,19,4,40,0,0,0,9,123,62,10,195,123,195
5003422,ASAMBLEISTA POBLACION,32,Bolivia,5,Potosí,1,Tomás Frías,1,Potosí,1494,Potosí,31114,Kindergarten Potosí (Temporal),4,170,0,0,13,0,7,0,0,0,1,0,11,0,4,8,2,26,0,0,0,20,92,52,7,151,92,151
5003782,ASAMBLEISTA POBLACION,32,Bolivia,5,Potosí,1,Tomás Frías,1,Potosí,1494,Potosí,13,Esc. Copacabana,1,220,0,0,23,0,8,0,0,0,1,0,23,0,3,11,3,34,0,0,0,7,113,59,18,190,113,190
5003812,ASAMBLEISTA POBLACION,32,Bolivia,5,Potosí,1,Tomás Frías,1,Potosí,1494,Potosí,13,Esc. Copacabana,4,220,0,0,25,0,13,0,0,0,1,0,24,0,2,9,0,44,0,0,0,11,129,55,17,201,129,201
5004032,ASAMBLEISTA POBLACION,32,Bolivia,5,Potosí,1,Tomás Frías,1,Potosí,1494,Potosí,589,Instituto San Juan,1,220,0,0,25,0,7,0,0,0,1,0,15,0,1,12,6,34,0,0,0,16,117,67,10,194,117,194
5004052,ASAMBLEISTA POBLACION,32,Bolivia,5,Potosí,1,Tomás Frías,1,Potosí,1494,Potosí,589,Instituto San Juan,3,220,0,0,26,0,5,0,0,0,0,0,12,0,3,9,1,48,0,0,0,13,117,69,10,196,117,196
5004062,ASAMBLEISTA POBLACION,32,Bolivia,5,Potosí,1,Tomás Frías,1,Potosí,1494,Potosí,589,Instituto San Juan,4,220,0,0,34,0,6,0,0,0,1,0,9,0,1,20,0,37,0,0,0,12,120,65,12,197,120,197
5004302,ASAMBLEISTA POBLACION,32,Bolivia,5,Potosí,1,Tomás Frías,1,Potosí,1494,Potosí,25044,U.E. Humberto Iporre Salinas,1,220,0,0,18,0,4,0,0,0,0,0,27,0,5,6,0,16,0,0,0,5,81,105,7,193,81,193
5004312,ASAMBLEISTA POBLACION,32,Bolivia,5,Potosí,1,Tomás Frías,1,Potosí,1494,Potosí,25044,U.E. Humberto Iporre Salinas,2,220,0,0,21,0,2,0,0,0,0,0,32,0,1,4,1,10,0,0,0,3,74,111,11,196,74,196
5004322,ASAMBLEISTA POBLACION,32,Bolivia,5,Potosí,1,Tomás Frías,1,Potosí,1494,Potosí,25044,U.E. Humberto Iporre Salinas,3,220,0,0,27,0,3,0,0,0,0,0,37,0,0,8,0,24,0,0,0,5,104,77,12,193,104,193
5004332,ASAMBLEISTA POBLACION,32,Bolivia,5,Potosí,1,Tomás Frías,1,Potosí,1494,Potosí,25044,U.E. Humberto Iporre Salinas,4,220,0,0,28,0,1,0,0,0,0,0,19,0,1,4,1,12,0,0,0,2,68,116,8,192,68,192
5004342,ASAMBLEISTA POBLACION,32,Bolivia,5,Potosí,1,Tomás Frías,1,Potosí,1494,Potosí,25044,U.E. Humberto Iporre Salinas,5,220,0,0,24,0,1,0,0,0,0,0,41,0,1,11,1,12,0,0,0,7,98,88,6,192,98,192
5004362,ASAMBLEISTA POBLACION,32,Bolivia,5,Potosí,1,Tomás Frías,1,Potosí,1494,Potosí,25044,U.E. Humberto Iporre Salinas,7,220,0,0,25,0,0,0,0,0,0,0,27,0,2,4,0,21,0,0,0,3,82,108,5,195,82,195
5004392,ASAMBLEISTA POBLACION,32,Bolivia,5,Potosí,1,Tomás Frías,1,Potosí,1494,Potosí,31126,Centro Tecnológico Boliviano del Litio (Temporal),1,220,0,0,36,0,0,0,0,0,1,0,31,0,2,3,0,15,0,0,0,6,94,93,5,192,94,192
5004402,ASAMBLEISTA POBLACION,32,Bolivia,5,Potosí,1,Tomás Frías,1,Potosí,1494,Potosí,31126,Centro Tecnológico Boliviano del Litio (Temporal),2,220,0,0,31,0,0,0,0,0,0,0,24,0,0,7,0,16,0,0,0,4,82,104,7,193,82,193
5004412,ASAMBLEISTA POBLACION,32,Bolivia,5,Potosí,1,Tomás Frías,1,Potosí,1494,Potosí,31126,Centro Tecnológico Boliviano del Litio (Temporal),3,220,0,0,25,0,0,0,0,0,0,0,29,0,1,2,0,19,0,0,0,7,83,104,6,193,83,193
5004442,ASAMBLEISTA POBLACION,32,Bolivia,5,Potosí,1,Tomás Frías,1,Potosí,1494,Potosí,31126,Centro Tecnológico Boliviano del Litio (Temporal),6,220,0,0,30,0,2,0,0,0,1,0,21,0,1,10,0,7,0,0,0,5,77,107,10,194,77,194
5004462,ASAMBLEISTA POBLACION,32,Bolivia,5,Potosí,1,Tomás Frías,1,Potosí,1494,Potosí,31126,Centro Tecnológico Boliviano del Litio (Temporal),8,217,0,0,19,0,3,0,0,0,0,0,23,0,5,4,0,17,0,0,0,9,80,90,6,176,80,176
5004612,ASAMBLEISTA POBLACION,32,Bolivia,5,Potosí,1,Tomás Frías,1,Potosí,1494,Potosí,31125,Instituto Nuevo Amanecer (Temporal),1,220,0,0,34,0,6,0,0,0,0,0,19,0,2,4,0,22,0,0,0,5,92,94,3,189,92,189
5004762,ASAMBLEISTA POBLACION,32,Bolivia,5,Potosí,1,Tomás Frías,1,Potosí,1494,Potosí,31122,Jardín de Infantes Niño Jesús (Temporal),1,220,0,0,31,0,6,0,0,0,0,0,12,0,2,7,4,43,0,0,0,6,111,68,10,189,111,189
5004782,ASAMBLEISTA POBLACION,32,Bolivia,5,Potosí,1,Tomás Frías,1,Potosí,1494,Potosí,31122,Jardín de Infantes Niño Jesús (Temporal),3,220,0,0,26,0,5,0,0,0,1,0,23,0,5,11,2,36,0,0,0,13,122,56,10,188,122,188
5004792,ASAMBLEISTA POBLACION,32,Bolivia,5,Potosí,1,Tomás Frías,1,Potosí,1494,Potosí,31122,Jardín de Infantes Niño Jesús (Temporal),4,189,0,0,24,0,9,0,0,0,2,0,16,0,2,12,1,26,0,0,0,12,104,51,10,165,104,165
5004882,ASAMBLEISTA POBLACION,32,Bolivia,5,Potosí,1,Tomás Frías,1,Potosí,1494,Potosí,50,Esc. Kenny Prieto Melgarejo,2,220,0,0,31,0,7,0,0,0,2,0,20,0,2,13,6,26,0,0,0,5,112,74,10,196,112,196
5004902,ASAMBLEISTA POBLACION,32,Bolivia,5,Potosí,1,Tomás Frías,1,Potosí,1494,Potosí,50,Esc. Kenny Prieto Melgarejo,4,220,0,0,24,0,2,0,0,0,0,0,20,0,3,13,1,27,0,0,0,13,103,80,7,190,103,190
5004912,ASAMBLEISTA POBLACION,32,Bolivia,5,Potosí,1,Tomás Frías,1,Potosí,1494,Potosí,50,Esc. Kenny Prieto Melgarejo,5,220,0,0,29,0,5,0,0,0,0,0,19,0,1,8,2,27,0,0,0,12,103,82,7,192,103,192
5004932,ASAMBLEISTA POBLACION,32,Bolivia,5,Potosí,1,Tomás Frías,1,Potosí,1494,Potosí,50,Esc. Kenny Prieto Melgarejo,7,220,0,0,28,0,8,0,0,0,1,0,33,0,1,6,2,22,0,0,0,9,110,78,8,196,110,196
5004942,ASAMBLEISTA POBLACION,32,Bolivia,5,Potosí,1,Tomás Frías,1,Potosí,1494,Potosí,50,Esc. Kenny Prieto Melgarejo,8,220,0,0,28,0,12,0,0,0,1,0,40,0,0,5,3,26,0,0,0,7,122,65,13,200,122,200
5004962,ASAMBLEISTA POBLACION,32,Bolivia,5,Potosí,1,Tomás Frías,1,Potosí,1494,Potosí,50,Esc. Kenny Prieto Melgarejo,10,220,0,0,22,0,9,0,0,0,1,0,20,0,4,12,2,46,0,0,0,13,129,60,10,199,129,199
5004972,ASAMBLEISTA POBLACION,32,Bolivia,5,Potosí,1,Tomás Frías,1,Potosí,1494,Potosí,50,Esc. Kenny Prieto Melgarejo,11,220,0,0,22,0,12,0,0,0,1,0,18,0,2,10,3,31,0,0,0,5,104,83,8,195,104,195
5005142,ASAMBLEISTA POBLACION,32,Bolivia,5,Potosí,1,Tomás Frías,1,Potosí,1494,Potosí,25031,Esc. Cobija,3,220,0,0,29,0,6,0,0,0,1,0,17,0,2,16,0,37,0,0,0,15,123,63,11,197,123,197
5005212,ASAMBLEISTA POBLACION,32,Bolivia,5,Potosí,1,Tomás Frías,1,Potosí,1494,Potosí,25031,Esc. Cobija,10,220,0,0,27,0,12,0,0,0,0,0,27,0,3,10,2,29,0,0,0,14,124,46,17,187,124,187
5005262,ASAMBLEISTA POBLACION,32,Bolivia,5,Potosí,1,Tomás Frías,1,Potosí,1494,Potosí,25031,Esc. Cobija,15,220,0,0,24,0,8,0,0,0,1,0,24,0,2,14,2,39,0,0,0,10,124,61,8,193,124,193
5005272,ASAMBLEISTA POBLACION,32,Bolivia,5,Potosí,1,Tomás Frías,1,Potosí,1494,Potosí,25031,Esc. Cobija,16,220,0,0,36,0,8,0,0,0,0,0,12,0,3,13,4,40,0,0,0,11,127,70,4,201,127,201
5005302,ASAMBLEISTA POBLACION,32,Bolivia,5,Potosí,1,Tomás Frías,1,Potosí,1494,Potosí,483,Mariscal Santa Cruz,2,220,0,0,34,0,13,0,0,0,1,0,15,0,2,10,2,32,0,0,0,10,119,68,9,196,119,196
5005322,ASAMBLEISTA POBLACION,32,Bolivia,5,Potosí,1,Tomás Frías,1,Potosí,1494,Potosí,483,Mariscal Santa Cruz,4,220,0,0,19,0,4,0,0,0,0,0,23,0,3,8,2,33,0,0,0,17,109,75,9,193,109,193
5005352,ASAMBLEISTA POBLACION,32,Bolivia,5,Potosí,1,Tomás Frías,1,Potosí,1494,Potosí,483,Mariscal Santa Cruz,7,220,0,0,32,0,4,0,0,0,0,0,24,0,1,4,2,28,0,0,0,13,108,78,10,196,108,196
5005432,ASAMBLEISTA POBLACION,32,Bolivia,5,Potosí,1,Tomás Frías,1,Potosí,1494,Potosí,31115,Kinder Mariscal Andrés de Santa Cruz (Temporal),1,220,0,0,25,0,9,0,0,0,0,0,22,0,1,10,0,28,0,0,0,5,100,82,10,192,100,192
5005442,ASAMBLEISTA POBLACION,32,Bolivia,5,Potosí,1,Tomás Frías,1,Potosí,1494,Potosí,31115,Kinder Mariscal Andrés de Santa Cruz (Temporal),2,220,0,0,30,0,8,0,0,0,0,0,20,0,2,7,2,27,0,0,0,13,109,73,11,193,109,193
5005452,ASAMBLEISTA POBLACION,32,Bolivia,5,Potosí,1,Tomás Frías,1,Potosí,1494,Potosí,31115,Kinder Mariscal Andrés de Santa Cruz (Temporal),3,201,0,0,24,0,5,0,0,0,0,0,13,0,0,8,2,39,0,0,0,9,100,69,9,178,100,178
5005722,ASAMBLEISTA POBLACION,32,Bolivia,5,Potosí,1,Tomás Frías,1,Potosí,1494,Potosí,29,Fe y Alegría y San Clemente,2,220,0,0,15,0,13,0,0,0,0,0,25,0,5,13,5,34,0,0,0,12,122,55,9,186,122,186
5005732,ASAMBLEISTA POBLACION,32,Bolivia,5,Potosí,1,Tomás Frías,1,Potosí,1494,Potosí,29,Fe y Alegría y San Clemente,3,220,0,0,20,0,8,0,0,0,4,0,15,0,7,12,0,40,0,0,0,18,124,63,13,200,124,200
5005762,ASAMBLEISTA POBLACION,32,Bolivia,5,Potosí,1,Tomás Frías,1,Potosí,1494,Potosí,29,Fe y Alegría y San Clemente,6,220,0,0,29,0,11,0,0,0,0,0,23,0,11,12,3,29,0,0,0,8,126,54,13,193,126,193
5005772,ASAMBLEISTA POBLACION,32,Bolivia,5,Potosí,1,Tomás Frías,1,Potosí,1494,Potosí,29,Fe y Alegría y San Clemente,7,220,0,0,23,0,9,0,0,0,0,0,24,0,13,15,1,31,0,0,0,14,130,54,6,190,130,190
5005802,ASAMBLEISTA POBLACION,32,Bolivia,5,Potosí,1,Tomás Frías,1,Potosí,1494,Potosí,29,Fe y Alegría y San Clemente,10,220,0,0,32,0,10,0,0,0,0,0,24,0,3,13,1,25,0,0,0,13,121,60,11,192,121,192
5005812,ASAMBLEISTA POBLACION,32,Bolivia,5,Potosí,1,Tomás Frías,1,Potosí,1494,Potosí,29,Fe y Alegría y San Clemente,11,220,0,0,31,0,5,0,0,0,1,0,19,0,4,13,4,38,0,0,0,10,125,63,12,200,125,200
5005912,ASAMBLEISTA POBLACION,32,Bolivia,5,Potosí,1,Tomás Frías,1,Potosí,1494,Potosí,25504,U.E. Elizardo Perez,1,220,2,0,30,0,5,0,0,0,0,0,24,0,4,6,3,28,0,0,0,8,110,54,20,184,110,184
5005962,ASAMBLEISTA POBLACION,32,Bolivia,5,Potosí,1,Tomás Frías,1,Potosí,1494,Potosí,25504,U.E. Elizardo Perez,6,220,0,0,24,0,2,0,0,0,0,0,15,0,6,14,5,35,0,0,0,13,114,50,16,180,114,180
5006202,ASAMBLEISTA POBLACION,32,Bolivia,5,Potosí,1,Tomás Frías,1,Potosí,1494,Potosí,31124,U. E. 21 de enero (Temporal),2,220,0,0,31,0,8,0,0,0,0,0,11,0,7,14,1,37,0,0,0,11,120,66,10,196,120,196
5006232,ASAMBLEISTA POBLACION,32,Bolivia,5,Potosí,1,Tomás Frías,1,Potosí,1494,Potosí,31124,U. E. 21 de enero (Temporal),5,220,0,0,33,0,9,0,0,0,1,0,16,0,9,14,2,31,0,0,0,10,125,60,9,194,125,194
5006432,ASAMBLEISTA POBLACION,32,Bolivia,5,Potosí,1,Tomás Frías,1,Potosí,1494,Potosí,25505,U.E. Jesus Valle,1,130,0,0,13,0,3,0,0,0,0,0,16,0,3,6,0,12,0,0,0,1,54,49,1,104,54,104
5006582,ASAMBLEISTA POBLACION,32,Bolivia,5,Potosí,1,Tomás Frías,1,Potosí,1494,Potosí,25036,(Cárcel) Penal de Cantumarca,3,21,0,0,3,0,0,0,0,0,0,0,3,0,5,0,0,0,0,0,0,0,11,5,2,18,11,18
5006822,ASAMBLEISTA POBLACION,32,Bolivia,5,Potosí,1,Tomás Frías,1,Potosí,1494,Potosí,31118,Kinder Juan Pablo II (Temporal),1,220,0,0,16,0,7,0,0,0,2,0,22,0,2,13,2,36,0,0,0,9,109,70,11,190,109,190
5006832,ASAMBLEISTA POBLACION,32,Bolivia,5,Potosí,1,Tomás Frías,1,Potosí,1494,Potosí,31118,Kinder Juan Pablo II (Temporal),2,220,0,0,24,0,4,0,0,0,0,0,23,0,3,11,3,30,0,0,0,11,109,78,11,198,109,198
5006842,ASAMBLEISTA POBLACION,32,Bolivia,5,Potosí,1,Tomás Frías,1,Potosí,1494,Potosí,31118,Kinder Juan Pablo II (Temporal),3,220,0,0,31,0,2,0,0,0,2,0,55,0,2,25,2,38,0,0,0,10,167,11,12,190,167,190
5006852,ASAMBLEISTA POBLACION,32,Bolivia,5,Potosí,1,Tomás Frías,1,Potosí,1494,Potosí,31118,Kinder Juan Pablo II (Temporal),4,155,0,0,22,0,4,0,0,0,0,0,20,0,9,9,0,14,0,0,0,3,81,50,5,136,81,136
5006872,ASAMBLEISTA POBLACION,32,Bolivia,5,Potosí,1,Tomás Frías,1,Potosí,1494,Potosí,31119,Polideportivo Villa Copacabana (Temporal),2,183,0,0,25,0,4,0,0,0,1,0,18,0,3,10,1,26,0,0,0,11,99,54,5,158,99,158
5006902,ASAMBLEISTA POBLACION,32,Bolivia,5,Potosí,1,Tomás Frías,1,Potosí,1494,Potosí,31120,Coliseo Bella Vista (Temporal),3,220,0,0,27,0,7,0,0,0,0,0,18,0,7,8,3,28,0,0,0,8,106,78,5,189,106,189
5006912,ASAMBLEISTA POBLACION,32,Bolivia,5,Potosí,1,Tomás Frías,1,Potosí,1494,Potosí,31120,Coliseo Bella Vista (Temporal),4,89,0,0,12,0,3,0,0,0,0,0,9,0,1,4,2,6,0,0,0,2,39,29,7,75,39,75
5007122,ASAMBLEISTA POBLACION,32,Bolivia,5,Potosí,1,Tomás Frías,1,Potosí,1494,Potosí,25638,U.E. Liceo de Señoritas Maria Gutierrez,1,220,0,0,24,0,3,0,0,0,0,0,29,0,0,1,1,27,0,0,0,9,94,71,25,190,94,190
5007132,ASAMBLEISTA POBLACION,32,Bolivia,5,Potosí,1,Tomás Frías,1,Potosí,1494,Potosí,25638,U.E. Liceo de Señoritas Maria Gutierrez,2,220,0,0,26,0,3,0,0,0,0,0,22,0,4,3,2,27,0,0,0,11,98,81,12,191,98,191
5007142,ASAMBLEISTA POBLACION,32,Bolivia,5,Potosí,1,Tomás Frías,1,Potosí,1494,Potosí,25638,U.E. Liceo de Señoritas Maria Gutierrez,3,220,0,0,21,0,1,0,0,0,0,0,28,0,3,7,1,21,0,0,0,6,88,87,3,178,88,178
5007152,ASAMBLEISTA POBLACION,32,Bolivia,5,Potosí,1,Tomás Frías,1,Potosí,1494,Potosí,25638,U.E. Liceo de Señoritas Maria Gutierrez,4,220,0,0,21,0,2,0,0,0,1,0,31,0,3,5,2,23,0,0,0,6,94,87,5,186,94,186
5007162,ASAMBLEISTA POBLACION,32,Bolivia,5,Potosí,1,Tomás Frías,1,Potosí,1494,Potosí,25638,U.E. Liceo de Señoritas Maria Gutierrez,5,220,0,0,25,0,1,0,0,0,0,0,41,0,3,8,2,21,0,0,0,8,109,81,7,197,109,197
5007172,ASAMBLEISTA POBLACION,32,Bolivia,5,Potosí,1,Tomás Frías,1,Potosí,1494,Potosí,25638,U.E. Liceo de Señoritas Maria Gutierrez,6,220,0,0,24,0,3,0,0,0,0,0,24,0,2,5,3,21,0,0,0,12,94,87,5,186,94,186
5007182,ASAMBLEISTA POBLACION,32,Bolivia,5,Potosí,1,Tomás Frías,1,Potosí,1494,Potosí,25638,U.E. Liceo de Señoritas Maria Gutierrez,7,57,0,0,6,0,3,0,0,0,0,0,6,0,0,3,0,8,0,0,0,1,27,14,2,43,27,43
5000496,ALCALDESA/ALCALDE,32,Bolivia,5,Potosí,1,Tomás Frías,1,Potosí,1494,Potosí,25047,U.E. Dr. Gonzalo Calderon Rios,1,220,0,0,68,0,1,0,3,0,0,0,29,32,21,0,1,3,0,0,2,4,164,4,22,190,164,190
5000516,ALCALDESA/ALCALDE,32,Bolivia,5,Potosí,1,Tomás Frías,1,Potosí,1494,Potosí,25047,U.E. Dr. Gonzalo Calderon Rios,3,220,0,0,48,0,1,0,2,0,0,0,36,44,27,0,1,1,0,0,4,5,169,4,21,194,169,194
5000786,ALCALDESA/ALCALDE,32,Bolivia,5,Potosí,1,Tomás Frías,1,Potosí,1494,Potosí,31103,"U. E. Elizardo Perez, Villa Victoria (Temporal)",14,220,0,0,64,0,2,0,9,0,0,0,22,36,9,0,5,0,0,0,4,3,154,8,23,185,154,185
5000936,ALCALDESA/ALCALDE,32,Bolivia,5,Potosí,1,Tomás Frías,1,Potosí,1494,Potosí,25037,Esc. Jose Maria Linares,11,220,0,0,50,0,1,0,6,0,0,0,10,68,12,0,12,3,0,0,1,2,165,2,20,187,165,187
5000946,ALCALDESA/ALCALDE,32,Bolivia,5,Potosí,1,Tomás Frías,1,Potosí,1494,Potosí,25037,Esc. Jose Maria Linares,12,35,0,0,6,0,0,0,0,0,0,0,2,13,2,0,0,0,0,0,0,0,23,0,6,29,23,29
5001016,ALCALDESA/ALCALDE,32,Bolivia,5,Potosí,1,Tomás Frías,1,Potosí,1494,Potosí,25052,U.E. 1º de Mayo San Idelfonso,1,35,0,0,11,0,0,0,2,0,0,0,6,3,2,0,3,1,0,0,2,1,31,2,1,34,31,34
5001026,ALCALDESA/ALCALDE,32,Bolivia,5,Potosí,1,Tomás Frías,1,Potosí,1494,Potosí,15,Esc. Benicio Montero Mallo,1,220,0,0,47,0,3,0,16,0,0,0,12,45,9,0,14,2,0,0,0,9,157,5,21,183,157,183
5001036,ALCALDESA/ALCALDE,32,Bolivia,5,Potosí,1,Tomás Frías,1,Potosí,1494,Potosí,15,Esc. Benicio Montero Mallo,2,220,0,0,28,0,1,0,8,0,0,0,16,77,8,0,21,2,0,0,1,6,168,2,26,196,168,196
5001076,ALCALDESA/ALCALDE,32,Bolivia,5,Potosí,1,Tomás Frías,1,Potosí,1494,Potosí,15,Esc. Benicio Montero Mallo,6,220,0,0,36,0,1,0,1,0,0,0,15,90,10,0,11,1,0,0,1,6,172,5,22,199,172,199
5001506,ALCALDESA/ALCALDE,32,Bolivia,5,Potosí,1,Tomás Frías,1,Potosí,1494,Potosí,31112,Inicial Luis Subieta Sagárnaga (Temporal),2,220,0,0,45,0,3,0,15,0,0,0,15,61,11,0,8,2,0,0,1,10,171,6,16,193,171,193
5001896,ALCALDESA/ALCALDE,32,Bolivia,5,Potosí,1,Tomás Frías,1,Potosí,1494,Potosí,18,Esc. Jose A.Zampa,2,220,0,0,63,0,1,0,3,0,0,0,7,63,12,1,3,1,0,0,1,4,159,5,21,185,159,185
5002006,ALCALDESA/ALCALDE,32,Bolivia,5,Potosí,1,Tomás Frías,1,Potosí,1494,Potosí,19,Coleg. Cristo Maestro,5,220,0,0,42,0,0,0,0,0,0,0,21,55,2,0,10,0,0,0,1,12,143,4,24,171,143,171
5002016,ALCALDESA/ALCALDE,32,Bolivia,5,Potosí,1,Tomás Frías,1,Potosí,1494,Potosí,19,Coleg. Cristo Maestro,6,220,0,0,43,0,3,0,2,0,0,0,11,64,20,0,14,0,0,0,2,8,167,1,18,186,167,186
5002336,ALCALDESA/ALCALDE,32,Bolivia,5,Potosí,1,Tomás Frías,1,Potosí,1494,Potosí,10,Coleg. Bancario,1,220,0,0,27,0,1,0,5,0,0,0,9,71,12,0,14,3,0,0,1,19,162,1,30,193,162,193
5002366,ALCALDESA/ALCALDE,32,Bolivia,5,Potosí,1,Tomás Frías,1,Potosí,1494,Potosí,10,Coleg. Bancario,4,220,0,0,28,0,5,0,3,0,0,0,10,68,12,0,22,3,0,0,2,8,161,2,31,194,161,194
5002386,ALCALDESA/ALCALDE,32,Bolivia,5,Potosí,1,Tomás Frías,1,Potosí,1494,Potosí,27,Coleg. Don Bosco,1,220,0,0,36,0,3,0,2,0,0,0,7,66,13,0,23,0,0,0,0,7,157,2,31,190,157,190
5002406,ALCALDESA/ALCALDE,32,Bolivia,5,Potosí,1,Tomás Frías,1,Potosí,1494,Potosí,27,Coleg. Don Bosco,3,220,0,0,40,0,1,0,3,0,0,0,9,80,8,0,16,1,0,0,0,10,168,0,22,190,168,190
5002416,ALCALDESA/ALCALDE,32,Bolivia,5,Potosí,1,Tomás Frías,1,Potosí,1494,Potosí,27,Coleg. Don Bosco,4,220,0,0,28,0,1,0,0,0,0,0,10,69,8,0,29,1,0,0,1,8,155,0,28,183,155,183
5002426,ALCALDESA/ALCALDE,32,Bolivia,5,Potosí,1,Tomás Frías,1,Potosí,1494,Potosí,27,Coleg. Don Bosco,5,235,0,0,49,0,0,0,5,0,0,0,13,55,16,0,18,0,0,0,0,15,171,3,42,216,171,216
5002466,ALCALDESA/ALCALDE,32,Bolivia,5,Potosí,1,Tomás Frías,1,Potosí,1494,Potosí,572,Esc. Salvador Revilla,2,220,0,0,44,0,6,0,6,0,0,0,17,62,12,0,14,2,0,0,0,10,173,3,30,206,173,206
5002656,ALCALDESA/ALCALDE,32,Bolivia,5,Potosí,1,Tomás Frías,1,Potosí,1494,Potosí,7,Esc. Antonio Quijarro,2,220,0,0,39,0,0,0,1,0,0,0,10,81,7,0,18,1,0,0,0,6,163,4,26,193,163,193
5002666,ALCALDESA/ALCALDE,32,Bolivia,5,Potosí,1,Tomás Frías,1,Potosí,1494,Potosí,7,Esc. Antonio Quijarro,3,115,0,0,28,0,0,0,1,0,0,0,3,36,4,0,13,0,0,0,0,7,92,0,9,101,92,101
5003076,ALCALDESA/ALCALDE,32,Bolivia,5,Potosí,1,Tomás Frías,1,Potosí,1494,Potosí,11,Esc. San Jose,5,215,0,0,50,0,4,0,4,0,0,0,9,88,7,0,6,0,0,0,1,7,176,1,11,188,176,188
5003326,ALCALDESA/ALCALDE,32,Bolivia,5,Potosí,1,Tomás Frías,1,Potosí,1494,Potosí,25039,Col. Aniceto Arce,3,220,0,0,43,0,2,0,7,0,0,0,11,53,21,0,9,0,0,0,1,10,157,3,28,188,157,188
5003336,ALCALDESA/ALCALDE,32,Bolivia,5,Potosí,1,Tomás Frías,1,Potosí,1494,Potosí,25039,Col. Aniceto Arce,4,220,0,0,42,0,3,0,2,0,0,0,17,61,16,0,9,0,0,0,2,13,165,1,22,188,165,188
5003386,ALCALDESA/ALCALDE,32,Bolivia,5,Potosí,1,Tomás Frías,1,Potosí,1494,Potosí,31108,"U. E. 31 de Octubre """"A"""" Nivel Inicial (Temporal)",4,115,0,0,27,0,1,0,1,0,0,0,7,36,4,0,3,0,0,0,0,1,80,1,14,95,80,95
5003796,ALCALDESA/ALCALDE,32,Bolivia,5,Potosí,1,Tomás Frías,1,Potosí,1494,Potosí,13,Esc. Copacabana,2,220,0,0,42,0,3,0,4,0,0,0,14,79,4,0,11,1,0,0,0,8,166,3,20,189,166,189
5003816,ALCALDESA/ALCALDE,32,Bolivia,5,Potosí,1,Tomás Frías,1,Potosí,1494,Potosí,13,Esc. Copacabana,4,220,0,0,51,0,2,0,3,0,0,0,18,90,5,0,5,1,0,0,1,4,180,2,19,201,180,201
5004036,ALCALDESA/ALCALDE,32,Bolivia,5,Potosí,1,Tomás Frías,1,Potosí,1494,Potosí,589,Instituto San Juan,1,220,0,0,59,0,0,0,2,0,0,0,5,82,9,0,6,3,0,0,3,3,172,4,18,194,172,194
5004046,ALCALDESA/ALCALDE,32,Bolivia,5,Potosí,1,Tomás Frías,1,Potosí,1494,Potosí,589,Instituto San Juan,2,220,0,0,50,0,0,0,5,0,0,0,10,95,16,0,2,0,0,0,2,1,181,3,13,197,181,197
5004306,ALCALDESA/ALCALDE,32,Bolivia,5,Potosí,1,Tomás Frías,1,Potosí,1494,Potosí,25044,U.E. Humberto Iporre Salinas,1,220,0,0,52,0,3,0,3,0,0,0,33,41,10,0,0,4,0,0,1,6,153,17,23,193,153,193
5004336,ALCALDESA/ALCALDE,32,Bolivia,5,Potosí,1,Tomás Frías,1,Potosí,1494,Potosí,25044,U.E. Humberto Iporre Salinas,4,220,0,0,56,0,2,0,5,0,0,0,34,23,17,0,3,1,0,0,3,5,149,13,30,192,149,192
5004346,ALCALDESA/ALCALDE,32,Bolivia,5,Potosí,1,Tomás Frías,1,Potosí,1494,Potosí,25044,U.E. Humberto Iporre Salinas,5,220,0,0,52,0,0,0,2,0,0,0,45,40,9,0,4,1,0,0,2,5,160,6,26,192,160,192
5004406,ALCALDESA/ALCALDE,32,Bolivia,5,Potosí,1,Tomás Frías,1,Potosí,1494,Potosí,31126,Centro Tecnológico Boliviano del Litio (Temporal),2,220,0,0,71,0,0,0,2,0,0,0,32,35,15,0,1,0,0,0,2,4,162,13,18,193,162,193
5004416,ALCALDESA/ALCALDE,32,Bolivia,5,Potosí,1,Tomás Frías,1,Potosí,1494,Potosí,31126,Centro Tecnológico Boliviano del Litio (Temporal),3,220,0,0,78,0,0,0,3,0,0,0,24,40,9,0,1,0,0,0,1,5,161,13,19,193,161,193
5004446,ALCALDESA/ALCALDE,32,Bolivia,5,Potosí,1,Tomás Frías,1,Potosí,1494,Potosí,31126,Centro Tecnológico Boliviano del Litio (Temporal),6,220,0,0,71,0,0,0,5,0,0,0,32,40,11,0,1,1,0,0,1,7,169,10,15,194,169,194
5004796,ALCALDESA/ALCALDE,32,Bolivia,5,Potosí,1,Tomás Frías,1,Potosí,1494,Potosí,31122,Jardín de Infantes Niño Jesús (Temporal),4,189,0,0,52,0,0,0,1,0,0,0,11,60,13,0,6,0,0,0,0,6,149,2,14,165,149,165
5005326,ALCALDESA/ALCALDE,32,Bolivia,5,Potosí,1,Tomás Frías,1,Potosí,1494,Potosí,483,Mariscal Santa Cruz,4,220,0,0,52,0,2,0,3,0,0,0,21,75,6,0,3,2,0,0,2,4,170,1,22,193,170,193
5005346,ALCALDESA/ALCALDE,32,Bolivia,5,Potosí,1,Tomás Frías,1,Potosí,1494,Potosí,483,Mariscal Santa Cruz,6,220,0,0,61,0,1,0,2,0,0,0,24,56,11,0,2,0,0,0,7,5,169,1,22,192,169,192
5005446,ALCALDESA/ALCALDE,32,Bolivia,5,Potosí,1,Tomás Frías,1,Potosí,1494,Potosí,31115,Kinder Mariscal Andrés de Santa Cruz (Temporal),2,220,0,0,63,0,1,0,2,0,0,0,15,68,8,0,3,2,0,0,0,4,166,3,24,193,166,193
5005456,ALCALDESA/ALCALDE,32,Bolivia,5,Potosí,1,Tomás Frías,1,Potosí,1494,Potosí,31115,Kinder Mariscal Andrés de Santa Cruz (Temporal),3,201,0,0,50,0,0,0,1,0,0,0,8,80,5,0,1,4,0,0,1,8,158,5,15,178,158,178
5005726,ALCALDESA/ALCALDE,32,Bolivia,5,Potosí,1,Tomás Frías,1,Potosí,1494,Potosí,29,Fe y Alegría y San Clemente,2,220,0,0,43,0,6,0,4,0,0,0,25,62,9,0,11,1,0,0,1,7,169,3,14,186,169,186
5005806,ALCALDESA/ALCALDE,32,Bolivia,5,Potosí,1,Tomás Frías,1,Potosí,1494,Potosí,29,Fe y Alegría y San Clemente,10,220,0,0,65,0,1,0,2,0,0,0,13,70,11,0,9,1,0,0,0,3,175,0,17,192,175,192
5005816,ALCALDESA/ALCALDE,32,Bolivia,5,Potosí,1,Tomás Frías,1,Potosí,1494,Potosí,29,Fe y Alegría y San Clemente,11,220,0,0,35,0,8,0,2,0,0,0,15,47,7,0,11,4,0,0,0,9,138,37,25,200,138,200
5005866,ALCALDESA/ALCALDE,32,Bolivia,5,Potosí,1,Tomás Frías,1,Potosí,1494,Potosí,29,Fe y Alegría y San Clemente,16,57,0,0,13,0,2,0,1,0,0,0,3,16,5,0,4,1,0,0,0,3,48,0,5,53,48,53
5005966,ALCALDESA/ALCALDE,32,Bolivia,5,Potosí,1,Tomás Frías,1,Potosí,1494,Potosí,25504,U.E. Elizardo Perez,6,220,0,0,48,0,2,0,2,0,0,0,10,67,13,0,13,2,0,0,2,5,164,0,16,180,164,180
5006236,ALCALDESA/ALCALDE,32,Bolivia,5,Potosí,1,Tomás Frías,1,Potosí,1494,Potosí,31124,U. E. 21 de enero (Temporal),5,220,0,0,55,0,2,0,4,0,0,0,12,74,10,0,9,2,0,0,1,5,174,2,18,194,174,194
5006586,ALCALDESA/ALCALDE,32,Bolivia,5,Potosí,1,Tomás Frías,1,Potosí,1494,Potosí,25036,(Cárcel) Penal de Cantumarca,3,21,0,0,13,0,0,0,0,0,0,0,2,0,0,0,0,0,0,0,0,0,15,1,2,18,15,18
5006916,ALCALDESA/ALCALDE,32,Bolivia,5,Potosí,1,Tomás Frías,1,Potosí,1494,Potosí,31120,Coliseo Bella Vista (Temporal),4,89,0,0,19,0,0,0,1,0,0,0,12,18,6,0,1,0,0,0,3,2,62,2,11,75,62,75
5007126,ALCALDESA/ALCALDE,32,Bolivia,5,Potosí,1,Tomás Frías,1,Potosí,1494,Potosí,25638,U.E. Liceo de Señoritas Maria Gutierrez,1,220,0,0,54,0,3,0,2,0,0,0,35,53,8,0,3,2,0,0,0,3,163,8,19,190,163,190
5007156,ALCALDESA/ALCALDE,32,Bolivia,5,Potosí,1,Tomás Frías,1,Potosí,1494,Potosí,25638,U.E. Liceo de Señoritas Maria Gutierrez,4,220,0,0,57,0,0,0,4,0,0,0,34,45,14,0,3,2,0,0,4,4,167,1,18,186,167,186
5007166,ALCALDESA/ALCALDE,32,Bolivia,5,Potosí,1,Tomás Frías,1,Potosí,1494,Potosí,25638,U.E. Liceo de Señoritas Maria Gutierrez,5,220,0,0,62,0,2,0,0,0,0,0,48,37,14,0,3,0,0,0,1,7,174,7,16,197,174,197
5007176,ALCALDESA/ALCALDE,32,Bolivia,5,Potosí,1,Tomás Frías,1,Potosí,1494,Potosí,25638,U.E. Liceo de Señoritas Maria Gutierrez,6,220,0,0,62,0,3,0,0,0,0,0,29,48,13,0,6,2,0,0,2,5,170,6,10,186,170,186
5007186,ALCALDESA/ALCALDE,32,Bolivia,5,Potosí,1,Tomás Frías,1,Potosí,1494,Potosí,25638,U.E. Liceo de Señoritas Maria Gutierrez,7,57,0,0,11,0,0,0,1,0,0,0,9,11,5,0,1,1,0,0,0,1,40,0,3,43,40,43
5000496,CONCEJALES,32,Bolivia,5,Potosí,1,Tomás Frías,1,Potosí,1494,Potosí,25047,U.E. Dr. Gonzalo Calderon Rios,1,220,0,0,51,0,5,0,1,0,0,0,23,16,13,2,3,2,0,0,2,4,122,56,12,190,122,190
5000516,CONCEJALES,32,Bolivia,5,Potosí,1,Tomás Frías,1,Potosí,1494,Potosí,25047,U.E. Dr. Gonzalo Calderon Rios,3,220,0,0,35,0,1,0,0,0,0,0,32,28,16,2,0,0,0,0,2,4,120,63,11,194,120,194
5000786,CONCEJALES,32,Bolivia,5,Potosí,1,Tomás Frías,1,Potosí,1494,Potosí,31103,"U. E. Elizardo Perez, Villa Victoria (Temporal)",14,220,0,0,40,0,2,0,2,0,0,0,21,25,7,5,3,0,0,0,3,2,110,67,8,185,110,185
5000936,CONCEJALES,32,Bolivia,5,Potosí,1,Tomás Frías,1,Potosí,1494,Potosí,25037,Esc. Jose Maria Linares,11,220,0,0,28,0,8,0,4,0,0,0,13,38,6,3,10,5,0,0,0,6,121,45,21,187,121,187
5000946,CONCEJALES,32,Bolivia,5,Potosí,1,Tomás Frías,1,Potosí,1494,Potosí,25037,Esc. Jose Maria Linares,12,35,0,0,6,0,0,0,0,0,0,0,2,8,1,0,0,0,0,0,0,0,17,10,2,29,17,29
5001016,CONCEJALES,32,Bolivia,5,Potosí,1,Tomás Frías,1,Potosí,1494,Potosí,25052,U.E. 1º de Mayo San Idelfonso,1,35,0,0,7,0,1,0,0,0,0,0,5,0,2,0,2,1,0,0,1,0,19,13,2,34,19,34
5001026,CONCEJALES,32,Bolivia,5,Potosí,1,Tomás Frías,1,Potosí,1494,Potosí,15,Esc. Benicio Montero Mallo,1,220,0,0,31,0,4,0,7,0,0,0,13,32,4,5,12,1,0,0,1,11,121,54,8,183,121,183
5001036,CONCEJALES,32,Bolivia,5,Potosí,1,Tomás Frías,1,Potosí,1494,Potosí,15,Esc. Benicio Montero Mallo,2,220,0,0,24,0,7,0,7,0,0,0,17,37,8,4,16,0,0,0,0,8,128,44,24,196,128,196
5001076,CONCEJALES,32,Bolivia,5,Potosí,1,Tomás Frías,1,Potosí,1494,Potosí,15,Esc. Benicio Montero Mallo,6,220,7,0,32,0,5,0,2,0,4,0,13,43,10,4,6,3,0,0,1,7,137,50,12,199,137,199
5001506,CONCEJALES,32,Bolivia,5,Potosí,1,Tomás Frías,1,Potosí,1494,Potosí,31112,Inicial Luis Subieta Sagárnaga (Temporal),2,220,0,0,30,0,4,0,9,0,0,0,15,30,8,3,8,3,0,0,0,8,118,66,9,193,118,193
5001896,CONCEJALES,32,Bolivia,5,Potosí,1,Tomás Frías,1,Potosí,1494,Potosí,18,Esc. Jose A.Zampa,2,220,0,0,36,0,2,0,1,0,1,0,10,36,6,3,2,3,0,0,0,7,107,64,14,185,107,185
5002006,CONCEJALES,32,Bolivia,5,Potosí,1,Tomás Frías,1,Potosí,1494,Potosí,19,Coleg. Cristo Maestro,5,220,0,0,29,0,7,0,0,0,1,0,18,44,5,3,7,0,0,0,1,6,121,29,21,171,121,171
5002016,CONCEJALES,32,Bolivia,5,Potosí,1,Tomás Frías,1,Potosí,1494,Potosí,19,Coleg. Cristo Maestro,6,220,0,0,27,0,5,0,3,0,0,0,10,42,15,3,11,0,0,0,3,10,129,46,11,186,129,186
5002336,CONCEJALES,32,Bolivia,5,Potosí,1,Tomás Frías,1,Potosí,1494,Potosí,10,Coleg. Bancario,1,220,0,0,21,0,8,0,4,0,1,0,9,43,8,1,16,3,0,0,0,18,132,43,18,193,132,193
5002366,CONCEJALES,32,Bolivia,5,Potosí,1,Tomás Frías,1,Potosí,1494,Potosí,10,Coleg. Bancario,4,220,0,0,21,0,16,0,5,0,1,0,11,33,11,5,14,3,0,0,2,13,135,30,29,194,135,194
5002386,CONCEJALES,32,Bolivia,5,Potosí,1,Tomás Frías,1,Potosí,1494,Potosí,27,Coleg. Don Bosco,1,220,0,0,29,0,9,0,1,0,0,0,6,38,10,5,14,1,0,0,1,13,127,39,24,190,127,190
5002406,CONCEJALES,32,Bolivia,5,Potosí,1,Tomás Frías,1,Potosí,1494,Potosí,27,Coleg. Don Bosco,3,220,0,0,29,0,7,0,3,0,0,0,9,59,6,3,7,1,0,0,0,16,140,32,18,190,140,190
5002416,CONCEJALES,32,Bolivia,5,Potosí,1,Tomás Frías,1,Potosí,1494,Potosí,27,Coleg. Don Bosco,4,220,0,0,22,0,7,0,2,0,0,0,10,43,5,4,22,4,0,0,1,17,137,29,17,183,137,183
5002426,CONCEJALES,32,Bolivia,5,Potosí,1,Tomás Frías,1,Potosí,1494,Potosí,27,Coleg. Don Bosco,5,235,0,0,29,0,6,0,0,0,0,0,14,28,13,1,14,1,0,0,0,18,124,48,44,216,124,216
5002466,CONCEJALES,32,Bolivia,5,Potosí,1,Tomás Frías,1,Potosí,1494,Potosí,572,Esc. Salvador Revilla,2,220,0,0,36,0,8,0,4,0,0,0,17,40,7,3,9,3,0,0,1,10,138,42,26,206,138,206
5002656,CONCEJALES,32,Bolivia,5,Potosí,1,Tomás Frías,1,Potosí,1494,Potosí,7,Esc. Antonio Quijarro,2,220,0,0,24,0,12,0,1,0,3,0,15,49,7,8,11,1,0,0,0,14,145,31,17,193,145,193
5002666,CONCEJALES,32,Bolivia,5,Potosí,1,Tomás Frías,1,Potosí,1494,Potosí,7,Esc. Antonio Quijarro,3,115,0,0,20,0,5,0,1,0,0,0,2,24,8,1,13,0,0,0,0,8,82,12,7,101,82,101
5003076,CONCEJALES,32,Bolivia,5,Potosí,1,Tomás Frías,1,Potosí,1494,Potosí,11,Esc. San Jose,5,215,0,0,33,0,14,0,2,0,0,0,12,55,5,9,4,1,0,0,1,8,144,37,7,188,144,188
5003326,CONCEJALES,32,Bolivia,5,Potosí,1,Tomás Frías,1,Potosí,1494,Potosí,25039,Col. Aniceto Arce,3,220,0,0,27,0,6,0,6,0,0,0,10,32,13,5,12,1,0,0,1,15,128,45,15,188,128,188
5003336,CONCEJALES,32,Bolivia,5,Potosí,1,Tomás Frías,1,Potosí,1494,Potosí,25039,Col. Aniceto Arce,4,220,0,0,26,0,11,0,3,0,0,0,18,38,14,8,3,1,0,0,2,12,136,33,19,188,136,188
5003386,CONCEJALES,32,Bolivia,5,Potosí,1,Tomás Frías,1,Potosí,1494,Potosí,31108,"U. E. 31 de Octubre """"A"""" Nivel Inicial (Temporal)",4,115,0,0,23,0,3,0,1,0,0,0,9,26,3,2,0,1,0,0,0,3,71,10,14,95,71,95
5003796,CONCEJALES,32,Bolivia,5,Potosí,1,Tomás Frías,1,Potosí,1494,Potosí,13,Esc. Copacabana,2,220,0,0,33,0,2,0,5,0,1,0,10,56,2,8,7,3,0,0,2,6,135,37,17,189,135,189
5003816,CONCEJALES,32,Bolivia,5,Potosí,1,Tomás Frías,1,Potosí,1494,Potosí,13,Esc. Copacabana,4,220,0,0,32,0,6,0,2,0,0,0,21,57,5,6,5,2,0,0,3,4,143,38,20,201,143,201
5004036,CONCEJALES,32,Bolivia,5,Potosí,1,Tomás Frías,1,Potosí,1494,Potosí,589,Instituto San Juan,1,220,0,0,43,0,6,0,2,0,0,0,7,47,5,6,6,6,0,0,2,3,133,49,12,194,133,194
5004046,CONCEJALES,32,Bolivia,5,Potosí,1,Tomás Frías,1,Potosí,1494,Potosí,589,Instituto San Juan,2,220,0,0,33,0,6,0,2,0,0,0,11,63,11,5,2,0,0,0,1,6,140,48,9,197,140,197
5004306,CONCEJALES,32,Bolivia,5,Potosí,1,Tomás Frías,1,Potosí,1494,Potosí,25044,U.E. Humberto Iporre Salinas,1,220,0,0,33,0,6,0,4,0,1,0,26,24,7,3,0,2,0,0,1,6,113,69,11,193,113,193
5004336,CONCEJALES,32,Bolivia,5,Potosí,1,Tomás Frías,1,Potosí,1494,Potosí,25044,U.E. Humberto Iporre Salinas,4,220,0,0,38,0,1,0,3,0,0,0,27,13,5,3,1,1,0,0,0,4,96,87,9,192,96,192
5004346,CONCEJALES,32,Bolivia,5,Potosí,1,Tomás Frías,1,Potosí,1494,Potosí,25044,U.E. Humberto Iporre Salinas,5,220,0,0,33,0,1,0,2,0,0,0,44,24,5,2,2,2,0,0,1,4,120,64,8,192,120,192
5004406,CONCEJALES,32,Bolivia,5,Potosí,1,Tomás Frías,1,Potosí,1494,Potosí,31126,Centro Tecnológico Boliviano del Litio (Temporal),2,220,0,0,45,0,3,0,0,0,0,0,20,21,8,0,1,0,0,0,0,4,102,85,6,193,102,193
5004416,CONCEJALES,32,Bolivia,5,Potosí,1,Tomás Frías,1,Potosí,1494,Potosí,31126,Centro Tecnológico Boliviano del Litio (Temporal),3,220,0,0,44,0,0,0,2,0,0,0,20,29,4,2,3,2,0,0,0,3,109,75,9,193,109,193
5004446,CONCEJALES,32,Bolivia,5,Potosí,1,Tomás Frías,1,Potosí,1494,Potosí,31126,Centro Tecnológico Boliviano del Litio (Temporal),6,220,0,0,48,0,2,0,2,0,0,0,20,21,5,1,1,0,0,0,0,4,104,80,9,193,104,193
5004796,CONCEJALES,32,Bolivia,5,Potosí,1,Tomás Frías,1,Potosí,1494,Potosí,31122,Jardín de Infantes Niño Jesús (Temporal),4,189,0,0,35,0,4,0,0,0,0,0,8,37,6,5,9,3,0,0,1,8,116,38,11,165,116,165
5005326,CONCEJALES,32,Bolivia,5,Potosí,1,Tomás Frías,1,Potosí,1494,Potosí,483,Mariscal Santa Cruz,4,220,0,0,34,0,2,0,3,0,0,0,18,41,3,2,6,1,0,0,4,11,125,53,15,193,125,193
5005346,CONCEJALES,32,Bolivia,5,Potosí,1,Tomás Frías,1,Potosí,1494,Potosí,483,Mariscal Santa Cruz,6,220,0,0,40,0,4,0,0,0,0,0,16,31,6,5,5,0,0,0,4,7,118,54,20,192,118,192
5005446,CONCEJALES,32,Bolivia,5,Potosí,1,Tomás Frías,1,Potosí,1494,Potosí,31115,Kinder Mariscal Andrés de Santa Cruz (Temporal),2,220,0,0,38,0,4,0,3,0,0,0,16,42,3,4,2,1,0,0,3,6,122,57,14,193,122,193
5005456,CONCEJALES,32,Bolivia,5,Potosí,1,Tomás Frías,1,Potosí,1494,Potosí,31115,Kinder Mariscal Andrés de Santa Cruz (Temporal),3,201,0,0,32,0,0,0,0,0,0,0,8,52,6,3,3,4,0,0,1,7,116,52,10,178,116,178
5005726,CONCEJALES,32,Bolivia,5,Potosí,1,Tomás Frías,1,Potosí,1494,Potosí,29,Fe y Alegría y San Clemente,2,220,0,0,30,0,13,0,2,0,0,0,22,36,7,3,9,1,0,0,1,6,130,41,15,186,130,186
5005806,CONCEJALES,32,Bolivia,5,Potosí,1,Tomás Frías,1,Potosí,1494,Potosí,29,Fe y Alegría y San Clemente,10,220,0,0,49,0,1,0,5,0,0,0,16,40,6,4,7,2,0,0,0,4,134,45,13,192,134,192
5005816,CONCEJALES,32,Bolivia,5,Potosí,1,Tomás Frías,1,Potosí,1494,Potosí,29,Fe y Alegría y San Clemente,11,220,0,0,53,0,2,0,3,0,0,0,18,64,11,3,12,2,0,0,1,6,175,0,25,200,175,200
5005866,CONCEJALES,32,Bolivia,5,Potosí,1,Tomás Frías,1,Potosí,1494,Potosí,29,Fe y Alegría y San Clemente,16,57,0,0,11,0,5,0,1,0,0,0,4,7,3,2,4,0,0,0,0,3,40,8,5,53,40,53
5005966,CONCEJALES,32,Bolivia,5,Potosí,1,Tomás Frías,1,Potosí,1494,Potosí,25504,U.E. Elizardo Perez,6,220,0,0,31,0,3,0,1,0,1,0,10,46,10,1,9,3,0,0,1,5,121,42,17,180,121,180
5006236,CONCEJALES,32,Bolivia,5,Potosí,1,Tomás Frías,1,Potosí,1494,Potosí,31124,U. E. 21 de enero (Temporal),5,220,0,0,36,0,5,0,5,0,0,0,10,44,12,1,9,1,0,0,2,8,133,44,17,194,133,194
5006586,CONCEJALES,32,Bolivia,5,Potosí,1,Tomás Frías,1,Potosí,1494,Potosí,25036,(Cárcel) Penal de Cantumarca,3,21,0,0,5,0,0,0,0,0,0,0,3,0,0,4,0,0,0,0,0,0,12,3,3,18,12,18
5006916,CONCEJALES,32,Bolivia,5,Potosí,1,Tomás Frías,1,Potosí,1494,Potosí,31120,Coliseo Bella Vista (Temporal),4,89,0,0,14,0,2,0,1,0,0,0,7,15,5,0,1,0,0,0,4,1,50,19,6,75,50,75
5007126,CONCEJALES,32,Bolivia,5,Potosí,1,Tomás Frías,1,Potosí,1494,Potosí,25638,U.E. Liceo de Señoritas Maria Gutierrez,1,220,0,0,34,0,1,0,2,0,0,0,29,29,4,0,3,2,0,0,0,5,109,71,10,190,109,190
5007156,CONCEJALES,32,Bolivia,5,Potosí,1,Tomás Frías,1,Potosí,1494,Potosí,25638,U.E. Liceo de Señoritas Maria Gutierrez,4,220,0,0,32,0,2,0,2,0,1,0,32,23,12,1,3,2,0,0,3,8,121,60,5,186,121,186
5007166,CONCEJALES,32,Bolivia,5,Potosí,1,Tomás Frías,1,Potosí,1494,Potosí,25638,U.E. Liceo de Señoritas Maria Gutierrez,5,220,0,0,36,0,2,0,2,0,0,0,43,27,10,4,0,0,0,0,1,8,133,57,7,197,133,197
5007176,CONCEJALES,32,Bolivia,5,Potosí,1,Tomás Frías,1,Potosí,1494,Potosí,25638,U.E. Liceo de Señoritas Maria Gutierrez,6,220,0,0,39,0,3,0,1,0,0,0,26,26,8,2,5,1,0,0,0,4,115,65,6,186,115,186
5007186,CONCEJALES,32,Bolivia,5,Potosí,1,Tomás Frías,1,Potosí,1494,Potosí,25638,U.E. Liceo de Señoritas Maria Gutierrez,7,57,0,0,9,0,0,0,0,0,0,0,8,5,4,2,0,1,0,0,0,2,31,9,3,43,31,43
